# x	y	plane	key	name - OSRS live cache 2026-09-30, OpenRS2 cache 2727
# Mapped native world-map sprites to Better Map icon keys; native icon placements extracted from live cache.
3395	2138	0	salvaging	Large Salvage (lvl 53)
2460	2144	0	salvaging	Large Salvage (lvl 53)
1889	2150	0	salvaging	Merchant Salvage (lvl 87)
2543	2184	0	rare_trees	Yew trees
2562	2191	0	rare_trees	Teak trees
2572	2195	0	hunter_training	Goats
2579	2199	0	rare_trees	Teak trees
2563	2203	0	dungeon_link	Dungeon with map link
2530	2206	0	dungeon_link	Dungeon with map link
2552	2208	0	agility_short-cut	Agility short-cut
1748	2209	0	salvaging	Mercenary Salvage (lvl 73)
2141	2212	0	salvaging	Mercenary Salvage (lvl 73)
2541	2213	0	dungeon_link	Dungeon with map link
3355	2216	0	mooring_point	Mooring point - The Little Pearl
2575	2219	0	fishing_spot	Lobster & Swordfish
2565	2220	0	agility_short-cut	Agility short-cut
2598	2220	0	cooking_range	Cooking range
2978	2224	0	fishing_spot	Fishing spot
2614	2237	0	mining_site	Mining site
2598	2239	0	mining_site	Sunstone & Iron
2576	2240	0	spinning_wheel	Spinning wheel
2572	2242	0	clothes_shop	Where Wyrmscraig's Wear Wares Were
2576	2243	0	cooking_range	Cooking range
2563	2245	0	cooking_range	Cooking range
2571	2248	0	water_source	Water source
2613	2249	0	agility_short-cut	Agility short-cut
2566	2252	0	dairy_churn	Dairy churn
2564	2253	0	cooking_range	Cooking range
2575	2253	0	quest_start	Fallen From Grace
2979	2254	0	mining_site	Mining site
2566	2255	0	general_store	Supplies's Supplies
2580	2262	0	anvil	Anvil
2578	2264	0	furnace	Furnace
2577	2268	0	loom	Loom
2985	2268	0	bank	Bank
2345	2270	0	mooring_point	Mooring point - Rainbow's End
3003	2276	0	fishing_spot	Fishing spot
2196	2278	0	fishing_spot	Fishing spot
2983	2282	0	furnace	Furnace
2584	2283	0	agility_short-cut	Agility short-cut
2998	2288	0	mooring_point	Mooring point - The Onyx Crest
2983	2290	0	water_source	Water source
2568	2297	0	mooring_point	Mooring point - Wyrmscraig
2579	2299	0	shipwright	Shipwright
2194	2314	0	bank	Bank
2199	2316	0	cooking_range	Cooking range
2206	2321	0	rare_trees	Rare trees
2216	2321	0	water_source	Water source
2222	2322	0	rare_trees	Rare trees
2190	2327	0	mooring_point	Mooring point - Sunbleak Island
2849	2327	0	mooring_point	Mooring point - Last Light
3273	2330	0	agility_short-cut	Agility short-cut
2220	2331	0	dungeon_link	Sunbleak Cave entrance
2860	2332	0	water_source	Water source
3277	2339	0	rare_trees	Rare trees
2224	2341	0	rare_trees	Rare trees
3249	2352	0	mining_site	Mining site
3175	2367	0	mooring_point	Mooring point - The Summer Shore
3191	2371	0	transportation	Transportation
2814	2373	0	fishing_spot	Fishing spot
3259	2375	0	hunter_training	Hunter training
3191	2376	0	fishing_spot	Fishing spot
3169	2386	0	fishing_spot	Fishing spot
2655	2387	0	bank	Bank
3236	2388	0	agility_short-cut	Agility short-cut
2641	2390	0	mining_site	Mining site
2645	2392	0	anvil	Anvil
3209	2394	0	agility_short-cut	Agility short-cut
2661	2395	0	mooring_point	Mooring point - Charred Island
3147	2397	0	cooking_range	Cooking range
3246	2397	0	rare_trees	Rare trees
3257	2397	0	agility_short-cut	Agility short-cut
1689	2399	0	salvaging	Mercenary Salvage (lvl 73)
2645	2401	0	hunter_training	Hunter training
3200	2402	0	sandpit	Sandpit
3126	2403	0	farming_patch	Farming patch
3189	2404	0	cooking_range	Cooking range
3185	2405	0	quest_start	The Red Reef
3171	2406	0	crafting_shop	Crafting shop
3133	2407	0	water_source	Water source
3160	2409	0	hunter_shop	Hunter shop
3269	2411	0	fishing_spot	Fishing spot
3175	2412	0	herbalist	Herbalist
3110	2413	0	rare_trees	Rare trees
3163	2415	0	fishing_shop	Fishing shop
2637	2416	0	dungeon_link	Dungeon with map link
3170	2416	0	sword_shop	Sword shop
3189	2416	0	water_source	Water source
3235	2418	0	dungeon_link	Dungeon with map link
3181	2419	0	bank	Bank
3141	2425	0	cooking_range	Cooking range
3211	2425	0	fishing_spot	Fishing spot
3265	2425	0	fishing_spot	Fishing spot
3178	2428	0	anvil	Anvil
3174	2430	0	furnace	Furnace
3247	2432	0	hunter_training	Hunter training
3181	2433	0	agility_short-cut	Agility short-cut
3195	2437	0	fishing_spot	Fishing spot
1919	2439	0	fishing_spot	Fishing spot
3179	2445	0	transportation	Transportation
3130	2446	0	rare_trees	Rare trees
3265	2462	0	transportation	Transportation
3272	2463	0	dungeon_link	Dungeon with map link
3244	2466	0	water_source	Water source
3250	2467	0	farming_shop	Farming shop
3231	2471	0	hunter_training	Hunter training
3176	2478	0	dungeon_link	Dungeon with map link
3260	2480	0	fishing_spot	Fishing spot
3205	2481	0	rare_trees	Rare trees
3142	2484	0	hunter_training	Hunter training
3193	2487	0	rare_trees	Rare trees
3121	2490	0	dungeon_link	Dungeon with map link
3209	2493	0	altar	Altar
3258	2494	0	fishing_spot	Fishing spot
3184	2502	0	mining_site	Mining site
1887	2508	0	salvaging	Large Salvage (lvl 53)
3213	2509	0	hunter_training	Hunter training
2809	2510	0	mooring_point	Mooring point - Red Rock
3019	2510	0	fishing_spot	Fishing spot
3145	2520	0	rare_trees	Rare trees
2533	2531	0	mooring_point	Mooring point - Isle of Bones
3123	2532	0	hunter_training	Hunter training
3197	2532	0	transportation	Transportation
3156	2537	0	fishing_spot	Fishing spot
3169	2541	0	fishing_spot	Fishing spot
2664	2544	0	salvaging	Pirate Salvage (lvl 64)
2281	2547	0	bank	Bank
2972	2603	0	mooring_point	Mooring point - Remote Island
2074	2604	0	fishing_spot	Fishing spot
2962	2604	0	quest_start	Troubled Tortugans
2059	2606	0	mooring_point	Mooring point - Wintumber Island
2784	2632	0	fishing_spot	Fishing spot
3052	2633	0	fishing_spot	Fishing spot
2661	2637	0	minigame	Minigame
3054	2639	0	quest_start	Crab Quest
3062	2639	0	mooring_point	Mooring point - Dognose Island
3044	2640	0	rare_trees	Rare trees
2639	2641	0	minigame	Minigame
2633	2648	0	minigame	Minigame
3043	2649	0	hunter_training	Hunter training
2667	2651	0	bank	Bank
1772	2653	0	cooking_range	Cooking range
2659	2653	0	magic_shop	Magic shop
2667	2655	0	poll_booth	Poll booth
2652	2658	0	anvil	Anvil
1766	2659	0	mooring_point	Mooring point - The Crown Jewel
2666	2660	0	archery_shop	Archery shop
1707	2662	0	fishing_spot	Fishing spot
1758	2662	0	hunter_training	Hunter training
2650	2664	0	general_store	General store
2272	2677	0	fishing_spot	Fishing spot
2660	2677	0	transportation	Transportation
2652	2678	0	mooring_point	Mooring point - Void Knights' Outpost
1564	2679	0	salvaging	Large Salvage (lvl 53)
2476	2696	0	fishing_spot	Fishing spot
2775	2697	0	rare_trees	Rare trees
2480	2699	0	hunter_training	Hunter training
3292	2700	0	agility_short-cut	Agility short-cut
2466	2702	0	fishing_spot	Fishing spot
2699	2703	0	fishing_spot	Fishing spot
2763	2703	0	dungeon	Dungeon
3284	2704	0	transportation	Transportation
2473	2705	0	farming_patch	Farming patch
3294	2706	0	agility_short-cut	Agility short-cut
2078	2707	0	rare_trees	Rare trees
2477	2707	0	rare_trees	Rare trees
3320	2708	0	mining_site	Mining site
2471	2710	0	cooking_range	Cooking range
2717	2710	0	rare_trees	Rare trees
2465	2712	0	fishing_spot	Fishing spot
2475	2712	0	spinning_wheel	Spinning wheel
2067	2719	0	anvil	Anvil
1183	2720	0	fishing_spot	Fishing spot
2062	2720	0	rare_trees	Rare trees
2468	2721	0	mooring_point	Mooring point - Anglers' Retreat
2921	2721	0	dungeon	Dungeon
1173	2722	0	fishing_spot	Fishing spot
1405	2723	0	fishing_spot	Fishing spot
2075	2723	0	rare_trees	Rare trees
2470	2725	0	transportation	Transportation
2892	2726	0	transportation	Transportation
2476	2729	0	agility_short-cut	Agility short-cut
2084	2732	0	transportation	Transportation
1203	2733	0	mooring_point	Mooring point - Laguna Aurorae
2726	2735	0	rare_trees	Rare trees
2087	2737	0	rare_trees	Rare trees
2738	2739	0	transportation	Transportation
3286	2739	0	hunter_training	Hunter training
2775	2740	0	fishing_spot	Fishing spot
2753	2742	0	agility_training	Agility training
3281	2753	0	water_source	Water source
3284	2755	0	spice_shop	Spice shop
1924	2758	0	mooring_point	Mooring point - Deepfin Point
3315	2759	0	water_source	Water source
2341	2762	0	rare_trees	Rare trees
3314	2764	0	water_source	Water source
2757	2769	0	magic_shop	Magic shop
3281	2770	0	quest_start	Contact!
3304	2770	0	food_shop	Food shop
1558	2771	0	mooring_point	Mooring point - Shimmering Atoll
3157	2773	0	spinning_wheel	Spinning wheel
3314	2773	0	potters_wheel	Potters wheel
2319	2774	0	mooring_point	Mooring point - Tear of the Soul
2759	2774	0	scimitar_shop	Scimitar shop
2753	2775	0	general_store	General store
3281	2775	0	altar	Altar
3169	2776	0	anvil	Anvil
1587	2777	0	fishing_spot	Fishing spot
3378	2777	0	mining_site	Mining site
1156	2778	0	loom	Loom
2774	2778	0	archery_shop	Archery shop
3309	2779	0	quest_start	Beneath Cursed Sands
2321	2780	0	transportation	Transportation
3295	2780	0	dungeon	Dungeon
3313	2780	0	crafting_shop	Crafting shop
1164	2781	0	cooking_range	Cooking range
1225	2781	0	rare_trees	Rare trees
2163	2782	0	fishing_spot	Fishing spot
2780	2782	0	bank	Bank
1594	2783	0	fishing_spot	Fishing spot
3317	2783	0	water_source	Water source
1867	2784	0	fishing_spot	Fishing spot
2218	2784	0	anvil	Anvil
1165	2785	0	water_source	Water source
1587	2786	0	rare_trees	Rare trees
1951	2786	0	rare_trees	Rare trees
3315	2786	0	crafting_shop	Crafting shop
1191	2787	0	dungeon_link	Dungeon with map link
1203	2787	0	transportation	Transportation
3289	2787	0	minigame	Minigame
2768	2789	0	food_shop	Food shop
3441	2789	0	rare_trees	Rare trees
1933	2790	0	mining_site	Mining site
3316	2790	0	spinning_wheel	Spinning wheel
3163	2791	0	cooking_range	Cooking range
1201	2792	0	fishing_spot	Fishing spot
2196	2793	0	mining_site	Mining site
2781	2794	0	crafting_shop	Crafting shop
2797	2794	0	altar	Altar
3156	2794	0	loom	Loom
2292	2796	0	transportation	Transportation
3315	2797	0	dungeon	Dungeon
1571	2799	0	hunter_training	Hunter training
3140	2800	0	fishing_spot	Fishing spot
3313	2800	0	altar	Altar
1541	2802	0	rare_trees	Rare trees
1143	2803	0	agility_short-cut	Agility short-cut
2713	2804	0	transportation	Transportation
1946	2805	0	mining_site	Mining site
2163	2805	0	potters_wheel	Potters wheel
1940	2806	0	dungeon_link	Deepfin Mine entrance
3297	2806	0	sword_shop	Sword shop
1552	2807	0	fishing_spot	Fishing spot
2255	2808	0	rare_trees	Rare trees
3124	2808	0	salvaging	Barracuda Salvage (lvl 35)
2162	2812	0	water_source	Water source
1547	2813	0	fishing_spot	Fishing spot
3245	2814	0	transportation	Transportation
3289	2814	0	transportation	Transportation
3267	2818	0	agility_short-cut	Agility short-cut
2445	2819	0	dungeon_link	Dungeon with map link
2159	2822	0	hunter_training	Hunter training
2283	2823	0	mooring_point	Mooring point - Isle of Souls
2479	2823	0	salvaging	Barracuda Salvage (lvl 35)
3144	2824	0	mooring_point	Mooring point - Ruins of Unkah
3788	2824	0	windmill	Windmill
3046	2826	0	fishing_spot	Fishing spot
3348	2827	0	agility_training	Agility training
3035	2828	0	cooking_range	Cooking range
3785	2828	0	transportation	Transportation
3048	2829	0	fishing_spot	Fishing spot
3136	2832	0	water_source	Water source
3036	2834	0	fishing_spot	Fishing spot
3159	2835	0	shipwright	Shipwright
3155	2836	0	bank	Bank
3794	2836	0	farming_patch	Farming patch
2512	2838	0	fishing_spot	Fishing spot
3045	2840	0	water_source	Water source
3790	2840	0	farming_patch	Farming patch
1375	2841	0	fishing_spot	Fishing spot
2282	2841	0	fishing_spot	Fishing spot
1827	2842	0	salvaging	Pirate Salvage (lvl 64)
2543	2843	0	transportation	Transportation
2580	2843	0	mooring_point	Mooring point - Corsair Cove
3146	2843	0	transportation	Transportation
2444	2845	0	rare_trees	Rare trees
2457	2847	0	dungeon_link	Dungeon with map link
3160	2847	0	fishing_shop	Fishing shop
3062	2848	0	water_source	Water source
3315	2849	0	quest_start	Icthlarin's Little Helper
2486	2850	0	transportation	Transportation
3032	2850	0	water_source	Water source
2561	2852	0	cargo_bay	Cargo bay
2210	2855	0	minigame	Minigame
1399	2856	0	rare_trees	Rare trees
1390	2858	0	bar	Pub/bar
2205	2858	0	transportation	Transportation
2216	2858	0	poll_booth	Poll booth
3049	2858	0	water_source	Water source
2212	2860	0	bank	Bank
1372	2861	0	water_source	Water source
2523	2861	0	dungeon_link	Dungeon with map link
1363	2862	0	rare_trees	Rare trees
1380	2862	0	cooking_range	Cooking range
2571	2862	0	poll_booth	Poll booth
1401	2863	0	anvil	Anvil
2166	2863	0	rare_trees	Rare trees
1382	2865	0	bank	Bank
2569	2866	0	bank	Bank
1379	2867	0	poll_booth	Poll booth
1400	2867	0	mining_shop	Mining shop
3051	2867	0	fishing_spot	Fishing spot
1376	2868	0	cooking_range	Cooking range
2457	2868	0	quest_start	Dragon Slayer II
3037	2868	0	fishing_spot	Fishing spot
1387	2869	0	shield_shop	Shield shop
1393	2870	0	water_source	Water source
2546	2871	0	agility_short-cut	Agility short-cut
3173	2871	0	mining_site	Mining site
3039	2873	0	cooking_range	Cooking range
3048	2874	0	fishing_spot	Fishing spot
3323	2875	0	mining_site	Mining site
1380	2876	0	rare_trees	Rare trees
1431	2882	0	mining_site	Mining site
3434	2885	0	cooking_range	Cooking range
3429	2889	0	poll_booth	Poll booth
2483	2891	0	dungeon_link	Dungeon with map link
1398	2893	0	windmill	Windmill
2457	2893	0	fishing_spot	Fishing spot
2477	2893	0	rare_trees	Rare trees
3426	2893	0	bank	Bank
2526	2894	0	dungeon_link	Dungeon with map link
2900	2897	0	rare_trees	Rare trees
2487	2898	0	agility_short-cut	Agility short-cut
1389	2899	0	transportation	Transportation
3441	2901	0	hunter_shop	Hunter shop
2838	2907	0	rare_trees	Rare trees
2947	2908	0	rare_trees	Rare trees
3425	2910	0	herbalist	Herbalist
3415	2911	0	general_store	General store
3442	2911	0	quest_start	Spirits of the Elid
1354	2912	0	water_source	Water source
2558	2912	0	hunter_training	Hunter training
3172	2912	0	mining_site	Mining site
1341	2916	0	agility_short-cut	Agility short-cut
1389	2916	0	dungeon_link	Dungeon with map link
3400	2916	0	transportation	Transportation
3426	2916	0	water_source	Water source
1470	2917	0	agility_short-cut	Agility short-cut
2997	2917	0	salvaging	Barracuda Salvage (lvl 35)
2524	2918	0	hunting_tutor	Hunting Tutor
2309	2919	0	dungeon_link	Dungeon with map link
1357	2920	0	dungeon_link	Dungeon with map link
1389	2920	0	minigame	Minigame
1437	2920	0	water_source	Water source
3406	2920	0	platelegs_shop	Platelegs shop
1451	2921	0	water_source	Water source
3409	2921	0	anvil	Anvil
1361	2922	0	wine_trader	Wine trader
1474	2922	0	agility_short-cut	Agility short-cut
1358	2924	0	brewery	Brewery
1398	2924	0	poll_booth	Poll booth
1494	2924	0	fishing_spot	Fishing spot
1389	2926	0	water_source	Water source
3191	2926	0	quest_start	Enakhra's Lament
1378	2927	0	bar	Pub/bar
1401	2927	0	bank	Bank
1478	2927	0	dungeon_link	Dungeon with map link
1734	2929	0	altar	Altar
3034	2929	0	minigame	The Tempor Tantrum (Barracuda Trials)
1650	2930	0	agility_training	Agility training
1430	2933	0	water_source	Water source
1672	2933	0	transportation	Transportation
1343	2934	0	hunter_training	Hunter training
1413	2937	0	quest_start	Death on the Isle
1368	2938	0	farming_patch	Farming patch
1403	2938	0	cooking_range	Cooking range
1441	2938	0	cooking_range	Cooking range
1448	2938	0	dungeon_link	Dungeon with map link
3411	2938	0	cooking_range	Cooking range
1374	2939	0	water_source	Water source
1446	2939	0	water_source	Water source
2898	2939	0	agility_short-cut	Agility short-cut
1359	2943	0	transportation	Transportation
3346	2943	0	transportation	Transportation
1409	2946	0	water_source	Water source
2925	2946	0	agility_short-cut	Agility short-cut
1353	2948	0	cooking_range	Cooking range
3111	2948	0	salvaging	Small Salvage (lvl 15)
2756	2949	0	noticeboard	Port task board
1346	2950	0	loom	Loom
2128	2950	0	hunter_training	Hunter training
1586	2951	0	fishing_spot	Fishing spot
2750	2951	0	mooring_point	Mooring point - Cairn Isle
2883	2951	0	quest_start	Shilo Village
2845	2952	0	poll_booth	Poll booth
2758	2953	0	shipwright	Shipwright
1574	2954	0	fishing_spot	Fishing spot
2852	2954	0	bank	Bank
1748	2955	0	mining_site	Mining site
3361	2955	0	bar	Pub/bar
3689	2956	0	scimitar_shop	Scimitar shop
2764	2957	0	transportation	Transportation
1562	2958	0	cooking_range	Cooking range
2571	2958	0	transportation	Transportation
2825	2958	0	general_store	General store
2834	2958	0	transportation	Transportation
3372	2958	0	agility_short-cut	Agility short-cut
3348	2959	0	magic_carpet	Magic carpet
1375	2960	0	cooking_range	Cooking range
1560	2960	0	fishing_shop	Fishing shop
2568	2961	0	mining_site	Mining site
1070	2962	0	salvaging	Merchant Salvage (lvl 87)
1433	2962	0	cooking_range	Cooking range
1773	2962	0	transportation	Transportation
3310	2962	0	dungeon	Dungeon
1314	2963	0	fishing_spot	Fishing spot
1422	2963	0	house_portal	House/POH portal
1580	2963	0	fishing_spot	Fishing spot
3351	2963	0	agility_training	Agility training
3682	2963	0	quest_start	The Great Brain Robbery
2208	2964	0	hunter_training	Hunter training
2654	2964	0	transportation	Transportation
1735	2967	0	cooking_range	Cooking range
1770	2967	0	fishing_spot	Fishing spot
2857	2967	0	furnace	Furnace
1379	2968	0	water_source	Water source
2541	2969	0	transportation	Transportation
3367	2969	0	water_source	Water source
1453	2970	0	mooring_point	Mooring point - Aldarin
3674	2970	0	fishing_shop	Fishing shop
3711	2970	0	agility_short-cut	Agility short-cut
1684	2971	0	farming_patch	Farming patch
3359	2971	0	water_source	Water source
1899	2972	0	fishing_spot	Fishing spot
2148	2972	0	rare_trees	Rare trees
2870	2972	0	fishing_shop	Fishing shop
1394	2973	0	cooking_range	Cooking range
1413	2973	0	general_store	General store
1428	2973	0	gem_shop	Gem shop
1744	2973	0	water_source	Water source
2859	2973	0	fishing_spot	Fishing spot
3368	2973	0	poll_booth	Poll booth
3748	2973	0	dungeon_link	Dungeon with map link
1324	2974	0	rare_trees	Rare trees
1670	2974	0	water_source	Water source
1877	2974	0	transportation	Transportation
2864	2974	0	agility_short-cut	Agility short-cut
2972	2974	0	transportation	Transportation
3036	2974	0	hunter_training	Hunter training
3352	2974	0	kebab_seller	Kebab seller
1512	2975	0	mooring_point	Mooring point - Sunset Coast
1683	2975	0	quest_start	The Ribbiting Tale of a Lily Pad Labour Dispute
1894	2975	0	mining_site	Mining site
2281	2975	0	fishing_spot	Fishing spot
2265	2976	0	transportation	Transportation
1358	2977	0	hunter_training	Hunter training
1743	2977	0	stonemason	Stonemason
2855	2977	0	fishing_spot	Fishing spot
3695	2977	0	clothes_shop	Clothes shop
1428	2979	0	water_source	Water source
1419	2980	0	food_shop	Food shop
1885	2981	0	potters_wheel	Potters wheel
2630	2981	0	quest_start	Big Chompy Bird Hunting
3348	2981	0	agility_short-cut	Agility short-cut
3663	2981	0	bar	Pub/bar
3681	2981	0	bank	Bank
2170	2982	0	spinning_wheel	Spinning wheel
2869	2982	0	slayer_master	Slayer Master
3032	2982	0	cooking_range	Cooking range
1877	2983	0	water_source	Water source
3162	2983	0	bar	Pub/bar
3329	2983	0	agility_short-cut	Agility short-cut
1373	2985	0	fishing_spot	Fishing spot
1873	2985	0	mooring_point	Mooring point - Vatrachos Island
2835	2985	0	quest_start	One Small Favour
3070	2986	0	mooring_point	Mooring point - The Pandemonium
3177	2986	0	general_store	General store
1892	2987	0	mining_site	Mining site
3359	2987	0	general_store	General store
3677	2987	0	poll_booth	Poll booth
3173	2988	0	poll_booth	Poll booth
1556	2989	0	water_source	Water source
1695	2989	0	rare_trees	Rare trees
3667	2990	0	bar	Pub/bar
1619	2991	0	mining_site	Mining site
2195	2991	0	rare_trees	Rare trees
2501	2991	0	dungeon	Dungeon
1413	2992	0	rare_trees	Rare trees
1775	2993	0	fishing_spot	Fishing spot
3362	2993	0	magic_carpet	Magic carpet
2131	2994	0	dungeon_link	Dungeon with map link
2639	2996	0	mining_site	Mining site
1548	2997	0	transportation	Transportation
3033	2997	0	fishing_spot	Fishing spot
2580	2998	0	mining_site	Mining site
3046	2998	0	dungeon_link	Dungeon with map link
1617	2999	0	hunter_training	Hunter training
3062	2999	0	transportation	Transportation
3039	3000	0	bank	Bank
1272	3001	0	agility_short-cut	Agility short-cut
1519	3001	0	sandpit	Sandpit
1672	3001	0	hunter_training	Hunter training
2787	3001	0	hunter_training	Hunter training
2823	3001	0	mining_site	Mining site
2824	3001	0	dungeon	Dungeon
3340	3001	0	house_portal	House/POH portal
3352	3001	0	transportation	Transportation
3364	3001	0	dye_trader	Dye trader
1264	3002	0	rare_trees	Rare trees
2871	3003	0	agility_short-cut	Agility short-cut
3066	3003	0	transportation	Transportation
2801	3005	0	transportation	Transportation
1746	3008	0	hunter_training	Hunter training
1258	3009	0	rare_trees	Rare trees
1330	3010	0	fishing_spot	Fishing spot
1649	3011	0	transportation	Transportation
3107	3012	0	mining_site	Mining site
2529	3014	0	dungeon	Dungeon
2807	3014	0	fishing_spot	Fishing spot
3507	3014	0	rare_trees	Rare trees
3423	3018	0	transportation	Transportation
1344	3020	0	transportation	Transportation
1576	3020	0	hunter_training	Hunter training
1283	3021	0	hunter_training	Hunter training
2448	3021	0	salvaging	Barracuda Salvage (lvl 35)
3806	3021	0	bank	Bank
3812	3021	0	minigame	Minigame
3486	3023	0	dungeon	Dungeon
1353	3025	0	farming_patch	Farming patch
2562	3025	0	dungeon	Dungeon
3097	3025	0	bank_tutor	Bank Tutor
2575	3028	0	dungeon	Dungeon
3108	3028	0	ironman_tutor	Ironman Tutor
2439	3030	0	minigame	The Jubbly Jive (Barracuda Trials)
2546	3032	0	agility_short-cut	Agility short-cut
1329	3033	0	rare_trees	Rare trees
1554	3033	0	quest_start	At First Light
1681	3033	0	altar	Altar
2849	3033	0	mining_site	Mining site
1558	3034	0	cooking_range	Cooking range
1565	3034	0	fur_trader	Fur trader
1306	3035	0	dungeon	Dungeon
1366	3035	0	farming_patch	Farming patch
2552	3035	0	dungeon	Dungeon
3173	3035	0	general_store	General store
1247	3036	0	dungeon	Dungeon
1548	3036	0	water_source	Water source
2521	3036	0	general_store	General store
1357	3037	0	cooking_range	Cooking range
1375	3037	0	fishing_shop	Fishing shop
1702	3037	0	transportation	Transportation
2385	3037	0	transportation	Transportation
2512	3037	0	food_shop	Food shop
3504	3037	0	quest_start	The Curse of Arrav
3464	3038	0	mining_site	Mining site
2506	3039	0	dungeon	Dungeon
3092	3039	0	transportation	Transportation
1348	3040	0	dairy_cow	Dairy cow
1541	3040	0	bank	Bank
3184	3042	0	transportation	Transportation
1239	3043	0	mining_site	Mining site
1543	3043	0	poll_booth	Poll booth
2485	3043	0	dungeon	Dungeon
3178	3043	0	quest_start	Desert Treasure I
1373	3045	0	general_store	General store
1655	3046	0	windmill	Windmill
1516	3047	0	hunter_training	Hunter training
2699	3047	0	salvaging	Fisherman's Salvage (lvl 26)
2527	3048	0	herbalist	Herbalist
1558	3049	0	dungeon_link	Dungeon with map link
2334	3049	0	rare_trees	Rare trees
3504	3049	0	water_source	Water source
3810	3049	0	agility_short-cut	Agility short-cut
2907	3050	0	agility_short-cut	Agility short-cut
2443	3051	0	quest_start	Zogre Flesh Eaters
3825	3053	0	rare_trees	Rare trees
1378	3054	0	dungeon_link	Dungeon with map link
1381	3054	0	cooking_range	Cooking range
2541	3054	0	dungeon	Dungeon
2553	3054	0	dungeon	Dungeon
3111	3054	0	transportation	Transportation
1585	3055	0	transportation	Transportation
1641	3056	0	cooking_range	Cooking range
3502	3056	0	cooking_range	Cooking range
3809	3056	0	agility_short-cut	Agility short-cut
1348	3058	0	farming_patch	Farming patch
3811	3058	0	rare_trees	Rare trees
1329	3059	0	rare_trees	Rare trees
1736	3059	0	cooking_range	Cooking range
1778	3059	0	anvil	Anvil
1563	3060	0	hunter_shop	Hunter shop
1774	3060	0	mace_shop	Mace shop
1356	3061	0	farming_shop	Farming shop
2412	3061	0	dungeon_link	Dungeon with map link
2760	3062	0	dungeon_link	Dungeon with map link
3815	3062	0	dungeon_link	Dungeon with map link
3830	3062	0	dungeon_link	Dungeon with map link
1654	3064	0	water_source	Water source
1677	3064	0	cooking_range	Cooking range
1375	3065	0	water_source	Water source
1720	3065	0	general_store	General store
2796	3066	0	minigame	Minigame
2196	3067	0	fishing_spot	Fishing spot
3833	3067	0	rare_trees	Rare trees
1775	3068	0	cooking_range	Cooking range
2184	3068	0	fishing_spot	Fishing spot
1689	3069	0	cooking_range	Cooking range
1758	3069	0	water_source	Water source
2148	3069	0	transportation	Transportation
2522	3070	0	dungeon	Dungeon
2553	3072	0	agility_short-cut	Agility short-cut
1754	3073	0	quest_start	Meat and Greet
2157	3073	0	agility_short-cut	Agility short-cut
3511	3073	0	rare_trees	Rare trees
1390	3075	0	transportation	Transportation
1753	3075	0	cooking_range	Cooking range
1756	3075	0	kebab_seller	Kebab seller
1250	3077	0	rare_trees	Rare trees
1724	3077	0	bar	Pub/bar
2431	3077	0	water_source	Water source
2556	3078	0	bar	Pub/bar
2604	3078	0	dungeon_link	Dungeon with map link
2613	3080	0	anvil	Anvil
3075	3081	0	cooking_range	Cooking range
1661	3082	0	water_source	Water source
2440	3082	0	poll_booth	Poll booth
2445	3082	0	bank	Bank
2566	3082	0	hunter_shop	Hunter shop
2682	3083	0	transportation	Transportation
1675	3084	0	cooking_range	Cooking range
1693	3084	0	dungeon_link	Dungeon with map link
2822	3084	0	rare_trees	Rare trees
2594	3085	0	dungeon_link	Dungeon with map link
2758	3085	0	transportation	Transportation
1481	3086	0	mining_site	Mining site
2810	3086	0	quest_start	Jungle Potion
3077	3086	0	water_source	Water source
1701	3087	0	altar	Altar
1226	3089	0	transportation	Transportation
1693	3089	0	dungeon_link	Dungeon with map link
2593	3089	0	transportation	Transportation
3488	3089	0	quest_start	The Golem
3493	3090	0	dungeon	Dungeon
1557	3091	0	hunter_training	Hunter training
1732	3091	0	cooking_range	Cooking range
3101	3091	0	fishing_spot	Fishing spot
1643	3092	0	dungeon_link	Dungeon with map link
1669	3092	0	magic_carpet	Magic carpet
2440	3092	0	minigame	Minigame
1209	3093	0	cooking_range	Cooking range
1780	3093	0	bank	Bank
2567	3093	0	water_source	Water source
2614	3093	0	bank	Bank
1644	3095	0	cooking_range	Cooking range
1756	3095	0	cooking_range	Cooking range
1967	3095	0	dungeon_link	Dungeon with map link
3249	3095	0	transportation	Transportation
1210	3096	0	archery_shop	Archery shop
1476	3096	0	hunter_training	Hunter training
1766	3096	0	potters_wheel	Potters wheel
2609	3096	0	poll_booth	Poll booth
1242	3097	0	water_source	Water source
1777	3097	0	poll_booth	Poll booth
2544	3097	0	house_portal	House/POH portal
1602	3098	0	dairy_churn	Dairy churn
1753	3098	0	water_source	Water source
2549	3098	0	cooking_range	Cooking range
2566	3098	0	cookery_shop	Cookery shop
2794	3099	0	farming_patch	Farming patch
1607	3100	0	cooking_range	Cooking range
2321	3100	0	dungeon	Dungeon
1588	3101	0	farming_patch	Farming patch
1659	3101	0	clothes_shop	Clothes shop
1675	3101	0	gem_shop	Gem shop
1685	3101	0	spice_shop	Spice shop
1738	3101	0	fishing_spot	Fishing spot
1766	3101	0	crafting_shop	Crafting shop
2213	3101	0	transportation	Transportation
2552	3101	0	quest_start	The Hand in the Sand
2791	3101	0	anvil	Anvil
1270	3102	0	hunter_training	Hunter training
1636	3102	0	magic_carpet	Magic carpet
1965	3102	0	hunter_training	Hunter training
2549	3102	0	water_source	Water source
2570	3102	0	dairy_churn	Dairy churn
2573	3102	0	farming_patch	Farming patch
1226	3103	0	altar	Altar
1594	3103	0	farming_shop	Farming shop
1703	3103	0	estate_agent	Estate Agent
1310	3104	0	dungeon	Dungeon
2543	3104	0	sandpit	Sandpit
2567	3104	0	cooking_range	Cooking range
3402	3104	0	hunter_training	Hunter training
1591	3105	0	cooking_range	Cooking range
1750	3106	0	rare_trees	Rare trees
1239	3107	0	cooking_range	Cooking range
1795	3107	0	dungeon_link	Dungeon with map link
3121	3107	0	altar	Altar
3312	3107	0	transportation	Transportation
1448	3108	0	transportation	Transportation
1966	3108	0	cooking_range	Cooking range
2459	3108	0	transportation	Transportation
3227	3108	0	dungeon_link	Dungeon with map link
2575	3109	0	agility_short-cut	Agility short-cut
1214	3110	0	anvil	Anvil
3090	3110	0	water_source	Water source
1198	3111	0	water_source	Water source
1208	3111	0	furnace	Furnace
1675	3111	0	fur_trader	Fur trader
1686	3111	0	food_shop	Food shop
1777	3111	0	transportation	Transportation
2339	3111	0	transportation	Transportation
3469	3111	0	transportation	Transportation
1353	3112	0	mining_site	Mining site
1654	3112	0	magic_carpet	Magic carpet
1702	3112	0	cookery_shop	Cookery shop
1770	3112	0	furnace	Furnace
2996	3112	0	transportation	Transportation
2900	3113	0	transportation	Transportation
3303	3113	0	quest_start	The Tourist Trap
1634	3114	0	cooking_range	Cooking range
1678	3114	0	silk_trader	Silk trader
2557	3114	0	water_source	Water source
1650	3115	0	poll_booth	Poll booth
2607	3115	0	minigame	Minigame
1713	3116	0	bar	Pub/bar
1959	3117	0	mooring_point	Mooring point - Minotaurs' Rest
1224	3118	0	bar	Pub/bar
2825	3118	0	dungeon_link	Dungeon with map link
1203	3119	0	dye_trader	Dye trader
1212	3119	0	magic_shop	Magic shop
1648	3119	0	bank	Bank
1667	3119	0	water_source	Water source
1734	3119	0	rare_trees	Rare trees
2899	3119	0	fishing_spot	Fishing spot
2912	3119	0	fishing_spot	Fishing spot
3088	3119	0	dungeon	Dungeon
3308	3119	0	bank	Bank
1244	3120	0	poll_booth	Poll booth
1587	3120	0	dairy_cow	Dairy cow
2145	3120	0	mooring_point	Mooring point - Port Tyras
3118	3120	0	poll_booth	Poll booth
2584	3121	0	dairy_cow	Dairy cow
3299	3121	0	task_master	Task Master
1245	3122	0	bank	Bank
1435	3122	0	quest_start	Perilous Moons
1636	3122	0	magic_carpet	Magic carpet
1666	3122	0	cooking_range	Cooking range
2569	3122	0	dungeon_link	Dungeon with map link
2767	3122	0	general_store	General store
3320	3122	0	dungeon_link	Dungeon with map link
1233	3123	0	water_source	Water source
1669	3123	0	general_store	General store
3085	3123	0	quest_start	Learning the Ropes
1259	3124	0	transportation	Transportation
1352	3124	0	dungeon	Dungeon
3310	3124	0	poll_booth	Poll booth
1706	3125	0	water_source	Water source
3122	3125	0	bank	Bank
1780	3126	0	cargo_bay	Cargo bay
2158	3126	0	shipwright	Shipwright
3111	3126	0	dungeon	Dungeon
1717	3127	0	cooking_range	Cooking range
1456	3128	0	agility_short-cut	Agility short-cut
1464	3128	0	agility_short-cut	Agility short-cut
2875	3128	0	agility_short-cut	Agility short-cut
2528	3129	0	transportation	Transportation
1690	3130	0	cooking_range	Cooking range
1781	3130	0	shipwright	Shipwright
2368	3130	0	water_source	Water source
1436	3131	0	dungeon_link	Dungeon with map link
1584	3131	0	cooking_range	Cooking range
1266	3132	0	fishing_spot	Fishing spot
1497	3132	0	dungeon_link	Dungeon with map link
3371	3132	0	dungeon	Dungeon
1691	3133	0	water_source	Water source
1290	3134	0	dungeon_link	Dungeon with map link
2892	3134	0	fishing_spot	Fishing spot
1373	3135	0	hunter_training	Hunter training
3211	3135	0	agility_short-cut	Agility short-cut
1240	3136	0	water_source	Water source
1577	3137	0	water_source	Water source
1653	3137	0	canoe_station	Canoe station
2440	3137	0	transportation	Transportation
3318	3138	0	cooking_range	Cooking range
1658	3139	0	sword_shop	Sword shop
2195	3140	0	general_store	General store
3276	3140	0	fishing_spot	Fishing spot
1661	3141	0	anvil	Anvil
1686	3141	0	quest_start	Twilight's Promise
1775	3141	0	mooring_point	Mooring point - Civitas illa Fortis
2218	3141	0	rare_trees	Rare trees
2285	3141	0	rare_trees	Rare trees
3239	3141	0	transportation	Transportation
3321	3141	0	transportation	Transportation
1700	3142	0	transportation	Transportation
2566	3142	0	bar	Pub/bar
2631	3142	0	mining_site	Mining site
2916	3142	0	water_source	Water source
3270	3142	0	transportation	Transportation
1364	3143	0	rare_trees	Rare trees
1782	3143	0	mooring_point	Ship boarding plank
2874	3143	0	agility_short-cut	Agility short-cut
2926	3143	0	bar	Pub/bar
1284	3144	0	agility_short-cut	Agility short-cut
2288	3144	0	quest_start	Mourning's End Part I
2941	3144	0	mooring_point	Ship boarding plank
2999	3144	0	anvil	Anvil
2955	3145	0	transportation	Transportation
1219	3146	0	fishing_spot	Fishing spot
2193	3146	0	furnace	Furnace
3227	3146	0	mining_site	Mining site
3362	3146	0	quest_start	Sleeping Giants
1781	3147	0	noticeboard	Port task board
2289	3147	0	quest_start	Mourning's End Part I
2961	3147	0	mooring_point	Mooring point - Musa Point
2905	3148	0	general_store	General store
2944	3148	0	cargo_bay	Cargo bay
3223	3148	0	mining_tutor	Mining Tutor
3267	3148	0	fishing_spot	Fishing spot
3110	3149	0	transportation	Transportation
3149	3149	0	mining_site	Mining site
1660	3150	0	dummy	Dummy
2744	3150	0	mining_site	Mining site
3007	3150	0	dungeon_link	Dungeon with map link
3361	3150	0	dungeon_link	Dungeon with map link
2467	3151	0	fishing_spot	Fishing spot
2656	3152	0	general_store	General store
2803	3152	0	amulet_shop	Amulet shop
2901	3152	0	poll_booth	Poll booth
2530	3153	0	water_source	Water source
3245	3153	0	fishing_spot	Fishing spot
2744	3154	0	dungeon_link	Dungeon with map link
2448	3155	0	agility_short-cut	Agility short-cut
2533	3155	0	dungeon	Dungeon
2794	3155	0	bar	Pub/bar
3236	3155	0	quest_start	Misthalin Mystery
3359	3155	0	anvil	Anvil
2663	3156	0	cargo_bay	Cargo bay
3393	3156	0	agility_short-cut	Agility short-cut
2206	3157	0	quest_start	Regicide
3244	3157	0	fishing_tutor	Fishing Tutor
2996	3158	0	fishing_spot	Fishing spot
3294	3158	0	agility_short-cut	Agility short-cut
2278	3159	0	mining_site	Mining site
3271	3159	0	quest_start	Shadow of the Storm
2205	3160	0	quest_start	Roving Elves
2344	3160	0	farming_patch	Farming patch
1646	3161	0	water_source	Water source
2354	3161	0	poll_booth	Poll booth
2527	3161	0	general_store	General store
2662	3161	0	bank	Bank
2686	3161	0	mooring_point	Mooring point - Port Khazard
2530	3162	0	poll_booth	Poll booth
2814	3162	0	cooking_range	Cooking range
3104	3162	0	dungeon_link	Dungeon with map link
3315	3162	0	plateskirt_shop	Plateskirt shop
2324	3163	0	archery_shop	Archery shop
2437	3163	0	dungeon	Dungeon
3302	3163	0	quest_start	Prince Ali Rescue
1395	3164	0	rare_trees	Rare trees
2632	3164	0	cooking_range	Cooking range
2665	3164	0	minigame	Minigame
3425	3164	0	mining_site	Mining site
3529	3164	0	fishing_spot	Fishing spot
1623	3165	0	dungeon_link	Dungeon with map link
1720	3165	0	quest_start	Ethically Acquired Antiquities
2351	3165	0	bank	Bank
2652	3165	0	anvil	Anvil
2768	3165	0	fishing_spot	Fishing spot
1247	3166	0	quest_start	Scrambled!
1641	3166	0	dungeon_link	Dungeon with map link
2539	3166	0	transportation	Transportation
2564	3166	0	water_source	Water source
2812	3166	0	poll_booth	Poll booth
3267	3166	0	bank	Bank
1279	3168	0	dungeon	Dungeon
1568	3168	0	altar	Altar
1678	3168	0	quest_start	The Final Dawn
2856	3168	0	dungeon_link	Dungeon with map link
3116	3168	0	water_source	Water source
1316	3169	0	hunter_training	Hunter training
1327	3169	0	rare_trees	Rare trees
1437	3169	0	transportation	Transportation
2543	3169	0	quest_start	The Path of Glouphrie
2553	3169	0	water_source	Water source
3203	3169	0	dungeon_link	Dungeon with map link
3272	3169	0	poll_booth	Poll booth
3526	3169	0	transportation	Transportation
2635	3170	0	cooking_range	Cooking range
2642	3170	0	general_store	General store
3401	3170	0	mining_site	Mining site
1450	3171	0	altar	Altar
2337	3171	0	water_source	Water source
2540	3171	0	quest_start	Tree Gnome Village
2353	3172	0	quest_start	Mourning's End Part II
2652	3172	0	mining_site	Mining site
3169	3172	0	dungeon_link	Dungeon with map link
1273	3173	0	mining_site	Mining site
1453	3173	0	quest_start	The Heart of Darkness
2563	3173	0	water_source	Water source
3293	3173	0	water_source	Water source
3560	3173	0	fishing_spot	Fishing spot
1614	3174	0	dungeon_link	Dungeon with map link
2640	3174	0	poll_booth	Poll booth
3498	3174	0	fishing_spot	Fishing spot
3565	3174	0	fishing_spot	Fishing spot
3316	3175	0	platelegs_shop	Platelegs shop
3683	3175	0	transportation	Transportation
2327	3176	0	crafting_shop	Crafting shop
2986	3176	0	fishing_spot	Fishing spot
3170	3176	0	candle_shop	Candle shop
1420	3177	0	cooking_range	Cooking range
2995	3177	0	altar	Altar
3514	3177	0	fishing_spot	Fishing spot
3538	3177	0	fishing_spot	Fishing spot
3554	3177	0	fishing_spot	Fishing spot
2091	3178	0	rare_trees	Rare trees
2756	3178	0	house_portal	House/POH portal
2926	3179	0	fishing_spot	Fishing spot
3246	3179	0	agility_short-cut	Agility short-cut
3259	3179	0	agility_short-cut	Agility short-cut
3271	3179	0	cooking_range	Cooking range
3546	3179	0	fishing_spot	Fishing spot
2323	3180	0	spinning_wheel	Spinning wheel
3288	3180	0	minigame	Minigame
3409	3180	0	water_source	Water source
2440	3181	0	water_source	Water source
2488	3181	0	farming_patch	Farming patch
2791	3182	0	quest_start	Tribal Totem
3275	3182	0	kebab_seller	Kebab seller
3316	3182	0	general_store	General store
3487	3182	0	fishing_spot	Fishing spot
1744	3183	0	water_source	Water source
3293	3183	0	water_source	Water source
3696	3183	0	quest_start	The Blood Moon Rises
1418	3185	0	water_source	Water source
2335	3185	0	general_store	General store
2439	3185	0	quest_start	Observatory Quest
3410	3185	0	cooking_range	Cooking range
1546	3186	0	fishing_spot	Fishing spot
2459	3186	0	dungeon	Dungeon
3273	3186	0	furnace	Furnace
2609	3187	0	water_source	Water source
2793	3187	0	food_shop	Food shop
2098	3188	0	mooring_point	Mooring point - Lledrith Island
2592	3188	0	water_source	Water source
2076	3189	0	fishing_spot	Fishing spot
2443	3189	0	hot_air_balloon	Hot air balloon
3289	3189	0	scimitar_shop	Scimitar shop
2806	3190	0	task_master	Task Master
2438	3191	0	cooking_range	Cooking range
2810	3191	0	minigame	Minigame
3274	3191	0	tannery	Tannery
2485	3192	0	transportation	Transportation
2787	3192	0	cooking_range	Cooking range
3051	3192	0	mooring_point	Mooring point - Port Sarim
3238	3192	0	canoe_station	Canoe station
3473	3192	0	fishing_spot	Fishing spot
2791	3193	0	water_source	Water source
2807	3193	0	agility_training	Agility training
2809	3194	0	dungeon_link	Dungeon with map link
3099	3194	0	fishing_spot	Fishing spot
3321	3194	0	crafting_shop	Crafting shop
2611	3195	0	water_source	Water source
2799	3195	0	water_source	Water source
3234	3195	0	cooking_tutor	Cooking Tutor
3273	3195	0	agility_training	Agility training
2087	3196	0	fishing_spot	Fishing spot
2887	3196	0	fishing_spot	Fishing spot
2567	3197	0	quest_start	Fight Arena
3230	3197	0	cooking_range	Cooking range
2579	3198	0	cooking_range	Cooking range
3240	3199	0	security_tutor	Security Tutor
3040	3201	0	transportation	Transportation
3245	3201	0	deadman_tutor	Deadman Tutor
3314	3201	0	farming_patch	Farming patch
3250	3202	0	rare_trees	Rare trees
3292	3202	0	cooking_range	Cooking range
3298	3202	0	silk_trader	Silk trader
2948	3203	0	crafting_shop	Crafting shop
3233	3203	0	axe_shop	Axe shop
2956	3204	0	archery_shop	Archery shop
2969	3204	0	quest_start	Witch's Potion
2800	3205	0	farming_patch	Farming patch
3014	3205	0	food_shop	Food shop
3046	3205	0	transportation	Transportation
3150	3205	0	quest_start	Lost City
3650	3205	0	bank	Bank
3229	3206	0	water_source	Water source
2605	3208	0	altar	Altar
2608	3208	0	altar	Altar
2967	3208	0	water_source	Water source
3082	3208	0	transportation	Transportation
3245	3208	0	altar	Altar
2591	3210	0	cooking_range	Cooking range
2970	3210	0	cooking_range	Cooking range
3241	3210	0	quest_start	The Restless Ghost
3527	3210	0	furnace	Furnace
2606	3211	0	quest_start	Monk's Friend
2766	3211	0	farming_patch	Farming patch
3222	3211	0	water_source	Water source
3302	3211	0	quest_start	The Feud
3494	3211	0	bank	Bank
3500	3211	0	poll_booth	Poll booth
2956	3212	0	water_source	Water source
3287	3212	0	gem_shop	Gem shop
3646	3212	0	poll_booth	Poll booth
2650	3213	0	dungeon	Dungeon
3207	3213	0	quest_start	Cook's Assistant
3279	3213	0	transportation	Transportation
2781	3214	0	transportation	Transportation
3234	3214	0	task_master	Task Master
3244	3214	0	prayer_tutor	Prayer Tutor
2313	3215	0	dungeon	Dungeon
2950	3215	0	poll_booth	Poll booth
3205	3215	0	water_source	Water source
3210	3215	0	quest_start	Cook's Assistant
3212	3216	0	cooking_range	Cooking range
3669	3216	0	quest_start	A Taste of Hope
2946	3217	0	general_store	General store
2641	3218	0	quest_start	Tower of Life
3030	3218	0	transportation	Transportation
3209	3218	0	dungeon_link	Dungeon with map link
2448	3219	0	hunter_training	Hunter training
3471	3219	0	agility_short-cut	Agility short-cut
3677	3219	0	dungeon	Dungeon
3161	3220	0	water_source	Water source
3166	3220	0	rare_trees	Rare trees
3238	3220	0	lumbridge_guide	Lumbridge Guide
1641	3221	0	dungeon	Dungeon
1512	3222	0	transportation	Transportation
2939	3223	0	farming_patch	Farming patch
3232	3223	0	noticeboard	Noticeboard
1517	3224	0	general_store	General store
2616	3224	0	farming_patch	Farming patch
2916	3224	0	transportation	Transportation
2952	3224	0	house_portal	House/POH portal
3673	3224	0	quest_start	A Night at the Theatre
2733	3225	0	mining_site	Mining site
1500	3226	0	bar	Pub/bar
2906	3226	0	mooring_point	Mooring point - Rimmington
3013	3226	0	fishing_shop	Fishing shop
3222	3226	0	water_source	Water source
2910	3227	0	transportation	Transportation
3096	3227	0	task_master	Task Master
3185	3227	0	rare_trees	Rare trees
3229	3227	0	ironman_tutor	Ironman Tutor
1520	3228	0	bank	Bank
3085	3228	0	fishing_spot	Fishing spot
2569	3229	0	dungeon_link	Dungeon with map link
2758	3229	0	mooring_point	Mooring point - Brimhaven
1487	3230	0	transportation	Transportation
1518	3230	0	poll_booth	Poll booth
3493	3230	0	bar	Pub/bar
1694	3231	0	dungeon	Dungeon
2452	3231	0	dungeon_link	Dungeon with map link
2455	3231	0	altar	Altar
2932	3231	0	rare_trees	Rare trees
3152	3231	0	rare_trees	Rare trees
3489	3231	0	dungeon_link	Dungeon with map link
3682	3231	0	dungeon	Dungeon
2600	3232	0	mining_site	Mining site
2658	3232	0	transportation	Transportation
3016	3232	0	minigame	Minigame
3018	3232	0	dungeon_link	Dungeon with map link
3285	3232	0	quest_start	Temple of the Eye
3440	3232	0	dungeon	Dungeon
3047	3233	0	transportation	Transportation
3190	3233	0	farming_patch	Farming patch
1501	3234	0	water_source	Water source
1444	3235	0	hunter_training	Hunter training
1624	3235	0	fishing_spot	Fishing spot
2587	3235	0	dungeon_link	Dungeon with map link
3217	3235	0	transportation	Transportation
3482	3235	0	water_source	Water source
3016	3236	0	poll_booth	Poll booth
3097	3237	0	noticeboard	Noticeboard
3228	3237	0	noticeboard	Noticeboard
3019	3238	0	cooking_range	Cooking range
3242	3238	0	transportation	Transportation
3314	3238	0	minigame	Minigame
3219	3239	0	combat_tutor	Combat Tutor
2476	3240	0	hunter_training	Hunter training
2978	3240	0	mining_site	Mining site
3232	3240	0	bar	Pub/bar
3480	3240	0	minigame	Minigame
3239	3241	0	fishing_spot	Fishing spot
3516	3241	0	general_store	General store
3091	3242	0	bank	Bank
3227	3242	0	quest_start	X Marks the Spot
3096	3244	0	poll_booth	Poll booth
3118	3244	0	dungeon_link	Dungeon with map link
3453	3244	0	dungeon	Dungeon
1399	3245	0	transportation	Transportation
1499	3245	0	rare_trees	Rare trees
1669	3245	0	cooking_range	Cooking range
2216	3245	0	fishing_spot	Fishing spot
2836	3245	0	mining_site	Mining site
3081	3246	0	holiday_item_trader	Holiday item trader
3212	3246	0	general_store	General store
3228	3246	0	woodcutting_tutor	Woodcutting Tutor
1677	3247	0	dungeon	Dungeon
2820	3247	0	mining_site	Mining site
2573	3248	0	cooking_range	Cooking range
3014	3248	0	jewellery	Jewellery
1679	3249	0	altar	Altar
2569	3249	0	quest_start	Clock Tower
2700	3249	0	transportation	Transportation
2199	3250	0	loom	Loom
2924	3250	0	dungeon_link	Dungeon with map link
3026	3250	0	axe_shop	Axe shop
3227	3250	0	anvil	Anvil
3086	3251	0	quest_start	A Porcine of Interest
1498	3252	0	spinning_wheel	Spinning wheel
1668	3252	0	water_source	Water source
2832	3252	0	agility_short-cut	Agility short-cut
3052	3252	0	quest_start	Pirate's Treasure
3077	3252	0	farming_shop	Farming shop
3165	3252	0	dungeon_link	Dungeon with map link
2270	3253	0	fishing_spot	Fishing spot
2338	3253	0	agility_short-cut	Agility short-cut
3083	3253	0	wine_trader	Wine trader
3238	3253	0	fishing_spot	Fishing spot
3090	3254	0	junk_checker	Junk checker
3226	3254	0	smithing_tutor	Smithing Tutor
2472	3255	0	mining_site	Mining site
2613	3255	0	water_source	Water source
3147	3255	0	rare_trees	Rare trees
2834	3256	0	dungeon_link	Dungeon with map link
1495	3257	0	cooking_range	Cooking range
3048	3257	0	bar	Pub/bar
3227	3257	0	furnace	Furnace
3079	3258	0	quest_start	Fairytale I - Growing Pains
3100	3258	0	rope_trader	Rope trader
3444	3258	0	quest_start	Haunted Mine
2555	3259	0	transportation	Transportation
3014	3259	0	magic_shop	Magic shop
3027	3259	0	water_source	Water source
3057	3259	0	farming_patch	Farming patch
3076	3259	0	quest_start	Fairytale I - Growing Pains
3086	3259	0	dye_trader	Dye trader
1589	3260	0	agility_short-cut	Agility short-cut
3069	3261	0	agility_short-cut	Agility short-cut
2201	3262	0	dungeon	Dungeon
2577	3262	0	transportation	Transportation
2606	3264	0	quest_start	Eagles' Peak
2594	3265	0	quest_start	Cold War
2672	3265	0	mooring_point	Mooring point - Ardougne
3097	3266	0	quest_start	Vamse Slayer
3091	3267	0	slayer_master	Slayer Master
2636	3268	0	transportation	Transportation
2323	3269	0	mining_site	Mining site
2239	3270	0	dungeon_link	Dungeon with map link
3191	3270	0	water_source	Water source
3381	3270	0	bank	Bank
2566	3271	0	quest_start	Hazeel Cult
2722	3271	0	water_source	Water source
2780	3271	0	transportation	Transportation
2658	3272	0	water_source	Water source
3053	3272	0	rare_trees	Rare trees
3084	3272	0	dungeon_link	Dungeon with map link
3188	3272	0	quest_start	Sheep Shearer
2766	3273	0	water_source	Water source
2789	3273	0	fishing_spot	Fishing spot
3030	3273	0	quest_start	The Corsair Curse
3380	3273	0	poll_booth	Poll booth
3440	3273	0	fishing_spot	Fishing spot
1384	3274	0	minecart_network	Minecart network
2731	3274	0	spinning_wheel	Spinning wheel
2162	3275	0	fishing_spot	Fishing spot
2929	3275	0	poll_booth	Poll booth
3190	3275	0	dairy_churn	Dairy churn
3253	3275	0	dairy_cow	Dairy cow
2570	3276	0	quest_start	Secrets of the North
1632	3277	0	mining_site	Mining site
2677	3277	0	mooring_point	Ship boarding plank
3171	3277	0	quest_start	The Ides of Milk
3482	3278	0	quest_start	Shades of Mort'ton
2647	3279	0	poll_booth	Poll booth
2795	3279	0	fishing_spot	Fishing spot
3104	3279	0	agility_training	Agility training
3662	3279	0	transportation	Transportation
2933	3280	0	water_source	Water source
2937	3280	0	bank	Bank
1388	3281	0	rare_trees	Rare trees
2723	3281	0	altar	Altar
3299	3282	0	mining_site	Mining site
3545	3282	0	agility_short-cut	Agility short-cut
2696	3283	0	dungeon_link	Dungeon with map link
2794	3283	0	fishing_spot	Fishing spot
2940	3283	0	mining_site	Mining site
1672	3284	0	mining_site	Mining site
2657	3284	0	bank	Bank
3519	3284	0	transportation	Transportation
3376	3285	0	altar	Altar
2465	3286	0	general_store	General store
2530	3286	0	altar	Altar
1402	3287	0	agility_short-cut	Agility short-cut
1412	3287	0	minecart_network	Minecart network
2861	3287	0	mining_site	Mining site
3039	3287	0	loom	Loom
1627	3288	0	general_store	General store
1646	3288	0	cooking_range	Cooking range
2338	3288	0	agility_short-cut	Agility short-cut
2923	3288	0	dairy_cow	Dairy cow
3021	3288	0	water_source	Water source
1355	3289	0	rare_trees	Rare trees
1622	3289	0	furnace	Furnace
2935	3289	0	potters_wheel	Potters wheel
3025	3289	0	dairy_churn	Dairy churn
3496	3290	0	water_source	Water source
1619	3291	0	platebody_shop	Platebody shop
2623	3292	0	pet_insurance_shop	Pet insurance shop
2731	3292	0	fishing_shop	Fishing shop
2930	3292	0	potters_wheel	Potters wheel
1526	3293	0	bank	Bank
1633	3293	0	water_source	Water source
1842	3293	0	fishing_spot	Fishing spot
3037	3293	0	farming_shop	Farming shop
2612	3294	0	general_store	General store
2632	3294	0	dungeon_link	Dungeon with map link
2641	3294	0	estate_agent	Estate Agent
2653	3294	0	platebody_shop	Platebody shop
3226	3294	0	dairy_churn	Dairy churn
1369	3295	0	agility_short-cut	Agility short-cut
2635	3295	0	minigame	Minigame
3487	3295	0	general_store	General store
2570	3296	0	dungeon	Dungeon
2664	3296	0	fur_trader	Fur trader
2832	3296	0	mining_site	Mining site
2659	3297	0	spice_shop	Spice shop
3491	3297	0	poll_booth	Poll booth
3750	3297	0	bar	Pub/bar
2648	3298	0	cooking_range	Cooking range
2674	3298	0	agility_training	Agility training
1351	3299	0	noticeboard	Noticeboard
1587	3299	0	fishing_spot	Fishing spot
2617	3299	0	quest_start	Sheep Herder
2346	3300	0	agility_short-cut	Agility short-cut
3728	3300	0	dungeon_link	Dungeon with map link
2922	3301	0	transportation	Transportation
1359	3302	0	rare_trees	Rare trees
1387	3302	0	agility_short-cut	Agility short-cut
1613	3302	0	transportation	Transportation
2716	3302	0	quest_start	Sea Slug
2529	3303	0	dungeon	Dungeon
2657	3303	0	silk_trader	Silk trader
2668	3303	0	gem_shop	Gem shop
3040	3303	0	dairy_cow	Dairy cow
1366	3304	0	bar	Pub/bar
1397	3304	0	fishing_spot	Fishing spot
2723	3304	0	transportation	Transportation
2747	3304	0	mooring_point	Mooring point - Witchaven
3702	3304	0	water_source	Water source
3704	3304	0	cooking_range	Cooking range
1438	3305	0	minecart_network	Minecart network
1370	3306	0	water_source	Water source
1861	3306	0	mooring_point	Mooring point - Port Roberts
3721	3306	0	cooking_range	Cooking range
1478	3307	0	agility_short-cut	Agility short-cut
3166	3307	0	windmill	Windmill
3719	3307	0	dungeon_link	Dungeon with map link
3738	3307	0	altar	Altar
1390	3309	0	agility_short-cut	Agility short-cut
1396	3309	0	agility_short-cut	Agility short-cut
2560	3309	0	transportation	Transportation
2618	3309	0	altar	Altar
3053	3309	0	farming_patch	Farming patch
1359	3310	0	transportation	Transportation
1387	3310	0	bank	Bank
2668	3310	0	food_shop	Food shop
2602	3311	0	furnace	Furnace
2630	3311	0	water_source	Water source
2641	3311	0	water_source	Water source
2656	3311	0	food_shop	Food shop
3542	3311	0	water_source	Water source
2996	3312	0	rare_trees	Rare trees
3299	3312	0	mining_site	Mining site
3356	3312	0	rare_trees	Rare trees
3369	3312	0	rare_trees	Rare trees
1363	3313	0	cooking_range	Cooking range
1394	3313	0	fishing_spot	Fishing spot
2948	3313	0	agility_short-cut	Agility short-cut
2972	3313	0	chainmail_shop	Chainmail shop
3225	3313	0	farming_patch	Farming patch
3705	3313	0	water_source	Water source
1373	3314	0	spinning_wheel	Spinning wheel
2658	3314	0	silver_shop	Silver shop
2663	3314	0	silk_trader	Silk trader
2982	3314	0	spinning_wheel	Spinning wheel
2434	3315	0	dungeon	Dungeon
2986	3315	0	water_source	Water source
3306	3315	0	agility_short-cut	Agility short-cut
3506	3315	0	minigame	Minigame
3019	3316	0	rare_trees	Rare trees
3596	3316	0	cooking_range	Cooking range
3695	3316	0	cooking_range	Cooking range
2617	3317	0	cooking_range	Cooking range
1367	3318	0	farming_patch	Farming patch
2562	3318	0	minigame	Minigame
2917	3318	0	cooking_range	Cooking range
3363	3318	0	minigame	Minigame
2783	3319	0	salvaging	Fisherman's Salvage (lvl 26)
3172	3319	0	dairy_cow	Dairy cow
3729	3319	0	quest_start	Sins of the Father
3755	3319	0	anvil	Anvil
1346	3320	0	minecart_network	Minecart network
1362	3320	0	rare_trees	Rare trees
2561	3320	0	dungeon_link	Dungeon with map link
2572	3320	0	quest_start	Temple of Ikov
3042	3320	0	rare_trees	Rare trees
1456	3321	0	rare_trees	Rare trees
2549	3321	0	water_source	Water source
3485	3321	0	dungeon_link	Dungeon with map link
1394	3322	0	agility_short-cut	Agility short-cut
2575	3322	0	bar	Pub/bar
1170	3323	0	mining_site	Mining site
1381	3323	0	rare_trees	Rare trees
1431	3323	0	transportation	Transportation
1590	3323	0	salvaging	Small Salvage (lvl 15)
2547	3323	0	cooking_range	Cooking range
3612	3323	0	cooking_range	Cooking range
2159	3324	0	mooring_point	Mooring point - Prifddinas
2171	3324	0	shipwright	Shipwright
2682	3324	0	transportation	Transportation
2917	3324	0	dairy_churn	Dairy churn
2920	3324	0	makeover_mage	Makeover mage
1368	3325	0	agility_short-cut	Agility short-cut
2574	3325	0	task_master	Task Master
2617	3325	0	water_source	Water source
1566	3326	0	fishing_spot	Fishing spot
3410	3326	0	transportation	Transportation
3419	3326	0	agility_short-cut	Agility short-cut
3610	3326	0	water_source	Water source
2183	3327	0	dungeon_link	Dungeon with map link
2297	3327	0	dungeon_link	Dungeon with map link
2589	3327	0	potters_wheel	Potters wheel
2170	3328	0	noticeboard	Port task board
1397	3329	0	minecart_network	Minecart network
1459	3330	0	fishing_spot	Fishing spot
2500	3330	0	anvil	Anvil
2969	3330	0	cooking_range	Cooking range
3110	3330	0	quest_start	Ernest the Chicken
2617	3331	0	bank	Bank
2710	3331	0	mining_site	Mining site
2876	3331	0	fishing_spot	Fishing spot
2965	3331	0	dungeon_link	Dungeon with map link
1454	3332	0	agility_short-cut	Agility short-cut
2569	3332	0	quest_start	Plague City
2695	3332	0	mining_site	Mining site
1477	3333	0	minecart_network	Minecart network
3266	3333	0	quest_start	What Lies Below
3357	3333	0	potters_wheel	Potters wheel
3697	3333	0	water_source	Water source
2573	3334	0	water_source	Water source
2734	3334	0	rare_trees	Rare trees
2813	3334	0	farming_patch	Farming patch
2857	3334	0	cooking_range	Cooking range
2944	3334	0	gem_shop	Gem shop
3240	3334	0	agility_short-cut	Agility short-cut
3610	3334	0	cooking_range	Cooking range
3614	3334	0	water_source	Water source
3622	3334	0	cooking_range	Cooking range
3657	3334	0	furnace	Furnace
2173	3335	0	cargo_bay	Cargo bay
2568	3335	0	quest_start	Plague City
2592	3335	0	quest_start	Biohazard
2613	3335	0	poll_booth	Poll booth
2879	3335	0	mooring_point	Mooring point - Entrana
3365	3335	0	quest_start	The Dig Site
2603	3336	0	agility_short-cut	Agility short-cut
3641	3336	0	general_store	General store
3697	3337	0	cooking_range	Cooking range
1393	3339	0	rare_trees	Rare trees
3019	3339	0	dungeon_link	Dungeon with map link
3632	3340	0	dungeon	Dungeon
3744	3340	0	water_source	Water source
3748	3340	0	cooking_range	Cooking range
1402	3341	0	axe_shop	Axe shop
2816	3341	0	sandpit	Sandpit
3364	3341	0	quest_start	The Dig Site
1452	3342	0	minecart_network	Minecart network
2876	3342	0	fishing_spot	Fishing spot
2977	3342	0	quest_start	The Knight's Sword
3036	3342	0	agility_training	Agility training
3192	3342	0	agility_short-cut	Agility short-cut
1405	3343	0	anvil	Anvil
1412	3343	0	staff_shop	Staff shop
3022	3343	0	hot_air_balloon	Hot air balloon
1371	3344	0	rare_trees	Rare trees
2809	3344	0	herbalist	Herbalist
3203	3344	0	transportation	Transportation
3643	3345	0	cooking_range	Cooking range
1350	3346	0	hunter_training	Hunter training
2436	3346	0	quest_start	The Enchanted Key
3040	3346	0	cooking_range	Cooking range
3622	3346	0	water_source	Water source
2811	3347	0	water_source	Water source
2978	3347	0	task_master	Task Master
3150	3347	0	dungeon_link	Dungeon with map link
2853	3348	0	altar	Altar
3051	3348	0	water_source	Water source
3644	3348	0	water_source	Water source
3662	3348	0	water_source	Water source
2143	3350	0	salvaging	Barracuda Salvage (lvl 35)
2163	3350	0	fishing_spot	Fishing spot
1379	3351	0	general_store	General store
1442	3351	0	cooking_range	Cooking range
2819	3351	0	poll_booth	Poll booth
1432	3352	0	rare_trees	Rare trees
2673	3352	0	dairy_cow	Dairy cow
2822	3352	0	cooking_range	Cooking range
2834	3352	0	furnace	Furnace
3086	3352	0	agility_short-cut	Agility short-cut
3188	3352	0	cooking_range	Cooking range
1416	3353	0	bank	Bank
2740	3353	0	transportation	Transportation
3038	3353	0	water_source	Water source
1379	3354	0	cooking_range	Cooking range
1393	3354	0	bar	Pub/bar
1419	3354	0	poll_booth	Poll booth
1450	3354	0	farming_patch	Farming patch
3012	3354	0	bank	Bank
3605	3354	0	altar	Altar
2643	3355	0	cooking_range	Cooking range
3189	3355	0	dungeon_link	Dungeon with map link
1396	3356	0	quest_start	Shadows of Custodia
2562	3356	0	dungeon_link	Dungeon with map link
2810	3356	0	quest_start	Enlightened Journey
2842	3356	0	fishing_spot	Fishing spot
3019	3356	0	poll_booth	Poll booth
3052	3356	0	cooking_range	Cooking range
3085	3356	0	farming_patch	Farming patch
3183	3356	0	farming_patch	Farming patch
1382	3357	0	cooking_range	Cooking range
2937	3357	0	agility_short-cut	Agility short-cut
3115	3357	0	dungeon_link	Dungeon with map link
1370	3358	0	tannery	Tannery
2573	3358	0	transportation	Transportation
1430	3359	0	water_source	Water source
2843	3359	0	fishing_spot	Fishing spot
3644	3359	0	candle_shop	Candle shop
3095	3360	0	quest_start	Animal Magnetism
3697	3360	0	cooking_range	Cooking range
1379	3361	0	water_source	Water source
2848	3361	0	fishing_spot	Fishing spot
1369	3362	0	loom	Loom
2908	3362	0	mining_site	Mining site
3092	3362	0	dungeon_link	Dungeon with map link
3151	3362	0	agility_short-cut	Agility short-cut
3191	3362	0	quest_start	Dragon Slayer I
3632	3362	0	rare_trees	Rare trees
3657	3362	0	cooking_range	Cooking range
1411	3363	0	transportation	Transportation
2990	3363	0	minigame	Minigame
3665	3363	0	anvil	Anvil
1325	3364	0	dungeon_link	Dungeon with map link
2642	3364	0	dairy_churn	Dairy churn
2645	3364	0	farming_shop	Farming shop
3252	3364	0	rare_trees	Rare trees
3287	3365	0	mining_site	Mining site
2723	3366	0	quest_start	Legends' Quest
3608	3366	0	poll_booth	Poll booth
2844	3367	0	cooking_range	Cooking range
3039	3367	0	cooking_range	Cooking range
3097	3367	0	cooking_range	Cooking range
1367	3368	0	minigame	Minigame
1565	3368	0	fishing_spot	Fishing spot
2510	3368	0	dummy	Dummy
2947	3368	0	bank	Bank
2957	3368	0	bar	Pub/bar
2983	3368	0	estate_agent	Estate Agent
3664	3368	0	cooking_range	Cooking range
1395	3369	0	sawmill	Sawmill
2639	3369	0	water_source	Water source
2976	3369	0	furnace	Furnace
3604	3369	0	bank	Bank
3647	3369	0	potters_wheel	Potters wheel
2566	3370	0	fishing_spot	Fishing spot
2733	3370	0	water_source	Water source
3177	3370	0	mining_site	Mining site
3662	3370	0	water_source	Water source
1377	3371	0	furnace	Furnace
2164	3371	0	fishing_spot	Fishing spot
2999	3372	0	quest_start	The Slug Menace
2944	3373	0	poll_booth	Poll booth
3018	3373	0	garden_supplier	Garden supplier
1296	3374	0	dungeon_link	Dungeon with map link
1369	3374	0	minecart_network	Minecart network
2561	3374	0	fishing_spot	Fishing spot
2820	3374	0	dungeon_link	Dungeon with map link
2995	3374	0	quest_start	The Slug Menace
2664	3375	0	farming_patch	Farming patch
2724	3375	0	dungeon_link	Dungeon with map link
3006	3375	0	farming_patch	Farming patch
1422	3376	0	cooking_range	Cooking range
2998	3376	0	dungeon_link	Dungeon with map link
3059	3377	0	dungeon_link	Dungeon with map link
3666	3379	0	cooking_range	Cooking range
2945	3380	0	hairdresser	hairdresser
3499	3380	0	transportation	Transportation
3564	3380	0	agility_short-cut	Agility short-cut
3602	3380	0	clothes_shop	Clothes shop
1390	3381	0	rare_trees	Rare trees
3259	3381	0	altar	Altar
1291	3382	0	fishing_spot	Fishing spot
2713	3382	0	rare_trees	Rare trees
2950	3382	0	water_source	Water source
3238	3382	0	cooking_range	Cooking range
2977	3383	0	shield_shop	Shield shop
3244	3383	0	dungeon_link	Dungeon with map link
3627	3383	0	water_source	Water source
2239	3384	0	dungeon_link	Dungeon with map link
2513	3384	0	sword_shop	Sword shop
3607	3384	0	cooking_range	Cooking range
3630	3384	0	cooking_range	Cooking range
2632	3385	0	windmill	Windmill
3685	3385	0	rare_trees	Rare trees
1282	3386	0	transportation	Transportation
2394	3386	0	water_source	Water source
2950	3386	0	mace_shop	Mace shop
3646	3386	0	water_source	Water source
3654	3386	0	minigame	Minigame
2986	3387	0	dungeon_link	Dungeon with map link
3618	3387	0	food_shop	Food shop
3219	3388	0	cooking_range	Cooking range
3622	3388	0	cooking_range	Cooking range
2956	3389	0	general_store	General store
3032	3391	0	agility_short-cut	Agility short-cut
1388	3392	0	hunter_training	Hunter training
3268	3392	0	bar	Pub/bar
2623	3393	0	dungeon_link	Dungeon with map link
3600	3393	0	bar	Pub/bar
1257	3395	0	transportation	Transportation
3609	3395	0	water_source	Water source
3618	3395	0	water_source	Water source
3622	3395	0	cooking_range	Cooking range
2494	3396	0	rare_trees	Rare trees
3323	3396	0	water_source	Water source
2616	3397	0	cooking_range	Cooking range
2678	3397	0	water_source	Water source
2705	3397	0	rare_trees	Rare trees
2884	3397	0	dungeon_link	Dungeon with map link
3226	3397	0	bar	Pub/bar
2475	3398	0	spinning_wheel	Spinning wheel
3247	3398	0	cooking_range	Cooking range
3281	3398	0	clothes_shop	Clothes shop
2202	3399	0	water_source	Water source
3206	3399	0	sword_shop	Sword shop
1251	3400	0	fishing_spot	Fishing spot
3267	3400	0	minigame	Minigame
2487	3401	0	spinning_wheel	Spinning wheel
2595	3401	0	fishing_shop	Fishing shop
1507	3402	0	mooring_point	Mooring point - Land's End
2205	3403	0	cooking_range	Cooking range
3195	3403	0	apothecary	Apothecary
3237	3403	0	cooking_range	Cooking range
3253	3403	0	magic_shop	Magic shop
2677	3404	0	dungeon	Dungeon
3247	3404	0	anvil	Anvil
3279	3404	0	quest_start	Family Crest
2537	3405	0	fishing_spot	Fishing spot
2706	3405	0	cooking_range	Cooking range
3678	3405	0	hunter_training	Hunter training
3270	3407	0	water_source	Water source
1261	3408	0	fishing_spot	Fishing spot
2270	3408	0	hunter_training	Hunter training
1297	3409	0	rare_trees	Rare trees
2525	3409	0	transportation	Transportation
2590	3409	0	poll_booth	Poll booth
3085	3409	0	potters_wheel	Potters wheel
3112	3409	0	transportation	Transportation
3153	3409	0	quest_start	Gertrude's Cat
3238	3409	0	cooking_range	Cooking range
3426	3409	0	fishing_spot	Fishing spot
3657	3409	0	dungeon_link	Dungeon with map link
2488	3410	0	spinning_wheel	Spinning wheel
3156	3410	0	cooking_range	Cooking range
1192	3411	0	dungeon	Dungeon
2198	3411	0	windmill	Windmill
2210	3411	0	cooking_range	Cooking range
2433	3411	0	rare_trees	Rare trees
3081	3411	0	anvil	Anvil
3150	3411	0	quest_start	Gertrude's Cat
1282	3412	0	mining_site	Mining site
2527	3412	0	fishing_spot	Fishing spot
2797	3412	0	mooring_point	Mooring point - Catherby
2612	3413	0	fishing_spot	Fishing spot
3271	3413	0	tea_trader	Tea trader
3280	3413	0	transportation	Transportation
1535	3414	0	fishing_spot	Fishing spot
2491	3414	0	rare_trees	Rare trees
2828	3414	0	fishing_spot	Fishing spot
3220	3414	0	agility_training	Agility training
2164	3415	0	mining_site	Mining site
2383	3415	0	fishing_spot	Fishing spot
2627	3415	0	fishing_spot	Fishing spot
3216	3415	0	general_store	General store
3225	3415	0	task_master	Task Master
3433	3415	0	fishing_spot	Fishing spot
3203	3416	0	clothes_shop	Clothes shop
1781	3417	0	transportation	Transportation
2443	3417	0	water_source	Water source
2606	3417	0	fishing_spot	Fishing spot
2637	3417	0	anvil	Anvil
2435	3418	0	farming_patch	Farming patch
2403	3419	0	dungeon_link	Dungeon with map link
2672	3419	0	minigame	Minigame
2197	3420	0	dairy_cow	Dairy cow
2508	3420	0	fishing_spot	Fishing spot
2584	3420	0	bank	Bank
3081	3420	0	dungeon_link	Dungeon with map link
3254	3420	0	bank	Bank
1513	3421	0	bank	Bank
1592	3421	0	rare_trees	Rare trees
3079	3421	0	mining_site	Mining site
2390	3422	0	fishing_spot	Fishing spot
2937	3422	0	transportation	Transportation
1508	3423	0	poll_booth	Poll booth
2605	3423	0	fishing_spot	Fishing spot
2696	3423	0	rare_trees	Rare trees
2854	3423	0	fishing_spot	Fishing spot
3186	3423	0	smithing_tutor	Smithing Tutor
3211	3423	0	quest_start	Romeo & Juliet
3233	3423	0	archery_shop	Archery shop
3251	3423	0	poll_booth	Poll booth
2428	3424	0	dungeon_link	Dungeon with map link
2432	3424	0	slayer_master	Slayer Master
2447	3424	0	bank	Bank
2842	3424	0	dungeon_link	Dungeon with map link
3104	3424	0	fishing_spot	Fishing spot
3205	3424	0	quest_start	Demon Slayer
2218	3425	0	transportation	Transportation
2632	3425	0	fishing_spot	Fishing spot
3220	3425	0	noticeboard	Noticeboard
1502	3426	0	water_source	Water source
2599	3426	0	transportation	Transportation
2860	3426	0	fishing_spot	Fishing spot
1890	3427	0	cooking_range	Cooking range
2210	3427	0	rare_trees	Rare trees
2284	3427	0	altar	Altar
2372	3427	0	rare_trees	Rare trees
3160	3427	0	cooking_range	Cooking range
3188	3427	0	anvil	Anvil
3211	3427	0	water_source	Water source
1582	3428	0	dungeon	Dungeon
2235	3428	0	fishing_spot	Fishing spot
2896	3428	0	herbalist	Herbalist
3225	3428	0	quest_start	Children of the Sun
1175	3429	0	dungeon	Dungeon
1893	3429	0	mooring_point	Mooring point - Chinchompa Island
2845	3429	0	fishing_spot	Fishing spot
2869	3429	0	agility_short-cut	Agility short-cut
3074	3429	0	helmet_shop	Helmet shop
2227	3430	0	fishing_spot	Fishing spot
2802	3430	0	quest_start	Current Affairs
3081	3430	0	spinning_wheel	Spinning wheel
1259	3431	0	dungeon	Dungeon
2758	3431	0	rare_trees	Rare trees
2837	3431	0	fishing_spot	Fishing spot
1485	3432	0	fishing_spot	Fishing spot
1885	3432	0	hunter_training	Hunter training
2435	3432	0	rare_trees	Rare trees
2444	3432	0	poll_booth	Poll booth
2637	3432	0	cooking_range	Cooking range
2803	3432	0	general_store	General store
2859	3432	0	farming_patch	Farming patch
3221	3432	0	newspaper_trader	Newspaper trader
2677	3433	0	tannery	Tannery
3110	3433	0	fishing_spot	Fishing spot
3469	3433	0	transportation	Transportation
3481	3433	0	fishing_spot	Fishing spot
3238	3434	0	water_source	Water source
1271	3435	0	dungeon	Dungeon
2630	3435	0	fishing_spot	Fishing spot
2841	3435	0	agility_short-cut	Agility short-cut
3228	3435	0	anvil	Anvil
3255	3435	0	dummy	Dummy
1557	3436	0	hunter_training	Hunter training
1889	3436	0	fishing_spot	Fishing spot
2475	3436	0	agility_training	Agility training
2934	3436	0	farming_patch	Farming patch
3002	3436	0	quest_start	Below Ice Mountain
3217	3436	0	fur_trader	Fur trader
3203	3437	0	staff_shop	Staff shop
3180	3438	0	poll_booth	Poll booth
3554	3438	0	hunter_training	Hunter training
2614	3439	0	transportation	Transportation
2800	3439	0	candle_shop	Candle shop
2812	3439	0	poll_booth	Poll booth
2946	3439	0	agility_short-cut	Agility short-cut
3229	3440	0	platebody_shop	Platebody shop
2830	3441	0	water_source	Water source
2891	3441	0	water_source	Water source
3079	3441	0	bar	Pub/bar
3186	3441	0	bank	Bank
1514	3442	0	cooking_range	Cooking range
2808	3442	0	bank	Bank
2823	3442	0	archery_shop	Archery shop
1517	3443	0	water_source	Water source
1611	3443	0	rare_trees	Rare trees
2833	3443	0	fishing_shop	Fishing shop
2223	3444	0	salvaging	Barracuda Salvage (lvl 35)
2610	3444	0	fishing_spot	Fishing spot
2618	3444	0	fishing_spot	Fishing spot
2637	3444	0	fishing_spot	Fishing spot
2818	3444	0	cooking_range	Cooking range
2235	3445	0	fishing_spot	Fishing spot
2473	3445	0	farming_patch	Farming patch
3536	3445	0	hunter_training	Hunter training
2460	3446	0	transportation	Transportation
3142	3446	0	cookery_shop	Cookery shop
3148	3447	0	bank	Bank
3675	3447	0	rare_trees	Rare trees
2915	3448	0	poll_booth	Poll booth
3362	3448	0	transportation	Transportation
3486	3448	0	fishing_spot	Fishing spot
3509	3448	0	dungeon	Dungeon
1644	3449	0	dungeon_link	Dungeon with map link
2819	3449	0	water_source	Water source
3138	3449	0	water_source	Water source
2885	3450	0	sword_shop	Sword shop
2906	3450	0	quest_start	While Guthix Sleeps
2953	3450	0	quest_start	Doric's Quest
3018	3450	0	dungeon_link	Dungeon with map link
3260	3450	0	quest_start	Bone Voyage
3309	3450	0	dungeon_link	Dungeon with map link
2950	3451	0	anvil	Anvil
3142	3451	0	windmill	Windmill
1194	3452	0	transportation	Transportation
1530	3452	0	rare_trees	Rare trees
1727	3452	0	mooring_point	Mooring point - Hosidius
3116	3452	0	dungeon_link	Dungeon with map link
2891	3454	0	quest_start	Grim Tales
3147	3454	0	cooking_range	Cooking range
3308	3454	0	quest_start	A Soul's Bane
2819	3455	0	cooking_range	Cooking range
3036	3455	0	quest_start	A Ruff Situation
2928	3456	0	quest_start	Witch's House
1780	3457	0	transportation	Transportation
3227	3457	0	farming_patch	Farming patch
3237	3458	0	dungeon_link	Dungeon with map link
2253	3459	0	minigame	The Gwenith Glide (Barracuda Trials)
2466	3459	0	task_master	Task Master
2479	3459	0	transportation	Transportation
2694	3460	0	altar	Altar
2715	3460	0	rare_trees	Rare trees
1725	3461	0	noticeboard	Port task board
2567	3461	0	quest_start	Dwarf Cannon
3170	3461	0	bond_tutor	Bond Tutor
3543	3461	0	dungeon_link	Dungeon with map link
3693	3461	0	poll_booth	Poll booth
2811	3462	0	farming_patch	Farming patch
2820	3462	0	farming_shop	Farming shop
3256	3462	0	hairdresser	hairdresser
3207	3463	0	water_source	Water source
3218	3463	0	water_source	Water source
3543	3463	0	agility_training	Agility training
1571	3464	0	transportation	Transportation
1717	3464	0	bank	Bank
3495	3464	0	dungeon_link	Dungeon with map link
2721	3465	0	rare_trees	Rare trees
2892	3465	0	house_portal	House/POH portal
2223	3466	0	mooring_point	Mooring point - Ynysdail
2713	3466	0	canoe_station	Canoe station
2749	3466	0	rare_trees	Rare trees
3675	3467	0	cooking_range	Cooking range
3689	3467	0	bank	Bank
1726	3468	0	shipwright	Shipwright
2228	3468	0	transportation	Transportation
1677	3469	0	fishing_spot	Fishing spot
3086	3469	0	rare_trees	Rare trees
3097	3469	0	dungeon_link	Dungeon with map link
3497	3469	0	bar	Pub/bar
1229	3470	0	transportation	Transportation
3190	3470	0	water_source	Water source
3305	3470	0	rare_trees	Rare trees
2361	3471	0	rare_trees	Rare trees
3228	3471	0	agility_short-cut	Agility short-cut
3241	3471	0	minigame	Minigame
3271	3471	0	rare_trees	Rare trees
3450	3471	0	farming_patch	Farming patch
1312	3472	0	quest_start	The Garden of Death
3447	3472	0	transportation	Transportation
2699	3473	0	water_source	Water source
3143	3473	0	minigame	Minigame
3182	3473	0	hot_air_balloon	Hot air balloon
3220	3473	0	quest_start	Priest in Peril
3249	3473	0	rare_trees	Rare trees
3083	3474	0	minigame	Minigame
3089	3474	0	transportation	Transportation
3658	3474	0	general_store	General store
1589	3475	0	bank	Bank
2599	3475	0	agility_short-cut	Agility short-cut
2225	3476	0	mining_site	Mining site
2716	3476	0	cooking_range	Cooking range
2759	3476	0	task_master	Task Master
3240	3476	0	estate_agent	Estate Agent
3423	3476	0	agility_short-cut	Agility short-cut
1271	3477	0	transportation	Transportation
3097	3477	0	canoe_station	Canoe station
3228	3477	0	quest_start	Garden of Tranquillity
3503	3477	0	quest_start	In Search of the Myreque
1513	3478	0	hunter_training	Hunter training
2219	3478	0	dungeon_link	Dungeon with map link
2728	3478	0	noticeboard	Noticeboard
3465	3478	0	task_master	Task Master
1669	3479	0	fishing_spot	Fishing spot
2761	3479	0	water_source	Water source
2766	3479	0	water_source	Water source
2771	3479	0	water_source	Water source
3688	3479	0	furnace	Furnace
1593	3480	0	poll_booth	Poll booth
1806	3480	0	transportation	Transportation
2877	3480	0	dungeon_link	Dungeon with map link
3299	3480	0	transportation	Transportation
3086	3481	0	rare_trees	Rare trees
2715	3482	0	quest_start	Elemental Workshop I
1570	3483	0	rare_trees	Rare trees
2876	3483	0	quest_start	Fishing Contest
2581	3484	0	mining_site	Mining site
2820	3484	0	dungeon_link	Dungeon with map link
2917	3484	0	quest_start	Druidic Ritual
2926	3484	0	altar	Altar
2999	3484	0	agility_short-cut	Agility short-cut
3254	3484	0	altar	Altar
3422	3484	0	dungeon_link	Dungeon with map link
1823	3485	0	water_source	Water source
3488	3485	0	quest_start	Creature of Fenkenstrain
2750	3486	0	water_source	Water source
2767	3486	0	water_source	Water source
2369	3487	0	transportation	Transportation
2821	3487	0	quest_start	Fishing Contest
3435	3487	0	minigame	Minigame
3704	3487	0	transportation	Transportation
1579	3488	0	rare_trees	Rare trees
2382	3488	0	minigame	Minigame
2729	3488	0	agility_training	Agility training
3092	3488	0	poll_booth	Poll booth
3277	3488	0	bar	Pub/bar
3286	3488	0	cooking_range	Cooking range
1778	3489	0	mining_site	Mining site
2691	3489	0	bar	Pub/bar
3051	3489	0	water_source	Water source
3077	3489	0	water_source	Water source
3416	3489	0	altar	Altar
1676	3490	0	fishing_spot	Fishing spot
2496	3490	0	rare_trees	Rare trees
3507	3490	0	agility_training	Agility training
1594	3491	0	rare_trees	Rare trees
2709	3491	0	anvil	Anvil
2721	3492	0	poll_booth	Poll booth
3406	3492	0	quest_start	Devious Minds
1570	3493	0	rare_trees	Rare trees
2999	3493	0	dungeon_link	Dungeon with map link
3680	3493	0	bar	Pub/bar
1614	3494	0	rare_trees	Rare trees
2465	3494	0	quest_start	The Grand Tree
2726	3494	0	bank	Bank
3094	3494	0	bank	Bank
3267	3494	0	rare_trees	Rare trees
3301	3494	0	sawmill	Sawmill
1294	3495	0	transportation	Transportation
2505	3495	0	fishing_spot	Fishing spot
3209	3495	0	quest_start	Shield of Arrav
3476	3495	0	general_store	General store
1641	3496	0	rare_trees	Rare trees
2463	3496	0	dungeon_link	Dungeon with map link
2467	3496	0	quest_start	The Grand Tree
3077	3496	0	cooking_range	Cooking range
3127	3496	0	transportation	Transportation
3224	3496	0	water_source	Water source
3488	3496	0	tannery	Tannery
3599	3496	0	transportation	Transportation
3675	3496	0	quest_start	Cabin Fever
2644	3497	0	transportation	Transportation
3221	3497	0	cooking_range	Cooking range
2466	3498	0	quest_start	The Grand Tree
2522	3498	0	quest_start	Waterfall Quest
2757	3498	0	water_source	Water source
3372	3498	0	mining_site	Mining site
3680	3498	0	dungeon_link	Dungeon with map link
1584	3499	0	rare_trees	Rare trees
2321	3499	0	agility_short-cut	Agility short-cut
3109	3499	0	furnace	Furnace
3681	3499	0	brewery	Brewery
1621	3500	0	sawmill	Sawmill
1653	3500	0	axe_shop	Axe shop
1743	3500	0	altar	Altar
1808	3500	0	water_source	Water source
3209	3500	0	rare_trees	Rare trees
1797	3501	0	minigame	Minigame
2727	3501	0	rare_trees	Rare trees
2846	3501	0	transportation	Transportation
3282	3501	0	quest_start	Defender of Varrock
1835	3502	0	water_source	Water source
2739	3502	0	estate_agent	Estate Agent
3084	3502	0	water_source	Water source
3222	3503	0	rare_trees	Rare trees
1482	3504	0	hunter_training	Hunter training
3140	3504	0	transportation	Transportation
3205	3504	0	rare_trees	Rare trees
3230	3504	0	dungeon_link	Dungeon with map link
3360	3504	0	quest_start	Rag and Bone Man I
2698	3506	0	mining_site	Mining site
3096	3506	0	bounty_hunter_store	Bounty Hunter Store
3405	3506	0	dungeon_link	Dungeon with map link
2892	3507	0	dungeon_link	Dungeon with map link
2947	3507	0	dungeon	Dungeon
3163	3507	0	bounty_hunter_store	Bounty Hunter Store
3362	3507	0	quest_start	Rag and Bone Man I
1604	3508	0	dungeon_link	Dungeon with map link
1648	3508	0	rare_trees	Rare trees
2512	3508	0	dungeon_link	Dungeon with map link
2501	3509	0	fishing_spot	Fishing spot
2958	3509	0	quest_start	Goblin Diplomacy
3080	3509	0	general_store	General store
3131	3509	0	transportation	Transportation
3511	3509	0	slayer_master	Slayer Master
2359	3510	0	rare_trees	Rare trees
2711	3510	0	rare_trees	Rare trees
2823	3510	0	dungeon_link	Dungeon with map link
3185	3510	0	transportation	Transportation
3678	3510	0	quest_start	Ghosts Ahoy
2904	3511	0	quest_start	Heroes' Quest
1622	3512	0	rare_trees	Rare trees
2764	3513	0	quest_start	Holy Grail
2933	3513	0	altar	Altar
1614	3514	0	altar	Altar
2332	3514	0	rare_trees	Rare trees
2486	3515	0	agility_short-cut	Agility short-cut
2506	3515	0	fishing_spot	Fishing spot
3140	3515	0	agility_short-cut	Agility short-cut
3343	3515	0	dungeon	Dungeon
1822	3516	0	water_source	Water source
2762	3516	0	quest_start	Holy Grail
2772	3516	0	water_source	Water source
2847	3516	0	dungeon_link	Dungeon with map link
3109	3516	0	slayer_master	Slayer Master
1741	3517	0	house_portal	House/POH portal
3121	3517	0	task_master	Task Master
2521	3518	0	fishing_spot	Fishing spot
2857	3519	0	dungeon_link	Dungeon with map link
3652	3519	0	dungeon_link	Dungeon with map link
1788	3522	0	dungeon	Dungeon
2662	3523	0	farming_patch	Farming patch
2926	3523	0	agility_short-cut	Agility short-cut
1691	3524	0	rare_trees	Rare trees
2726	3524	0	fishing_spot	Fishing spot
3599	3524	0	farming_patch	Farming patch
1786	3525	0	cooking_range	Cooking range
3628	3525	0	farming_shop	Farming shop
1590	3526	0	dungeon	Dungeon
1789	3526	0	water_source	Water source
2894	3528	0	quest_start	Death Plateau
2898	3529	0	quest_start	Death Plateau
3588	3529	0	water_source	Water source
2151	3530	0	mooring_point	Mooring point - Drumstick Isle
2715	3531	0	fishing_spot	Fishing spot
1753	3532	0	loom	Loom
3443	3532	0	agility_short-cut	Agility short-cut
1643	3533	0	rare_trees	Rare trees
2901	3533	0	dummy	Dummy
3418	3533	0	agility_short-cut	Agility short-cut
1711	3535	0	water_source	Water source
3417	3535	0	dungeon_link	Dungeon with map link
3678	3535	0	quest_start	Rum Deal
1747	3536	0	dairy_churn	Dairy churn
2931	3536	0	slayer_master	Slayer Master
2137	3537	0	fishing_spot	Fishing spot
2854	3537	0	minigame	Minigame
2906	3537	0	minigame	Minigame
3681	3537	0	dungeon_link	Dungeon with map link
1401	3538	0	transportation	Transportation
3681	3538	0	transportation	Transportation
1824	3539	0	transportation	Transportation
1691	3540	0	farming_patch	Farming patch
2153	3540	0	rare_trees	Rare trees
2792	3540	0	clothes_shop	Clothes shop
1266	3541	0	fishing_spot	Fishing spot
1541	3541	0	water_source	Water source
2159	3541	0	fishing_spot	Fishing spot
1254	3542	0	fishing_spot	Fishing spot
1530	3542	0	cooking_range	Cooking range
1657	3542	0	transportation	Transportation
1732	3542	0	windmill	Windmill
2833	3542	0	dungeon_link	Dungeon with map link
2841	3542	0	bank	Bank
2912	3542	0	bar	Pub/bar
1538	3543	0	cooking_range	Cooking range
2131	3544	0	fishing_spot	Fishing spot
1567	3545	0	sword_shop	Sword shop
3671	3545	0	transportation	Transportation
1272	3546	0	fishing_spot	Fishing spot
2137	3546	0	rare_trees	Rare trees
2881	3546	0	hot_air_balloon	Hot air balloon
2927	3546	0	general_store	General store
2498	3548	0	fishing_spot	Fishing spot
2920	3548	0	water_source	Water source
1483	3549	0	dungeon_link	Dungeon with map link
1254	3550	0	transportation	Transportation
1554	3551	0	rare_trees	Rare trees
1721	3551	0	agility_short-cut	Agility short-cut
2156	3551	0	fishing_spot	Fishing spot
2858	3551	0	minigame	Minigame
3421	3551	0	agility_short-cut	Agility short-cut
2839	3552	0	food_shop	Food shop
1466	3553	0	water_source	Water source
1569	3553	0	water_source	Water source
2846	3553	0	apothecary	Apothecary
1572	3554	0	cooking_range	Cooking range
1697	3554	0	rare_trees	Rare trees
1821	3554	0	water_source	Water source
2742	3554	0	quest_start	King's Ransom
1540	3556	0	archery_shop	Archery shop
1806	3556	0	farming_patch	Farming patch
2894	3556	0	water_source	Water source
2150	3557	0	rare_trees	Rare trees
2918	3557	0	quest_start	A Tail of Two Cats
1233	3558	0	raids_lobby	Raids Lobby
1466	3558	0	water_source	Water source
1647	3558	0	fishing_spot	Fishing spot
1730	3558	0	farming_patch	Farming patch
1214	3559	0	dungeon	Dungeon
1276	3559	0	transportation	Transportation
1550	3560	0	water_source	Water source
2738	3560	0	dairy_cow	Dairy cow
3505	3560	0	agility_short-cut	Agility short-cut
2539	3561	0	poll_booth	Poll booth
2922	3561	0	water_source	Water source
3792	3561	0	transportation	Transportation
1497	3562	0	altar	Altar
2510	3562	0	fishing_spot	Fishing spot
2741	3562	0	quest_start	Murder Mystery
1281	3563	0	water_source	Water source
1776	3563	0	cooking_range	Cooking range
2747	3563	0	water_source	Water source
1752	3564	0	rare_trees	Rare trees
2901	3565	0	minigame	Minigame
1585	3566	0	fishing_spot	Fishing spot
1762	3566	0	water_source	Water source
1551	3567	0	bar	Pub/bar
1670	3567	0	dungeon_link	Dungeon with map link
1772	3567	0	water_source	Water source
1809	3567	0	bank	Bank
2929	3567	0	water_source	Water source
1562	3568	0	water_source	Water source
1261	3569	0	poll_booth	Poll booth
1465	3569	0	dungeon	Dungeon
2532	3569	0	minigame	Minigame
2545	3569	0	agility_training	Agility training
3105	3569	0	mining_site	Mining site
1251	3570	0	bank	Bank
1542	3570	0	quest_start	Tale of the Righteous
1558	3570	0	water_source	Water source
1565	3570	0	chainmail_shop	Chainmail shop
1613	3570	0	agility_short-cut	Agility short-cut
1640	3570	0	water_source	Water source
1651	3570	0	spinning_wheel	Spinning wheel
1782	3570	0	quest_start	The Depths of Despair
2711	3570	0	rare_trees	Rare trees
1637	3571	0	cooking_range	Cooking range
3088	3571	0	dungeon_link	Dungeon with map link
1605	3572	0	agility_short-cut	Agility short-cut
1233	3573	0	dungeon	Dungeon
1562	3573	0	anvil	Anvil
2918	3573	0	anvil	Anvil
1307	3574	0	dungeon_link	Dungeon with map link
1702	3574	0	dungeon_link	Dungeon with map link
1732	3574	0	altar	Altar
2537	3574	0	bank	Bank
2515	3575	0	fishing_spot	Fishing spot
1762	3576	0	water_source	Water source
1535	3578	0	cooking_range	Cooking range
2705	3578	0	transportation	Transportation
1414	3579	0	transportation	Transportation
2730	3579	0	dairy_churn	Dairy churn
2858	3579	0	dungeon	Dungeon
2733	3580	0	water_source	Water source
1497	3582	0	rare_trees	Rare trees
1534	3582	0	water_source	Water source
2734	3582	0	cooking_range	Cooking range
2336	3584	0	hunter_training	Hunter training
1420	3588	0	dungeon_link	Dungeon with map link
1773	3588	0	general_store	General store
3014	3589	0	mining_site	Mining site
1497	3590	0	water_source	Water source
1647	3590	0	rare_trees	Rare trees
1487	3591	0	bank	Bank
1519	3591	0	general_store	General store
2722	3591	0	agility_short-cut	Agility short-cut
1512	3592	0	clothes_shop	Clothes shop
1776	3593	0	water_source	Water source
1763	3594	0	farming_shop	Farming shop
1786	3594	0	water_source	Water source
1185	3595	0	hunter_training	Hunter training
1488	3595	0	poll_booth	Poll booth
1839	3595	0	fishing_spot	Fishing spot
1749	3596	0	poll_booth	Poll booth
2380	3599	0	hunter_training	Hunter training
1669	3600	0	water_source	Water source
1747	3600	0	bank	Bank
1767	3600	0	vegetable_store	Vegetable store
1797	3600	0	rare_trees	Rare trees
1818	3603	0	fishing_spot	Fishing spot
1828	3605	0	fishing_spot	Fishing spot
3239	3608	0	altar	Altar
1738	3610	0	water_source	Water source
1802	3610	0	water_source	Water source
2316	3610	0	rare_trees	Rare trees
2278	3611	0	dungeon_link	Dungeon with map link
1406	3612	0	transportation	Transportation
1716	3612	0	fishing_spot	Fishing spot
1802	3612	0	cooking_range	Cooking range
1738	3613	0	cooking_range	Cooking range
1429	3614	0	water_source	Water source
1829	3614	0	fishing_spot	Fishing spot
1675	3615	0	bank	Bank
2780	3615	0	transportation	Transportation
2797	3615	0	dungeon_link	Dungeon with map link
1524	3616	0	water_source	Water source
1677	3616	0	water_source	Water source
1743	3616	0	bar	Pub/bar
2319	3617	0	transportation	Transportation
1573	3618	0	rare_trees	Rare trees
1841	3619	0	fishing_spot	Fishing spot
1777	3620	0	water_source	Water source
1310	3621	0	altar	Altar
1512	3621	0	water_source	Water source
1680	3622	0	cooking_range	Cooking range
1763	3622	0	water_source	Water source
3130	3622	0	minigame	Minigame
3138	3622	0	minigame	Minigame
1781	3623	0	minigame	Minigame
1641	3626	0	minigame	Minigame
3131	3626	0	poll_booth	Poll booth
3177	3626	0	altar	Altar
1648	3627	0	cooking_range	Cooking range
2659	3627	0	task_master	Task Master
1644	3628	0	water_source	Water source
3268	3628	0	agility_short-cut	Agility short-cut
1778	3629	0	estate_agent	Estate Agent
2670	3630	0	house_portal	House/POH portal
3133	3630	0	bank	Bank
3156	3630	0	transportation	Transportation
1364	3632	0	hunter_training	Hunter training
1371	3632	0	fishing_spot	Fishing spot
1529	3632	0	water_source	Water source
1552	3632	0	agility_training	Agility training
3126	3632	0	canoe_station	Canoe station
1763	3634	0	water_source	Water source
1504	3635	0	minigame	Minigame
1524	3635	0	water_source	Water source
2508	3635	0	quest_start	Horror from the Deep
3139	3635	0	minigame	Minigame
1561	3636	0	rare_trees	Rare trees
2024	3637	0	fishing_spot	Fishing spot
3126	3637	0	altar	Altar
2503	3638	0	transportation	Transportation
2739	3639	0	rare_trees	Rare trees
3146	3639	0	minigame	Minigame
2338	3640	0	mining_site	Mining site
1369	3641	0	transportation	Transportation
2357	3641	0	transportation	Transportation
1450	3642	0	cooking_range	Cooking range
1764	3643	0	dairy_cow	Dairy cow
3150	3643	0	bar	Pub/bar
3154	3643	0	dungeon	Dungeon
2509	3644	0	dungeon	Dungeon
1483	3645	0	poll_booth	Poll booth
1486	3645	0	bank	Bank
1602	3645	0	mining_site	Mining site
2904	3645	0	dungeon	Dungeon
1344	3646	0	transportation	Transportation
1212	3647	0	dungeon	Dungeon
2827	3647	0	dungeon_link	Dungeon with map link
2346	3652	0	quest_start	Swan Song
1470	3653	0	dungeon_link	Dungeon with map link
2908	3653	0	dungeon	Dungeon
2117	3655	0	salvaging	Pirate Salvage (lvl 64)
3075	3655	0	dungeon_link	Dungeon with map link
1777	3656	0	water_source	Water source
1212	3657	0	mining_site	Mining site
1292	3657	0	dungeon_link	Dungeon with map link
1672	3657	0	rare_trees	Rare trees
1681	3657	0	rare_trees	Rare trees
1622	3658	0	water_source	Water source
1698	3658	0	transportation	Transportation
1453	3659	0	transportation	Transportation
2617	3659	0	spinning_wheel	Spinning wheel
1625	3660	0	cooking_range	Cooking range
1674	3660	0	water_source	Water source
1679	3660	0	cooking_range	Cooking range
1477	3661	0	water_source	Water source
1635	3661	0	vegetable_store	Vegetable store
1640	3661	0	gem_shop	Gem shop
2668	3661	0	water_source	Water source
1619	3662	0	canoe_station	Canoe station
2616	3662	0	potters_wheel	Potters wheel
1314	3663	0	dungeon_link	Dungeon with map link
1384	3663	0	transportation	Transportation
1643	3663	0	rare_trees	Rare trees
2620	3663	0	anvil	Anvil
1596	3664	0	anvil	Anvil
1623	3664	0	silver_shop	Silver shop
1648	3665	0	task_master	Task Master
2877	3666	0	agility_short-cut	Agility short-cut
3260	3666	0	dungeon_link	Dungeon with map link
1683	3667	0	cooking_range	Cooking range
2327	3667	0	water_source	Water source
2617	3667	0	furnace	Furnace
2659	3667	0	quest_start	The Fremennik Exiles
2674	3667	0	dairy_churn	Dairy churn
1652	3668	0	water_source	Water source
2317	3668	0	cooking_range	Cooking range
1330	3669	0	dungeon_link	Dungeon with map link
1626	3669	0	rare_trees	Rare trees
1682	3669	0	water_source	Water source
2657	3669	0	quest_start	The Fremennik Exiles
1433	3670	0	dungeon_link	Dungeon with map link
2679	3670	0	dairy_cow	Dairy cow
2870	3670	0	agility_short-cut	Agility short-cut
1664	3672	0	quest_start	A Kingdom Divided
2316	3672	0	water_source	Water source
2638	3672	0	fishing_shop	Fishing shop
2658	3672	0	cooking_range	Cooking range
2811	3672	0	quest_start	Mountain Daughter
2918	3672	0	agility_short-cut	Agility short-cut
1637	3673	0	dungeon_link	Dungeon with map link
2893	3673	0	dungeon	Dungeon
3295	3673	0	hunter_training	Hunter training
2077	3674	0	fishing_spot	Fishing spot
2625	3674	0	clothes_shop	Clothes shop
2638	3676	0	fur_trader	Fur trader
2647	3676	0	fishing_shop	Fishing shop
2655	3676	0	poll_booth	Poll booth
1239	3677	0	water_source	Water source
1626	3677	0	rare_trees	Rare trees
1671	3677	0	water_source	Water source
1673	3677	0	cooking_range	Cooking range
2625	3677	0	agility_training	Agility training
2831	3677	0	dungeon_link	Dungeon with map link
3116	3677	0	dungeon	Dungeon
1282	3678	0	altar	Altar
1652	3678	0	water_source	Water source
2340	3678	0	furnace	Furnace
2946	3678	0	agility_short-cut	Agility short-cut
1236	3679	0	cooking_range	Cooking range
2316	3679	0	water_source	Water source
2638	3680	0	fishing_shop	Fishing shop
2647	3680	0	fur_trader	Fur trader
2903	3680	0	agility_short-cut	Agility short-cut
3203	3681	0	dungeon_link	Dungeon with map link
1240	3682	0	tannery	Tannery
1623	3682	0	silk_trader	Silk trader
1643	3683	0	rare_trees	Rare trees
1756	3683	0	water_source	Water source
1770	3683	0	bar	Pub/bar
2059	3683	0	anvil	Anvil
2063	3684	0	furnace	Furnace
2887	3684	0	agility_short-cut	Agility short-cut
3180	3684	0	dungeon	Dungeon
1634	3685	0	gem_shop	Gem shop
1639	3685	0	food_shop	Food shop
1724	3685	0	fishing_spot	Fishing spot
2619	3685	0	transportation	Transportation
2825	3685	0	farming_shop	Farming shop
1248	3686	0	quest_start	Getting Ahead
1312	3686	0	dungeon_link	Dungeon with map link
1677	3686	0	water_source	Water source
2331	3686	0	bank	Bank
2637	3686	0	cargo_bay	Cargo bay
2908	3686	0	agility_short-cut	Agility short-cut
1210	3687	0	fishing_spot	Fishing spot
1846	3687	0	mooring_point	Mooring point - Port Piscarillius
2097	3687	0	bank	Bank
1218	3688	0	rare_trees	Rare trees
1265	3688	0	dairy_cow	Dairy cow
1541	3688	0	water_source	Water source
2075	3688	0	dungeon_link	Dungeon with map link
2315	3688	0	shipwright	Shipwright
1675	3689	0	cooking_range	Cooking range
1682	3689	0	rare_trees	Rare trees
2991	3689	0	anvil	Anvil
2081	3690	0	mooring_point	Mooring point - Buccaneers' Haven
2086	3690	0	transportation	Transportation
2304	3690	0	mooring_point	Mooring point - Piscatoris
2327	3690	0	general_store	General store
2839	3690	0	dungeon_link	Dungeon with map link
2619	3691	0	quest_start	Lunar Diplomacy
2633	3691	0	fishing_spot	Fishing spot
2313	3693	0	noticeboard	Port task board
2329	3693	0	poll_booth	Poll booth
2664	3693	0	helmet_shop	Helmet shop
2725	3693	0	mining_site	Mining site
2842	3694	0	agility_short-cut	Agility short-cut
2621	3695	0	transportation	Transportation
2642	3696	0	fishing_spot	Fishing spot
2829	3696	0	farming_patch	Farming patch
2689	3697	0	agility_short-cut	Agility short-cut
2639	3698	0	transportation	Transportation
2308	3700	0	fishing_spot	Fishing spot
2329	3701	0	fishing_spot	Fishing spot
3025	3701	0	general_store	General store
2348	3702	0	fishing_spot	Fishing spot
1249	3703	0	water_source	Water source
1232	3704	0	rare_trees	Rare trees
2683	3704	0	mining_site	Mining site
3050	3704	0	fishing_spot	Fishing spot
2631	3705	0	mooring_point	Mooring point - Rellekka
3038	3706	0	food_shop	Food shop
1270	3707	0	fishing_spot	Fishing spot
2667	3707	0	sandpit	Sandpit
1761	3708	0	transportation	Transportation
2650	3708	0	fishing_spot	Fishing spot
3036	3708	0	cooking_range	Cooking range
2640	3710	0	transportation	Transportation
2646	3711	0	quest_start	The Fremennik Isles
2901	3712	0	agility_short-cut	Agility short-cut
2731	3713	0	dungeon_link	Dungeon with map link
1222	3714	0	fishing_spot	Fishing spot
1566	3717	0	water_source	Water source
1760	3718	0	mining_site	Mining site
1793	3718	0	water_source	Water source
2796	3718	0	dungeon_link	Dungeon with map link
1305	3719	0	dairy_cow	Dairy cow
1780	3719	0	water_source	Water source
2344	3719	0	fishing_spot	Fishing spot
1300	3721	0	water_source	Water source
2744	3721	0	transportation	Transportation
1785	3722	0	cooking_range	Cooking range
1809	3722	0	general_store	General store
1236	3724	0	farming_patch	Farming patch
1717	3724	0	general_store	General store
1795	3725	0	cooking_range	Cooking range
1690	3726	0	bar	Pub/bar
1232	3729	0	dungeon_link	Dungeon with map link
1248	3729	0	water_source	Water source
1260	3729	0	farming_patch	Farming patch
2724	3729	0	quest_start	Olaf's Quest
1270	3730	0	farming_patch	Farming patch
1241	3731	0	water_source	Water source
1256	3731	0	water_source	Water source
1354	3731	0	rare_trees	Rare trees
1667	3731	0	staff_shop	Staff shop
3678	3733	0	rare_trees	Rare trees
1246	3734	0	garden_supplier	Garden supplier
1559	3734	0	water_source	Water source
1792	3734	0	cooking_range	Cooking range
1251	3735	0	farming_shop	Farming shop
1518	3735	0	poll_booth	Poll booth
1808	3735	0	cooking_range	Cooking range
2708	3735	0	transportation	Transportation
1200	3736	0	fishing_spot	Fishing spot
1235	3736	0	farming_patch	Farming patch
1634	3736	0	poll_booth	Poll booth
3144	3736	0	furnace	Furnace
1220	3738	0	transportation	Transportation
1801	3738	0	water_source	Water source
1252	3739	0	poll_booth	Poll booth
3017	3739	0	dungeon_link	Dungeon with map link
1243	3740	0	farming_shop	Farming shop
1686	3740	0	rare_trees	Rare trees
2521	3740	0	dungeon_link	Dungeon with map link
1794	3741	0	water_source	Water source
2543	3741	0	dungeon_link	Dungeon with map link
3068	3741	0	dungeon_link	Dungeon with map link
1700	3742	0	quest_start	The Ascent of Arceuus
1246	3743	0	water_source	Water source
1253	3743	0	bank	Bank
1348	3743	0	water_source	Water source
1527	3743	0	bank	Bank
2821	3744	0	dungeon	Dungeon
1265	3745	0	farming_patch	Farming patch
1716	3745	0	magic_shop	Magic shop
1813	3745	0	dungeon_link	Dungeon with map link
3185	3745	0	dungeon	Dungeon
2918	3746	0	dungeon_link	Dungeon with map link
3293	3746	0	dungeon_link	Dungeon with map link
1376	3748	0	water_source	Water source
1483	3748	0	quest_start	The Forsaken Tower
1209	3749	0	fishing_spot	Fishing spot
1628	3750	0	bank	Bank
2547	3750	0	agility_short-cut	Agility short-cut
1255	3753	0	farming_patch	Farming patch
1512	3753	0	water_source	Water source
1786	3753	0	cooking_range	Cooking range
1234	3754	0	farming_patch	Farming patch
1248	3754	0	water_source	Water source
1553	3754	0	general_store	General store
1797	3754	0	cooking_range	Cooking range
1813	3754	0	water_source	Water source
1243	3755	0	farming_patch	Farming patch
1402	3755	0	anvil	Anvil
3677	3755	0	transportation	Transportation
3763	3755	0	magic_mushtree	Magic mushtree
1294	3756	0	rare_trees	Rare trees
1782	3756	0	food_shop	Food shop
3758	3756	0	transportation	Transportation
2550	3758	0	transportation	Transportation
3683	3758	0	rare_trees	Rare trees
1249	3760	0	bank	Bank
1783	3760	0	water_source	Water source
1792	3760	0	water_source	Water source
2929	3760	0	agility_short-cut	Agility short-cut
1304	3762	0	transportation	Transportation
3769	3762	0	magic_mushtree	Magic mushtree
1570	3763	0	bar	Pub/bar
3087	3763	0	mining_site	Mining site
1679	3764	0	magic_shop	Magic shop
1887	3764	0	fishing_spot	Fishing spot
2544	3765	0	mooring_point	Mooring point - Waterbirth Island
1238	3770	0	rare_trees	Rare trees
2944	3770	0	agility_short-cut	Agility short-cut
3143	3771	0	hunter_training	Hunter training
1832	3773	0	fishing_spot	Fishing spot
2312	3773	0	shipwright	Shipwright
1507	3774	0	furnace	Furnace
3283	3775	0	dungeon_link	Dungeon with map link
3683	3775	0	rare_trees	Rare trees
2307	3776	0	noticeboard	Port task board
1757	3778	0	cooking_range	Cooking range
1477	3779	0	mining_site	Mining site
1555	3779	0	water_source	Water source
2312	3779	0	transportation	Transportation
3746	3779	0	dungeon_link	Dungeon with map link
1753	3780	0	water_source	Water source
2401	3780	0	fishing_spot	Fishing spot
2413	3780	0	mooring_point	Mooring point - Jatizso
2421	3780	0	transportation	Transportation
2720	3780	0	hunter_training	Hunter training
3663	3781	0	rare_trees	Rare trees
1325	3782	0	agility_short-cut	Agility short-cut
1796	3782	0	quest_start	The Queen of Thieves
1544	3783	0	water_source	Water source
2309	3783	0	mooring_point	Mooring point - Neitiznot
2417	3783	0	fishing_spot	Fishing spot
1309	3784	0	slayer_master	Slayer Master
1810	3784	0	poll_booth	Poll booth
1836	3784	0	fishing_shop	Fishing shop
1446	3788	0	water_source	Water source
2401	3788	0	noticeboard	Port task board
3222	3788	0	dungeon_link	Dungeon with map link
2420	3789	0	fishing_spot	Fishing spot
2221	3790	0	cooking_range	Cooking range
2404	3790	0	shipwright	Shipwright
1323	3791	0	agility_short-cut	Agility short-cut
1563	3791	0	dungeon_link	Dungeon with map link
1803	3793	0	bank	Bank
2213	3794	0	transportation	Transportation
2353	3794	0	spinning_wheel	Spinning wheel
3321	3795	0	dungeon_link	Dungeon with map link
1296	3796	0	axe_shop	Axe shop
1763	3796	0	fishing_spot	Fishing spot
2394	3796	0	anvil	Anvil
2396	3798	0	platebody_shop	Platebody shop
2334	3799	0	tannery	Tannery
2417	3799	0	bank	Bank
3694	3800	0	hunter_training	Hunter training
1746	3802	0	fishing_spot	Fishing spot
1841	3802	0	hunter_training	Hunter training
2203	3802	0	transportation	Transportation
3363	3802	0	fishing_spot	Fishing spot
3663	3802	0	rare_trees	Rare trees
3740	3802	0	poll_booth	Poll booth
2343	3803	0	water_source	Water source
2415	3803	0	poll_booth	Poll booth
2338	3804	0	poll_booth	Poll booth
2333	3805	0	general_store	General store
2397	3805	0	anvil	Anvil
3678	3806	0	rare_trees	Rare trees
3741	3806	0	bank	Bank
1309	3807	0	dungeon_link	Dungeon with map link
3201	3807	0	agility_short-cut	Agility short-cut
3724	3807	0	transportation	Transportation
1325	3808	0	furnace	Furnace
1549	3808	0	altar	Altar
1624	3808	0	transportation	Transportation
2343	3808	0	woodcutting_stump	Woodcutting stump
3285	3808	0	dungeon_link	Dungeon with map link
3816	3808	0	dungeon_link	Dungeon with map link
2336	3809	0	bank	Bank
3702	3809	0	hunter_training	Hunter training
3820	3809	0	bank	Bank
3664	3810	0	agility_short-cut	Agility short-cut
3813	3810	0	minigame	Minigame
1504	3812	0	furnace	Furnace
2341	3812	0	cooking_range	Cooking range
2345	3812	0	furnace	Furnace
2397	3812	0	mining_site	Mining site
3734	3812	0	cooking_range	Cooking range
2417	3813	0	fishing_shop	Fishing shop
3348	3813	0	fishing_spot	Fishing spot
3746	3813	0	water_source	Water source
1279	3814	0	mining_site	Mining site
3771	3815	0	mining_site	Mining site
3679	3816	0	magic_mushtree	Magic mushtree
3715	3816	0	agility_short-cut	Agility short-cut
3726	3817	0	general_store	General store
1437	3820	0	bank	Bank
1374	3821	0	rare_trees	Rare trees
1390	3821	0	rare_trees	Rare trees
2948	3821	0	altar	Altar
3730	3822	0	loom	Loom
3781	3822	0	agility_short-cut	Agility short-cut
1326	3823	0	poll_booth	Poll booth
3732	3823	0	spinning_wheel	Spinning wheel
1322	3825	0	bank	Bank
1382	3825	0	dungeon	Dungeon
1529	3826	0	anvil	Anvil
2316	3828	0	agility_short-cut	Agility short-cut
3713	3828	0	agility_short-cut	Agility short-cut
1385	3829	0	furnace	Furnace
3704	3829	0	hunter_training	Hunter training
2744	3830	0	dungeon	Dungeon
3321	3831	0	dungeon_link	Dungeon with map link
3730	3831	0	agility_short-cut	Agility short-cut
3745	3831	0	agility_short-cut	Agility short-cut
3125	3832	0	dungeon_link	Dungeon with map link
3261	3833	0	dungeon_link	Dungeon with map link
1518	3834	0	mining_shop	Mining shop
1904	3835	0	salvaging	Fisherman's Salvage (lvl 26)
3708	3838	0	farming_patch	Farming patch
1448	3840	0	mining_site	Mining site
2612	3840	0	mooring_point	Mooring point - Etceteria
3072	3840	0	fishing_spot	Fishing spot
2194	3843	0	salvaging	Pirate Salvage (lvl 64)
1764	3844	0	mining_site	Mining site
2509	3846	0	dungeon_link	Dungeon with map link
1491	3847	0	mining_site	Mining site
1431	3849	0	mining_site	Mining site
3017	3849	0	dungeon_link	Dungeon with map link
3660	3849	0	transportation	Transportation
2375	3850	0	mining_site	Mining site
2617	3850	0	mooring_point	Ship boarding plank
3293	3850	0	dungeon_link	Dungeon with map link
3750	3850	0	hunter_training	Hunter training
1771	3851	0	agility_short-cut	Agility short-cut
1743	3853	0	agility_short-cut	Agility short-cut
2311	3853	0	mining_site	Mining site
2529	3853	0	herbalist	Herbalist
2578	3854	0	fishing_spot	Fishing spot
3678	3854	0	dungeon_link	Dungeon with map link
1476	3855	0	mining_site	Mining site
1450	3856	0	mining_shop	Mining shop
1498	3856	0	bank	Bank
2508	3856	0	poll_booth	Poll booth
2615	3856	0	farming_patch	Farming patch
3069	3856	0	dungeon_link	Dungeon with map link
1764	3860	0	mining_site	Mining site
1455	3861	0	bank	Bank
2809	3861	0	dungeon	Dungeon
2513	3862	0	fishing_shop	Fishing shop
2517	3862	0	vegetable_store	Vegetable store
2573	3862	0	agility_short-cut	Agility short-cut
2590	3862	0	farming_patch	Farming patch
1696	3865	0	dungeon_link	Dungeon with map link
2620	3865	0	dungeon_link	Dungeon with map link
2519	3866	0	fishing_shop	Fishing shop
1502	3867	0	mining_site	Mining site
2406	3867	0	mining_site	Mining site
2854	3868	0	dungeon	Dungeon
1637	3869	0	transportation	Transportation
2551	3869	0	rare_trees	Rare trees
2779	3869	0	dungeon	Dungeon
1428	3870	0	mining_site	Mining site
1446	3870	0	mining_site	Mining site
3685	3870	0	hunter_training	Hunter training
3675	3871	0	transportation	Transportation
1477	3873	0	bank	Bank
1760	3873	0	agility_short-cut	Agility short-cut
1482	3876	0	mining_site	Mining site
2600	3876	0	vegetable_store	Vegetable store
2600	3879	0	fishing_shop	Fishing shop
2152	3880	0	mooring_point	Mooring point - Lunar Isle
3093	3880	0	agility_short-cut	Agility short-cut
3677	3882	0	magic_mushtree	Magic mushtree
3060	3884	0	mining_site	Mining site
2513	3886	0	transportation	Transportation
1775	3888	0	agility_short-cut	Agility short-cut
2401	3889	0	dungeon_link	Dungeon with map link
2527	3891	0	mining_site	Mining site
2618	3892	0	poll_booth	Poll booth
2137	3893	0	cooking_range	Cooking range
2316	3894	0	dungeon	Dungeon
3734	3894	0	transportation	Transportation
2603	3895	0	rare_trees	Rare trees
2549	3896	0	anvil	Anvil
2620	3896	0	bank	Bank
2087	3897	0	water_source	Water source
2500	3898	0	transportation	Transportation
3761	3899	0	dungeon_link	Dungeon with map link
3767	3899	0	bank	Bank
3760	3902	0	transportation	Transportation
2097	3907	0	general_store	General store
2105	3908	0	clothes_shop	Clothes shop
2086	3909	0	water_source	Water source
2948	3914	0	mining_site	Mining site
2998	3916	0	agility_training	Agility training
2104	3917	0	poll_booth	Poll booth
2092	3920	0	cooking_range	Cooking range
2098	3920	0	bank	Bank
2090	3922	0	water_source	Water source
3045	3924	0	dungeon_link	Dungeon with map link
3155	3924	0	transportation	Transportation
3187	3925	0	fishing_spot	Fishing spot
1647	3930	0	transportation	Transportation
3193	3930	0	mining_site	Mining site
3280	3930	0	cooking_range	Cooking range
3176	3931	0	rare_trees	Rare trees
2868	3932	0	water_source	Water source
2848	3933	0	farming_patch	Farming patch
2964	3933	0	mining_site	Mining site
3192	3936	0	furnace	Furnace
3232	3936	0	dungeon_link	Dungeon with map link
2976	3937	0	mining_site	Mining site
3367	3938	0	anvil	Anvil
3190	3939	0	anvil	Anvil
2867	3941	0	dungeon_link	Dungeon with map link
1641	3944	0	bank	Bank
2142	3944	0	dungeon_link	Dungeon with map link
2854	3944	0	dungeon	Dungeon
3057	3945	0	mining_site	Mining site
1638	3946	0	poll_booth	Poll booth
3244	3949	0	dungeon_link	Dungeon with map link
3063	3952	0	anvil	Anvil
3231	3952	0	dungeon_link	Dungeon with map link
3090	3956	0	dungeon_link	Dungeon with map link
3096	3957	0	minigame	Minigame
3005	3963	0	dungeon_link	Dungeon with map link
2848	3967	0	transportation	Transportation
2861	3972	0	mooring_point	Mooring point - Weiss
3583	3973	0	transportation	Transportation
1821	3989	0	salvaging	Merchant Salvage (lvl 87)
2471	3994	0	transportation	Transportation
2465	4012	0	dungeon_link	Dungeon with map link
2815	4014	0	fishing_spot	Fishing spot
2846	4030	0	salvaging	Large Salvage (lvl 53)
2277	4034	0	transportation	Transportation
1935	4040	0	fishing_spot	Fishing spot
2263	4044	0	agility_short-cut	Agility short-cut
1955	4056	0	mooring_point	Mooring point - Brittle Isle
2928	4056	0	mooring_point	Mooring point - Grimstone
3420	4057	0	bank	Bank
3417	4060	0	poll_booth	Poll booth
2910	4062	0	mining_site	Mining site
1956	4064	0	hunter_training	Hunter training
2913	4067	0	dungeon_link	Grimstone Dungeon entrance
3426	4070	0	bank	Bank
2902	4084	0	mining_site	Mining site
2912	4084	0	mining_site	Mining site
1770	4124	0	salvaging	Fremennik Salvage (lvl 80)
2592	4128	0	salvaging	Fremennik Salvage (lvl 80)
2273	4129	0	salvaging	Fremennik Salvage (lvl 80)
2793	4256	0	singing_bowl	Singing bowl
3246	4315	0	transportation	Transportation
3744	4320	0	altar	Altar
2485	4373	0	mining_site	Mining site
3574	4374	0	transportation	Transportation
2457	4381	0	dungeon	Dungeon
2409	4401	0	agility_short-cut	Agility short-cut
2400	4403	0	agility_short-cut	Agility short-cut
2775	4420	0	mining_site	Mining site
2492	4426	0	rare_trees	Rare trees
2466	4427	0	rare_trees	Rare trees
2328	4428	0	transportation	Transportation
2444	4432	0	slayer_master	Slayer Master
2724	4434	0	mining_site	Mining site
2412	4436	0	transportation	Transportation
2784	4436	0	mining_site	Mining site
2791	4436	0	mining_site	Mining site
2750	4437	0	mining_site	Mining site
2383	4439	0	cooking_range	Cooking range
2410	4442	0	water_source	Water source
2439	4442	0	sandpit	Sandpit
2426	4445	0	minigame	Minigame
2804	4445	0	mining_site	Mining site
2377	4447	0	general_store	General store
2410	4450	0	water_source	Water source
2484	4450	0	sword_shop	Sword shop
2436	4451	0	dairy_cow	Dairy cow
2383	4455	0	poll_booth	Poll booth
2403	4457	0	windmill	Windmill
2406	4459	0	dairy_churn	Dairy churn
2382	4460	0	bank	Bank
2413	4464	0	rare_trees	Rare trees
2476	4468	0	gem_shop	Gem shop
2452	4471	0	transportation	Transportation
2484	4471	0	transportation	Transportation
2486	4471	0	dungeon_link	Dungeon with map link
2400	4473	0	furnace	Furnace
2452	4473	0	dungeon_link	Dungeon with map link
3025	4490	0	mining_site	Mining site
2723	4491	0	mining_site	Mining site
3042	4510	0	fishing_spot	Fishing spot
3043	4532	0	transportation	Transportation
3194	4571	0	bank	Bank
2810	4577	0	mining_site	Mining site
2783	4594	0	mining_site	Mining site
2445	4604	0	dungeon	Dungeon
3310	4639	0	minigame	Minigame
1503	4643	0	dungeon_link	Dungeon with map link
2937	4672	0	agility_short-cut	Agility short-cut
2940	4678	0	bar	Pub/bar
2928	4697	0	house_portal	House/POH portal
2933	4698	0	cooking_range	Cooking range
2936	4701	0	quest_start	Mage Arena I
2680	4702	0	fishing_spot	Fishing spot
2933	4702	0	water_source	Water source
2927	4704	0	sandpit	Sandpit
2674	4708	0	fishing_spot	Fishing spot
2669	4710	0	fishing_spot	Fishing spot
2539	4712	0	dungeon_link	Dungeon with map link
2535	4713	0	bank	Bank
2941	4714	0	water_source	Water source
2529	4715	0	poll_booth	Poll booth
2912	4729	0	transportation	Transportation
2630	4731	0	cooking_range	Cooking range
2758	4731	0	cooking_range	Cooking range
2650	4732	0	transportation	Transportation
2778	4732	0	transportation	Transportation
3037	4761	0	transportation	Transportation
3032	4793	0	transportation	Transportation
2889	4813	0	transportation	Transportation
2933	4815	0	transportation	Transportation
2884	4851	0	transportation	Transportation
2932	4854	0	transportation	Transportation
3060	4877	0	transportation	Transportation
2077	4888	0	quest_start	Stronghold of Security
2085	4891	0	dungeon	Dungeon
2081	4896	0	quest_start	Stronghold of Security
2134	4907	0	bank	Bank
4144	4945	0	cooking_range	Cooking range
1942	4956	0	water_source	Water source
1948	4957	0	bank	Bank
1939	4972	0	anvil	Anvil
2152	5018	0	water_source	Water source
2145	5024	0	general_store	General store
2162	5061	0	fishing_spot	Fishing spot
2500	5062	0	mining_site	Mining site
2164	5068	0	farming_patch	Farming patch
2488	5070	0	chainmail_shop	Chainmail shop
2526	5073	0	gem_shop	Gem shop
2113	5074	0	fishing_spot	Fishing spot
2173	5074	0	fishing_spot	Fishing spot
2514	5074	0	mining_site	Mining site
2525	5075	0	mining_shop	Mining shop
2477	5077	0	fishing_spot	Fishing spot
2538	5086	0	fishing_spot	Fishing spot
2331	5096	0	agility_short-cut	Agility short-cut
2444	5104	0	fishing_spot	Fishing spot
2545	5111	0	minigame	Minigame
2163	5115	0	dungeon_link	Dungeon with map link
2162	5117	0	transportation	Transportation
2496	5118	0	minigame	Minigame
2462	5124	0	magic_shop	Magic shop
2433	5127	0	transportation	Transportation
2453	5133	0	task_master	Task Master
1752	5136	0	dungeon_link	Dungeon with map link
3288	5136	0	bank	Bank
2545	5138	0	poll_booth	Poll booth
2540	5143	0	bank	Bank
2477	5146	0	sword_shop	Sword shop
2464	5148	0	gem_shop	Gem shop
2447	5153	0	furnace	Furnace
2528	5159	0	furnace	Furnace
2134	5163	0	stagnant_water_source	Stagnant water source
3308	5163	0	bank	Bank
2459	5167	0	mining_site	Mining site
2438	5168	0	minigame	Minigame
3288	5168	0	bank	Bank
2798	5170	0	bank	Bank
2804	5172	0	poll_booth	Poll booth
2448	5174	0	poll_booth	Poll booth
2480	5176	0	dungeon_link	Dungeon with map link
2399	5177	0	minigame	Minigame
2444	5181	0	bank	Bank
3333	5195	0	bank	Bank
3303	5199	0	bank	Bank
3278	5202	0	bank	Bank
2940	5203	0	altar	Altar
2904	5204	0	bank	Bank
2711	5206	0	dungeon	Dungeon
2350	5215	0	dungeon_link	Dungeon with map link
2737	5220	0	transportation	Transportation
2882	5224	0	anvil	Anvil
2694	5225	0	fishing_spot	Fishing spot
1913	5226	0	dungeon_link	Dungeon with map link
2879	5227	0	furnace	Furnace
2747	5229	0	fishing_spot	Fishing spot
2309	5240	0	dungeon_link	Dungeon with map link
1859	5243	0	dungeon_link	Dungeon with map link
2702	5253	0	water_source	Water source
2714	5264	0	sandpit	Sandpit
2893	5269	0	altar	Altar
2736	5274	0	cooking_range	Cooking range
2709	5275	0	anvil	Anvil
2711	5277	0	furnace	Furnace
2731	5277	0	water_source	Water source
3548	5277	0	agility_short-cut	Agility short-cut
3105	5279	0	dungeon_link	Dungeon with map link
3560	5280	0	agility_short-cut	Agility short-cut
3548	5283	0	agility_short-cut	Agility short-cut
2717	5314	0	general_store	General store
1978	5326	0	quest_start	Recipe for Disaster
2718	5333	0	water_source	Water source
2705	5335	0	water_source	Water source
2730	5336	0	water_source	Water source
2718	5337	0	water_source	Water source
1962	5339	0	farming_patch	Farming patch
1959	5341	0	anvil	Anvil
3312	5347	0	rare_trees	Rare trees
2699	5348	0	bank	Bank
3286	5349	0	rare_trees	Rare trees
3038	5350	0	transportation	Transportation
2705	5354	0	poll_booth	Poll booth
3315	5354	0	rare_trees	Rare trees
3338	5354	0	rare_trees	Rare trees
3309	5356	0	bank	Bank
1763	5361	0	dungeon_link	Dungeon with map link
3286	5361	0	rare_trees	Rare trees
3337	5361	0	bank	Bank
3331	5362	0	rare_trees	Rare trees
3285	5367	0	bank	Bank
2751	5375	0	dungeon_link	Dungeon with map link
2351	5379	0	transportation	Transportation
3273	5387	0	bank	Bank
3315	5395	0	bank	Bank
3349	5401	0	bank	Bank
2446	5429	0	quest_start	A Tail of Two Cats
2358	5435	0	agility_short-cut	Agility short-cut
3335	5447	0	farming_patch	Farming patch
3318	5448	0	farming_patch	Farming patch
3287	5452	0	rare_trees	Rare trees
3276	5454	0	fishing_spot	Fishing spot
3350	5454	0	water_source	Water source
3352	5455	0	rare_trees	Rare trees
3309	5456	0	fishing_spot	Fishing spot
3341	5456	0	fishing_spot	Fishing spot
3320	5457	0	rare_trees	Rare trees
3334	5458	0	bank	Bank
1772	5459	0	water_source	Water source
3287	5460	0	farming_patch	Farming patch
3269	5462	0	water_source	Water source
3304	5463	0	water_source	Water source
3313	5463	0	bank	Bank
3275	5466	0	bank	Bank
2912	5472	0	transportation	Transportation
1757	5484	0	bar	Pub/bar
2018	5507	0	task_master	Task Master
2031	5507	0	transportation	Transportation
1921	5535	0	transportation	Transportation
1934	5536	0	minigame	Minigame
2017	5542	0	quest_start	Monkey Madness II
2015	5544	0	dungeon_link	Dungeon with map link
2019	5544	0	quest_start	Monkey Madness II
2018	5546	0	quest_start	Monkey Madness II
2038	5563	0	agility_short-cut	Agility short-cut
1503	5573	0	transportation	Transportation
1500	5596	0	agility_training	Agility course
1485	5599	0	agility_training	Agility training
1520	5599	0	agility_training	Agility training
2027	5612	0	dungeon	Dungeon
3016	5625	0	bank	Bank
2399	5629	0	transportation	Transportation
3015	5630	0	dungeon_link	Dungeon with map link
3744	5641	0	agility_short-cut	Agility short-cut
3745	5646	0	agility_short-cut	Agility short-cut
3761	5666	0	bank	Bank
3759	5670	0	agility_short-cut	Agility short-cut
3765	5671	0	agility_short-cut	Agility short-cut
2463	5693	0	transportation	Transportation
3169	5727	0	transportation	Transportation
2952	5766	0	dungeon_link	Dungeon with map link
2928	5778	0	fishing_spot	Fishing spot
2922	5787	0	fishing_spot	Fishing spot
2979	5798	0	bank	Bank
2958	5802	0	anvil	Anvil
2922	5808	0	fishing_spot	Fishing spot
2915	5811	0	mining_site	Mining site
2935	5811	0	mining_site	Mining site
1971	5854	0	fishing_spot	Fishing spot
2026	5856	0	anvil	Anvil
2004	5865	0	mining_site	Mining site
1971	5877	0	potters_wheel	Potters wheel
2063	5880	0	rare_trees	Rare trees
1970	5884	0	water_source	Water source
3457	5885	0	dungeon_link	Dungeon with map link
3340	5892	0	transportation	Transportation
1967	5894	0	hunter_training	Hunter training
3362	5896	0	water_source	Water source
3351	5903	0	poll_booth	Poll booth
3361	5908	0	bank	Bank
2090	5913	0	fishing_spot	Fishing spot
3343	5915	0	estate_agent	Estate Agent
3336	5918	0	dungeon_link	Dungeon with map link
3357	5918	0	platebody_shop	Platebody shop
3363	5921	0	spice_shop	Spice shop
3352	5922	0	cooking_range	Cooking range
3378	5922	0	agility_training	Agility training
2018	5927	0	minigame	Minigame
2013	5930	0	transportation	Transportation
2024	5930	0	poll_booth	Poll booth
2020	5932	0	bank	Bank
1974	5935	0	rare_trees	Rare trees
3334	5935	0	water_source	Water source
3345	5935	0	water_source	Water source
3386	5948	0	transportation	Transportation
3337	5967	0	dungeon	Dungeon
2400	5982	0	minigame	Minigame
2395	5985	0	bank	Bank
2405	5986	0	bank	Bank
2117	5991	0	dungeon	Dungeon
3240	5997	0	fishing_spot	Fishing spot
3223	6002	0	loom	Loom
3294	6005	0	fishing_spot	Fishing spot
3362	6005	0	agility_short-cut	Agility short-cut
3225	6014	0	dungeon	Dungeon
2879	6021	0	water_source	Water source
3347	6021	0	mining_site	Mining site
1936	6022	0	hunter_training	Hunter training
3263	6022	0	dungeon_link	Dungeon with map link
3186	6027	0	fishing_spot	Fishing spot
3306	6032	0	rare_trees	Rare trees
3273	6035	0	cooking_range	Cooking range
2016	6036	0	hunter_training	Hunter training
3270	6037	0	water_source	Water source
3237	6038	0	cooking_range	Cooking range
3254	6039	0	cooking_range	Cooking range
3362	6040	0	agility_short-cut	Agility short-cut
3026	6041	0	mining_site	Mining site
3041	6041	0	mining_site	Mining site
3295	6043	0	singing_bowl	Singing bowl
1956	6044	0	rare_trees	Rare trees
3225	6044	0	dungeon_link	Dungeon with map link
3291	6044	0	mining_shop	Mining shop
3257	6046	0	water_source	Water source
2089	6047	0	fishing_spot	Fishing spot
3252	6047	0	dummy	Dummy
3022	6049	0	altar	Imbued altar
3045	6049	0	furnace	Furnace
3271	6049	0	dungeon_link	Dungeon with map link
3285	6049	0	water_source	Water source
3287	6052	0	furnace	Furnace
3301	6052	0	general_store	General store
3370	6052	0	agility_short-cut	Agility short-cut
1978	6054	0	spinning_wheel	Spinning wheel
3285	6055	0	anvil	Anvil
3219	6057	0	estate_agent	Estate Agent
3297	6057	0	poll_booth	Poll booth
3026	6058	0	mining_site	Mining site
3041	6058	0	mining_site	Mining site
3230	6058	0	dye_trader	Dye trader
3253	6059	0	platebody_shop	Platebody shop
3281	6059	0	dungeon_link	Dungeon with map link
3259	6060	0	sword_shop	Sword shop
3294	6061	0	bank	Bank
2003	6063	0	rare_trees	Rare trees
1939	6066	0	dungeon	Dungeon
3239	6066	0	singing_bowl	Singing bowl
3289	6066	0	rare_trees	Rare trees
3033	6069	0	dungeon_link	Dungeon with map link
3231	6069	0	clothes_shop	Clothes shop
3222	6072	0	crafting_shop	Crafting shop
2816	6074	0	water_source	Water source
3226	6074	0	spinning_wheel	Spinning wheel
3306	6074	0	archery_shop	Archery shop
3218	6075	0	loom	Loom
3183	6076	0	mooring_point	Mooring point
3195	6076	0	shipwright	Shipwright
3239	6077	0	house_portal	House/POH portal
3207	6079	0	dungeon_link	Dungeon with map link
3321	6079	0	dungeon_link	Dungeon with map link
3194	6080	0	noticeboard	Port task board
2464	6082	0	dungeon	Dungeon
2733	6085	0	rare_trees	Rare trees
2441	6086	0	anvil	Anvil
3197	6087	0	cargo_bay	Cargo bay
2736	6088	0	quest_start	Song of the Elves
3295	6088	0	farming_shop	Farming shop
3285	6089	0	cooking_range	Cooking range
2737	6091	0	quest_start	Song of the Elves
3240	6092	0	water_source	Water source
3277	6094	0	spice_shop	Spice shop
3282	6094	0	silk_trader	Silk trader
3282	6098	0	silver_shop	Silver shop
1693	6099	0	fishing_spot	Fishing spot
3276	6099	0	gem_shop	Gem shop
3290	6100	0	farming_patch	Farming patch
3230	6101	0	rare_trees	Rare trees
3167	6102	0	salvaging	Shipwreck salvaging
3187	6102	0	fishing_spot	Fishing spot
2726	6103	0	mining_site	Mining site
3275	6103	0	food_shop	Food shop
2792	6104	0	farming_patch	Farming patch
3257	6104	0	bank	Bank
2802	6105	0	poll_booth	Poll booth
3271	6105	0	dairy_churn	Dairy churn
2772	6107	0	archery_shop	Archery shop
3274	6107	0	cooking_range	Cooking range
2799	6109	0	bank	Bank
3254	6109	0	agility_training	Agility training
3284	6111	0	water_source	Water source
3271	6113	0	cooking_range	Cooking range
1713	6115	0	altar	Altar
2785	6115	0	water_source	Water source
3240	6115	0	sandpit	Sandpit
2801	6116	0	quest_start	Song of the Elves
3228	6116	0	dungeon_link	Dungeon with map link
3246	6116	0	altar	Altar
3316	6117	0	sawmill	Sawmill
1682	6118	0	water_source	Water source
3256	6118	0	canoe_station	Canoe station
3286	6118	0	herbalist	Herbalist
2775	6120	0	crafting_shop	Crafting shop
3293	6120	0	farming_patch	Farming patch
3188	6123	0	fishing_spot	Fishing spot
3310	6123	0	rare_trees	Rare trees
2771	6124	0	spinning_wheel	Spinning wheel
3275	6124	0	transportation	Transportation
3271	6125	0	cooking_range	Cooking range
3303	6125	0	noticeboard	Noticeboard
3238	6126	0	bar	Pub/bar
3253	6126	0	mace_shop	Mace shop
1680	6127	0	dungeon	Dungeon
3269	6127	0	water_source	Water source
1710	6128	0	poll_booth	Poll booth
2783	6129	0	general_store	General store
3302	6129	0	rare_trees	Rare trees
1677	6131	0	quest_start	Tutorial Island
1714	6133	0	bank	Bank
1703	6134	0	dungeon	Dungeon
3263	6136	0	dungeon_link	Dungeon with map link
3226	6151	0	water_source	Water source
2078	6154	0	water_source	Water source
3229	6155	0	cooking_range	Cooking range
2049	6156	0	cooking_range	Cooking range
2081	6156	0	cooking_range	Cooking range
2059	6157	0	vegetable_store	Vegetable store
2064	6157	0	gem_shop	Gem shop
2075	6158	0	canoe_station	Canoe station
2067	6159	0	rare_trees	Rare trees
2099	6159	0	rare_trees	Rare trees
2761	6159	0	dungeon	Dungeon
2079	6160	0	silver_shop	Silver shop
3294	6160	0	hunter_training	Hunter training
3222	6163	0	windmill	Windmill
3234	6163	0	cooking_range	Cooking range
2108	6164	0	water_source	Water source
2050	6165	0	rare_trees	Rare trees
2082	6165	0	rare_trees	Rare trees
3188	6167	0	mining_site	Mining site
2920	6168	0	farming_patch	Farming patch
2061	6169	0	dungeon_link	Dungeon with map link
2093	6169	0	dungeon_link	Dungeon with map link
2930	6169	0	poll_booth	Poll booth
2900	6171	0	archery_shop	Archery shop
3221	6172	0	dairy_cow	Dairy cow
2050	6173	0	rare_trees	Rare trees
2082	6173	0	rare_trees	Rare trees
2927	6173	0	bank	Bank
2108	6174	0	water_source	Water source
3242	6177	0	transportation	Transportation
2079	6178	0	silk_trader	Silk trader
2067	6179	0	rare_trees	Rare trees
2099	6179	0	rare_trees	Rare trees
2913	6179	0	water_source	Water source
3234	6179	0	rare_trees	Rare trees
3308	6179	0	altar	Altar
2929	6180	0	quest_start	Song of the Elves
3259	6180	0	fishing_spot	Fishing spot
2058	6181	0	gem_shop	Gem shop
2063	6181	0	food_shop	Food shop
3251	6182	0	fishing_spot	Fishing spot
2903	6184	0	crafting_shop	Crafting shop
2899	6188	0	spinning_wheel	Spinning wheel
2911	6193	0	general_store	General store
3247	6196	0	salvaging	Shipwreck salvaging
2718	6197	0	fishing_spot	Fishing spot
2786	6197	0	agility_short-cut	Agility short-cut
3259	6197	0	fishing_spot	Fishing spot
2433	6203	0	dungeon	Dungeon
2190	6227	0	bank	Bank
2206	6241	0	bar	Pub/bar
2348	6338	0	water_source	Water source
2350	6338	0	cooking_range	Cooking range
2604	6338	0	water_source	Water source
2606	6338	0	cooking_range	Cooking range
2343	6341	0	transportation	Transportation
2599	6341	0	transportation	Transportation
2335	6344	0	cooking_range	Cooking range
2591	6344	0	cooking_range	Cooking range
2338	6345	0	water_source	Water source
2594	6345	0	water_source	Water source
1952	6348	0	transportation	Transportation
2345	6350	0	water_source	Water source
2601	6350	0	water_source	Water source
2352	6351	0	furnace	Furnace
2608	6351	0	furnace	Furnace
1939	6352	0	mining_site	Mining site
1961	6368	0	mining_site	Mining site
2070	6368	0	agility_short-cut	Agility short-cut
2352	6369	0	furnace	Furnace
2608	6369	0	furnace	Furnace
2345	6370	0	water_source	Water source
2601	6370	0	water_source	Water source
2066	6371	0	transportation	Transportation
1935	6373	0	mining_site	Mining site
2327	6375	0	cooking_range	Cooking range
2583	6375	0	cooking_range	Cooking range
2326	6377	0	water_source	Water source
2582	6377	0	water_source	Water source
2355	6379	0	transportation	Transportation
2611	6379	0	transportation	Transportation
2091	6380	0	agility_short-cut	Agility short-cut
2343	6380	0	water_source	Water source
2599	6380	0	water_source	Water source
2096	6383	0	agility_short-cut	Agility short-cut
2328	6383	0	cooking_range	Cooking range
2584	6383	0	cooking_range	Cooking range
2327	6387	0	water_source	Water source
2583	6387	0	water_source	Water source
2343	6390	0	water_source	Water source
2599	6390	0	water_source	Water source
1740	6403	0	transportation	Transportation
2177	6403	0	transportation	Transportation
1918	6405	0	transportation	Transportation
2396	6405	0	transportation	Transportation
2652	6405	0	transportation	Transportation
1790	6406	0	dungeon	Dungeon
2394	6408	0	cooking_range	Cooking range
2650	6408	0	cooking_range	Cooking range
2393	6410	0	water_source	Water source
2407	6410	0	water_source	Water source
2410	6410	0	cooking_range	Cooking range
2649	6410	0	water_source	Water source
2663	6410	0	water_source	Water source
2666	6410	0	cooking_range	Cooking range
1862	6411	0	transportation	Transportation
2435	6415	0	transportation	Transportation
2691	6415	0	transportation	Transportation
2361	6417	0	transportation	Transportation
2617	6417	0	transportation	Transportation
1790	6418	0	transportation	Transportation
2040	6423	0	transportation	Transportation
2337	6424	0	transportation	Transportation
2593	6424	0	transportation	Transportation
2180	6425	0	transportation	Transportation
2040	6427	0	agility_short-cut	Agility short-cut
2047	6427	0	dungeon	Dungeon
2380	6427	0	bar	Pub/bar
2636	6427	0	bar	Pub/bar
2373	6428	0	water_source	Water source
2375	6428	0	cooking_range	Cooking range
2629	6428	0	water_source	Water source
2631	6428	0	cooking_range	Cooking range
2032	6430	0	agility_short-cut	Agility short-cut
2433	6433	0	water_source	Water source
2689	6433	0	water_source	Water source
2051	6434	0	dungeon	Dungeon
2387	6434	0	transportation	Transportation
2643	6434	0	transportation	Transportation
1729	6435	0	transportation	Transportation
2010	6435	0	transportation	Transportation
1878	6436	0	dungeon	Dungeon
2065	6436	0	transportation	Transportation
2435	6436	0	cooking_range	Cooking range
2691	6436	0	cooking_range	Cooking range
3035	6438	0	apothecary	Apothecary
3043	6438	0	apothecary	Apothecary
2043	6441	0	dungeon	Dungeon
2419	6443	0	cooking_range	Cooking range
2675	6443	0	cooking_range	Cooking range
2238	6444	0	transportation	Transportation
2418	6445	0	water_source	Water source
2674	6445	0	water_source	Water source
3035	6448	0	mining_site	Mining site
3043	6448	0	mining_site	Mining site
3031	6453	0	farming_patch	Farming patch
3047	6453	0	farming_patch	Farming patch
1892	6458	0	transportation	Transportation
1729	6459	0	transportation	Transportation
2177	6460	0	dungeon	Dungeon
1872	6461	0	transportation	Transportation
2234	6462	0	transportation	Transportation
3161	7711	0	transportation	Transportation
2568	7735	0	mining_site	Mining site
2541	7766	0	hunter_training	Hunter training
2577	7768	0	agility_short-cut	Agility short-cut
2565	7772	0	hunter_training	Hunter training
2600	7780	0	rare_trees	Rare trees
2572	7797	0	agility_short-cut	Agility short-cut
2580	7815	0	anvil	Anvil
2657	7816	0	agility_short-cut	Agility short-cut
2576	7818	0	transportation	Transportation
2654	7818	0	transportation	Transportation
2710	7819	0	fishing_spot	Fishing spot
2556	7821	0	agility_short-cut	Agility short-cut
2697	7823	0	rare_trees	Rare trees
2721	7825	0	fishing_spot	Fishing spot
2592	7826	0	water_source	Water source
2579	7833	0	bank	Bank
2667	7837	0	agility_short-cut	Agility short-cut
2526	7838	0	transportation	Transportation
2654	7845	0	hunter_training	Hunter training
2711	7845	0	water_source	Water source
2581	7848	0	altar	Altar
2616	8593	0	mining_site	Coal, Mithril & Adamantite
2611	8598	0	fishing_spot	Lava eel
2564	8606	0	dungeon_link	Dungeon with map link
2582	8607	0	mooring_point	Mooring point
2590	8614	0	slayer_master	Mortimer
2563	8630	0	dungeon_link	Wyrmscraig Cavern exit
2577	8657	0	dungeon_link	Dungeon with map link
2225	8721	0	mining_site	Mining site
2219	8730	0	dungeon_link	Sunbleak Cave exit
2222	8747	0	mining_site	Mining site
2725	8845	0	fishing_spot	Fishing spot
2635	8849	0	mining_site	Mining site
3168	8874	0	dungeon_link	Shellbane Gryphon Cave exit
2684	8876	0	dungeon_link	Charred Dungeon exit
3126	8880	0	dungeon_link	Dungeon with map link
3237	8882	0	dungeon_link	Dungeon with map link
2905	9110	0	hunter_training	Hunter training
3359	9112	0	dungeon	Dungeon
2914	9119	0	hunter_training	Hunter training
3353	9119	0	bank	Bank
3359	9121	0	raids_lobby	Raids Lobby
2906	9127	0	hunter_training	Hunter training
3359	9129	0	dungeon_link	Dungeon with map link
2915	9135	0	hunter_training	Hunter training
1955	9172	0	general_store	General store
1191	9185	0	dungeon_link	Kurask Lair exit
1933	9186	0	mining_site	Mining site
2012	9186	0	bank	Bank
1959	9190	0	dungeon_link	Deepfin Mine exit
2093	9197	0	bank	Bank
2091	9201	0	mining_site	Mining site
2076	9203	0	agility_short-cut	Agility short-cut
2082	9203	0	agility_short-cut	Agility short-cut
1945	9204	0	mining_site	Mining site
1997	9205	0	mining_site	Mining site
2068	9208	0	mining_site	Mining site
2534	9294	0	dungeon_link	Dungeon with map link
2152	9301	0	mining_site	Mining site
2135	9308	0	mining_site	Mining site
2169	9308	0	dungeon_link	Dungeon with map link
1398	9312	0	bank	Bank
1389	9316	0	dungeon_link	Dungeon with map link
1358	9320	0	dungeon_link	Dungeon with map link
2522	9321	0	transportation	Transportation
1394	9326	0	minigame	Minigame
1470	9327	0	dungeon_link	Dungeon with map link
1448	9338	0	dungeon_link	Dungeon with map link
2769	9340	0	agility_short-cut	Agility short-cut
3056	9367	0	mining_site	Mining site
3750	9373	0	dungeon_link	Dungeon with map link
1315	9379	0	agility_short-cut	Agility short-cut
2838	9388	0	dungeon_link	Dungeon with map link
3042	9397	0	dungeon_link	Dungeon with map link
1304	9399	0	agility_short-cut	Agility short-cut
2404	9414	0	dungeon_link	Dungeon with map link
2696	9436	0	dungeon	Dungeon
1941	9451	0	dungeon_link	Dungeon with map link
2378	9452	0	dungeon	Dungeon
1378	9454	0	dungeon_link	Dungeon with map link
3815	9462	0	dungeon_link	Dungeon with map link
3830	9462	0	dungeon_link	Dungeon with map link
3615	9469	0	transportation	Transportation
3619	9472	0	bank	Bank
3620	9475	0	magic_shop	Magic shop
2734	9477	0	dungeon_link	Dungeon with map link
2603	9479	0	dungeon_link	Dungeon with map link
1692	9480	0	dungeon_link	Dungeon with map link
1693	9483	0	water_source	Water source
3615	9483	0	minigame	Minigame
2594	9486	0	dungeon_link	Dungeon with map link
1801	9489	0	anvil	Anvil
1693	9490	0	water_source	Water source
1642	9492	0	dungeon_link	Dungeon with map link
1692	9492	0	dungeon_link	Dungeon with map link
3079	9496	0	furnace	Furnace
3305	9497	0	dungeon_link	Dungeon with map link
3075	9498	0	anvil	Anvil
3083	9498	0	anvil	Anvil
2571	9499	0	altar	Altar
3088	9499	0	mining_site	Mining site
1805	9501	0	bank	Bank
1360	9504	0	water_source	Water source
1366	9504	0	water_source	Water source
3075	9505	0	mining_site	Mining site
1797	9506	0	dungeon_link	Fortis Colosseum exit
1808	9507	0	minigame	Minigame
1933	9520	0	dungeon_link	Here be minotaurs exit
2569	9522	0	dungeon_link	Dungeon with map link
2829	9522	0	dungeon_link	Dungeon with map link
1245	9528	0	dungeon_link	Dungeon with map link
2694	9529	0	agility_short-cut	Agility short-cut
3154	9544	0	fishing_spot	Fishing spot
2686	9547	0	agility_short-cut	Agility short-cut
2969	9549	0	agility_short-cut	Agility short-cut
3023	9553	0	agility_short-cut	Agility short-cut
1450	9555	0	cooking_range	Cooking range
1424	9558	0	cooking_range	Cooking range
3034	9559	0	agility_short-cut	Agility short-cut
1623	9563	0	dungeon_link	Dungeon with map link
1641	9564	0	dungeon_link	Dungeon with map link
2714	9564	0	dungeon_link	Dungeon with map link
3355	9566	0	fishing_spot	Fishing spot
3050	9568	0	mining_site	Mining site
1637	9569	0	water_source	Water source
1644	9569	0	water_source	Water source
2655	9569	0	agility_short-cut	Agility short-cut
2856	9569	0	dungeon_link	Dungeon with map link
3423	9569	0	transportation	Transportation
3026	9570	0	agility_short-cut	Agility short-cut
3245	9570	0	fishing_spot	Fishing spot
2863	9572	0	dungeon_link	Dungeon with map link
3104	9572	0	transportation	Transportation
3169	9572	0	dungeon_link	Dungeon with map link
1615	9574	0	dungeon_link	Dungeon with map link
3103	9576	0	dungeon_link	Dungeon with map link
3371	9577	0	fishing_spot	Fishing spot
2857	9579	0	mining_site	Mining site
1349	9580	0	cooking_range	Cooking range
2673	9582	0	agility_short-cut	Agility short-cut
3064	9582	0	mining_site	Mining site
3362	9588	0	fishing_spot	Fishing spot
2805	9590	0	dungeon_link	Dungeon with map link
3318	9602	0	dungeon_link	Dungeon with map link
2388	9605	0	dungeon	Dungeon
2413	9605	0	dungeon	Dungeon
2418	9605	0	dungeon	Dungeon
3324	9607	0	sword_shop	Sword shop
2376	9611	0	dungeon	Dungeon
2401	9611	0	dungeon	Dungeon
3317	9613	0	quest_start	Death to the Dorgeshuun
3209	9616	0	dungeon_link	Dungeon with map link
3319	9616	0	quest_start	Land of the Goblins
3323	9616	0	mining_site	Mining site
3313	9621	0	mining_site	Mining site
2341	9622	0	transportation	Transportation
2313	9624	0	dungeon	Dungeon
3212	9624	0	water_source	Water source
2341	9628	0	altar	Altar
3312	9628	0	mining_site	Mining site
3494	9628	0	quest_start	Darkness of Hallowvale
2569	9629	0	dungeon_link	Dungeon with map link
3363	9629	0	transportation	Transportation
3421	9631	0	mining_site	Mining site
3490	9631	0	dungeon_link	Dungeon with map link
3353	9640	0	transportation	Transportation
3374	9640	0	transportation	Transportation
2661	9641	0	dungeon_link	Dungeon with map link
3118	9642	0	dungeon_link	Dungeon with map link
3310	9645	0	mining_site	Mining site
3420	9646	0	mining_site	Mining site
2924	9650	0	dungeon_link	Dungeon with map link
3363	9650	0	transportation	Transportation
2962	9651	0	dungeon_link	Dungeon with map link
3149	9653	0	dungeon_link	Dungeon with map link
1436	9657	0	water_source	Water source
1444	9657	0	water_source	Water source
2833	9657	0	dungeon_link	Dungeon with map link
2555	9658	0	dungeon_link	Dungeon with map link
1582	9659	0	mining_site	Mining site
2423	9661	0	dungeon	Dungeon
2370	9665	0	dungeon	Dungeon
3084	9672	0	dungeon_link	Dungeon with map link
2416	9675	0	dungeon	Dungeon
2414	9680	0	altar	Altar
2671	9680	0	mining_site	Mining site
1379	9682	0	hunter_training	Hunter training
2696	9682	0	dungeon_link	Dungeon with map link
3732	9683	0	dungeon_link	Dungeon with map link
2455	9684	0	furnace	Furnace
2571	9685	0	dungeon_link	Dungeon with map link
1685	9686	0	altar	Altar
3112	9688	0	anvil	Anvil
3353	9690	0	transportation	Transportation
2451	9691	0	agility_short-cut	Agility short-cut
2632	9694	0	dungeon_link	Dungeon with map link
3374	9697	0	transportation	Transportation
1501	9698	0	fishing_spot	Fishing spot
3023	9704	0	mining_site	Mining site
1391	9709	0	hunter_training	Hunter training
1374	9710	0	cooking_range	Cooking range
2925	9710	0	water_source	Water source
3007	9711	0	mining_site	Mining site
1667	9712	0	cooking_range	Cooking range
2923	9713	0	cooking_range	Cooking range
3158	9714	0	dungeon_link	Dungeon with map link
3014	9715	0	poll_booth	Poll booth
2497	9716	0	dungeon	Dungeon
3380	9716	0	transportation	Transportation
3335	9718	0	transportation	Transportation
2369	9719	0	dungeon	Dungeon
3011	9719	0	bank	Bank
3033	9720	0	mining_site	Mining site
3493	9726	0	dungeon_link	Dungeon with map link
2958	9737	0	dungeon_link	Dungeon with map link
2978	9737	0	canoe_station	Canoe station
3019	9739	0	dungeon_link	Dungeon with map link
3041	9740	0	mining_site	Mining site
3056	9744	0	dungeon	Dungeon
3031	9747	0	mining_shop	Mining shop
3384	9749	0	mining_site	Mining site
2873	9750	0	dungeon_link	Entrana Dungeon magic door
3117	9754	0	dungeon_link	Dungeon with map link
1686	9755	0	agility_short-cut	Agility short-cut
2562	9756	0	dungeon_link	Dungeon with map link
3190	9758	0	dungeon_link	Dungeon with map link
2518	9759	0	dungeon	Dungeon
3040	9763	0	mining_site	Mining site
2894	9764	0	fishing_spot	Fishing spot
3060	9764	0	dungeon	Dungeon
2884	9765	0	fishing_spot	Fishing spot
1325	9766	0	dungeon_link	Dungeon with map link
2890	9766	0	fishing_spot	Fishing spot
1296	9768	0	dungeon_link	Dungeon with map link
3534	9768	0	agility_short-cut	Agility short-cut
3541	9772	0	agility_short-cut	Agility short-cut
3081	9774	0	dungeon_link	Dungeon with map link
2724	9775	0	dungeon_link	Dungeon with map link
3038	9775	0	mining_site	Mining site
3059	9778	0	dungeon_link	Dungeon with map link
3244	9783	0	dungeon_link	Dungeon with map link
1309	9784	0	agility_short-cut	Agility short-cut
1317	9785	0	fishing_spot	Fishing spot
3555	9786	0	agility_short-cut	Agility short-cut
2336	9794	0	dungeon	Dungeon
2621	9795	0	dungeon_link	Dungeon with map link
3679	9796	0	dungeon_link	Dungeon with map link
2884	9797	0	dungeon_link	Dungeon with map link
2313	9798	0	anvil	Anvil
2887	9798	0	agility_short-cut	Agility short-cut
3003	9799	0	archery_shop	Archery shop
1672	9800	0	dungeon	Dungeon
1705	9800	0	agility_short-cut	Agility short-cut
1688	9802	0	agility_short-cut	Agility short-cut
3500	9802	0	agility_short-cut	Agility short-cut
2432	9806	0	agility_short-cut	Agility short-cut
3035	9806	0	agility_short-cut	Agility short-cut
3029	9809	0	mining_site	Mining site
2409	9811	0	dungeon_link	Dungeon with map link
2936	9811	0	agility_short-cut	Agility short-cut
3560	9811	0	agility_short-cut	Agility short-cut
2388	9813	0	singing_bowl	Singing bowl
2878	9813	0	agility_short-cut	Agility short-cut
3012	9813	0	anvil	Anvil
3384	9813	0	mining_site	Mining site
2411	9815	0	transportation	Transportation
3656	9816	0	dungeon	Dungeon
2406	9817	0	quest_start	The Eyes of Glouphrie
3052	9820	0	mining_site	Mining site
3680	9820	0	agility_short-cut	Agility short-cut
1711	9822	0	agility_short-cut	Agility short-cut
2888	9823	0	agility_short-cut	Agility short-cut
2429	9824	0	dungeon_link	Dungeon with map link
2842	9824	0	dungeon_link	Dungeon with map link
3448	9826	0	transportation	Transportation
2994	9828	0	general_store	General store
3032	9828	0	mining_site	Mining site
2996	9836	0	transportation	Transportation
3692	9837	0	agility_short-cut	Agility short-cut
3506	9839	0	quest_start	In Aid of the Myreque
2998	9844	0	mining_shop	Mining shop
3036	9846	0	mining_shop	Mining shop
3477	9846	0	dungeon_link	Dungeon with map link
3678	9846	0	agility_short-cut	Agility short-cut
2874	9847	0	dungeon	Dungeon
1646	9849	0	dungeon_link	Dungeon with map link
3019	9850	0	dungeon_link	Dungeon with map link
3116	9852	0	dungeon_link	Dungeon with map link
3237	9858	0	dungeon_link	Dungeon with map link
2875	9864	0	dungeon_link	Dungeon with map link
3549	9864	0	dungeon_link	Dungeon with map link
3097	9867	0	dungeon_link	Dungeon with map link
2875	9870	0	transportation	Transportation
2864	9872	0	archery_shop	Archery shop
1550	9874	0	bank	Bank
3139	9874	0	mining_site	Mining site
2865	9876	0	bar	Pub/bar
2250	9878	0	mining_site	Mining site
2877	9880	0	dungeon_link	Dungeon with map link
3122	9882	0	agility_short-cut	Agility short-cut
2820	9884	0	dungeon_link	Dungeon with map link
2941	9884	0	mining_site	Mining site
3440	9886	0	dungeon_link	Dungeon with map link
3683	9888	0	dungeon_link	Dungeon with map link
3423	9890	0	water_source	Water source
2268	9892	0	mining_site	Mining site
3440	9894	0	quest_start	Nature Spirit
2914	9895	0	agility_short-cut	Agility short-cut
2463	9897	0	dungeon_link	Dungeon with map link
2940	9898	0	mining_site	Mining site
1597	9900	0	dungeon_link	Woodcutting Guild dungeon exit
2899	9901	0	agility_short-cut	Agility short-cut
2922	9904	0	mining_site	Mining site
3230	9904	0	dungeon_link	Dungeon with map link
3153	9905	0	agility_short-cut	Agility short-cut
2892	9907	0	dungeon_link	Dungeon with map link
3405	9907	0	dungeon_link	Dungeon with map link
2823	9910	0	dungeon_link	Dungeon with map link
1432	9913	0	dungeon_link	Dungeon with map link
2293	9914	0	dungeon_link	Ynysdail Cavern exit
3146	9914	0	slayer_master	Slayer Master
2305	9915	0	dungeon	Dungeon
2490	9916	0	mining_site	Mining site
2847	9916	0	dungeon_link	Dungeon with map link
2915	9916	0	mining_site	Mining site
2857	9919	0	dungeon_link	Dungeon with map link
1820	9946	0	agility_short-cut	Agility short-cut
3680	9959	0	brewery	Brewery
1435	9962	0	water_source	Water source
3682	9962	0	dungeon_link	Port Phasmatys brewery ladder
1438	9964	0	cooking_range	Cooking range
1800	9968	0	dungeon_link	Dungeon with map link
2906	9968	0	dungeon_link	Dungeon with map link
3088	9971	0	dungeon_link	Dungeon with map link
1830	9973	0	dungeon_link	Dungeon with map link
1305	9974	0	dungeon_link	Dungeon with map link
1650	9986	0	dungeon_link	Dungeon with map link
2275	9987	0	dungeon_link	Dungeon with map link
1646	10001	0	agility_short-cut	Agility short-cut
2809	10002	0	dungeon_link	Dungeon with map link
2771	10003	0	agility_short-cut	Agility short-cut
1648	10008	0	agility_short-cut	Agility short-cut
2730	10008	0	agility_short-cut	Agility short-cut
2280	10017	0	dungeon	Dungeon
1663	10047	0	transportation	Transportation
2824	10050	0	dungeon_link	Dungeon with map link
3384	10050	0	dungeon_link	Dungeon with map link
1716	10057	0	agility_short-cut	Agility short-cut
3218	10058	0	dungeon_link	Revenant Caves southern exit
1610	10060	0	agility_short-cut	Agility short-cut
1614	10071	0	agility_short-cut	Agility short-cut
1706	10077	0	agility_short-cut	Agility short-cut
1242	10080	0	dungeon_link	Dungeon with map link
1247	10084	0	farming_patch	Farming patch
3221	10086	0	agility_short-cut	Agility short-cut
2074	10089	0	dungeon_link	Dungeon with map link
1473	10093	0	furnace	Furnace
3434	10093	0	agility_short-cut	Agility short-cut
1474	10098	0	anvil	Anvil
1468	10101	0	mining_site	Mining site
1617	10102	0	dungeon_link	Dungeon with map link
1719	10102	0	dungeon_link	Dungeon with map link
3435	10115	0	agility_short-cut	Agility short-cut
2873	10119	0	mining_site	Mining site
3334	10119	0	agility_short-cut	Agility short-cut
2842	10129	0	quest_start	The Giant Dwarf
1764	10132	0	bar	Pub/bar
2800	10135	0	dungeon_link	Dungeon with map link
3200	10135	0	agility_short-cut	Agility short-cut
1761	10136	0	water_source	Water source
1765	10137	0	cooking_range	Cooking range
2546	10143	0	dungeon	Dungeon
2544	10144	0	dungeon_link	Dungeon with map link
3241	10144	0	agility_short-cut	Agility short-cut
1761	10145	0	fishing_shop	Fishing shop
1813	10145	0	dungeon_link	Dungeon with map link
1776	10146	0	general_store	General store
2439	10146	0	dungeon_link	Waterbirth Island Dungeon steps
3405	10146	0	dungeon_link	Dungeon with map link
1775	10149	0	poll_booth	Poll booth
3342	10149	0	agility_short-cut	Agility short-cut
2819	10156	0	mining_site	Mining site
1766	10157	0	anvil	Anvil
2780	10160	0	dungeon	Dungeon
2772	10164	0	dungeon_link	Dungeon with map link
2824	10168	0	quest_start	Between a Rock...
2865	10170	0	mining_site	Mining site
2909	10170	0	transportation	Transportation
2942	10179	0	transportation	Transportation
2849	10184	0	stonemason	Stonemason
1312	10188	0	dungeon_link	Dungeon with map link
2888	10188	0	silk_trader	Silk trader
2914	10188	0	minigame	Minigame
2870	10189	0	general_store	General store
2930	10192	0	furnace	Furnace
2914	10193	0	bar	Pub/bar
2916	10193	0	brewery	Brewery
2839	10195	0	bar	Pub/bar
3202	10195	0	agility_short-cut	Agility short-cut
2825	10196	0	shield_shop	Shield shop
2887	10196	0	silver_shop	Silver shop
2828	10201	0	anvil	Anvil
2869	10201	0	anvil	Anvil
2852	10202	0	farming_patch	Farming patch
2887	10202	0	archery_shop	Archery shop
2838	10207	0	bank	Bank
2887	10207	0	crafting_shop	Crafting shop
2868	10209	0	clothes_shop	Clothes shop
3181	10209	0	agility_short-cut	Agility short-cut
2834	10210	0	poll_booth	Poll booth
2873	10210	0	sword_shop	Sword shop
2888	10211	0	gem_shop	Gem shop
2892	10211	0	food_shop	Food shop
2924	10211	0	mining_shop	Mining shop
1317	10214	0	agility_short-cut	Agility short-cut
2827	10215	0	quest_start	Forgettable Tale...
3245	10215	0	dungeon_link	Revenant Caves northern exit
2906	10217	0	kebab_seller	Kebab seller
2730	10218	0	transportation	Transportation
2922	10219	0	water_source	Water source
2898	10220	0	water_source	Water source
1552	10224	0	transportation	Transportation
1346	10230	0	agility_short-cut	Agility short-cut
2827	10230	0	sword_shop	Sword shop
3604	10231	0	dungeon_link	Wyvern Cave exit
2938	10232	0	mining_site	Mining site
3359	10244	0	dungeon_link	Dungeon with map link
2509	10246	0	dungeon_link	Dungeon with map link
3017	10249	0	dungeon_link	Dungeon with map link
2507	10250	0	clothes_shop	Clothes shop
2520	10251	0	food_shop	Food shop
3069	10256	0	dungeon_link	Dungeon with map link
2528	10258	0	bar	Pub/bar
2508	10259	0	general_store	General store
3633	10262	0	agility_short-cut	Agility short-cut
2618	10265	0	dungeon_link	Dungeon with map link
1191	10271	0	water_source	Water source
1187	10272	0	cooking_range	Cooking range
3360	10273	0	dungeon_link	Dungeon with map link
3336	10286	0	dungeon_link	Dungeon with map link
2505	10287	0	mining_site	Mining site
3383	10288	0	dungeon_link	Dungeon with map link
3605	10290	0	agility_short-cut	Agility short-cut
3596	10292	0	dungeon_link	Dungeon with map link
2539	10298	0	agility_short-cut	Agility short-cut
2911	10310	0	mining_site	Mining site
3359	10313	0	dungeon_link	Dungeon with map link
3046	10327	0	agility_short-cut	Agility short-cut
3045	10329	0	dungeon_link	Dungeon with map link
3233	10331	0	dungeon_link	Dungeon with map link
2857	10333	0	dungeon_link	Dungeon with map link
2836	10334	0	mining_site	Mining site
3048	10335	0	agility_short-cut	Agility short-cut
3232	10352	0	dungeon_link	Dungeon with map link
3243	10352	0	dungeon_link	Dungeon with map link
2845	10353	0	dungeon_link	Dungeon with map link
3005	10363	0	dungeon_link	Dungeon with map link
2461	10418	0	dungeon_link	Dungeon with map link
2902	10454	0	agility_short-cut	Agility short-cut
2924	10455	0	transportation	Transportation
2929	10461	0	furnace	Furnace
2887	10481	0	dungeon_link	Grimstone Dungeon exit
2588	2257	1	cooking_range	Cooking range
3187	2367	1	transportation	Transportation
3184	2368	1	mooring_point	Ship boarding plank
3173	2370	1	noticeboard	Port task board
3180	2370	1	shipwright	Shipwright
2806	2502	1	transportation	Transportation
2806	2512	1	mooring_point	Ship boarding plank
2802	2513	1	noticeboard	Port task board
2793	2515	1	shipwright	Shipwright
2809	2521	1	bank	Bank
2804	2523	1	cargo_bay	Cargo bay
2652	2673	1	noticeboard	Port task board
2659	2673	1	mooring_point	Ship boarding plank
2656	2676	1	shipwright	Shipwright
3358	2711	1	dungeon_link	Dungeon with map link
3355	2714	1	raids_lobby	Raids Lobby
1944	2753	1	transportation	Transportation
1936	2754	1	bank	Bank
1950	2755	1	furnace	Furnace
1937	2759	1	cargo_bay	Cargo bay
1927	2761	1	noticeboard	Port task board
1932	2761	1	mooring_point	Ship boarding plank
1939	2761	1	bar	Pub/bar
1949	2761	1	anvil	Anvil
1946	2762	1	mining_shop	Mining shop
1940	2763	1	cooking_range	Cooking range
1941	2766	1	shipwright	Shipwright
2797	2800	1	altar	Altar
1153	2804	1	agility_short-cut	Agility short-cut
3404	2825	1	furnace	Furnace
3148	2826	1	noticeboard	Port task board
3146	2828	1	mooring_point	Ship boarding plank
3401	2829	1	water_source	Water source
3406	2834	1	anvil	Anvil
2578	2839	1	transportation	Transportation
2467	2848	1	cooking_range	Cooking range
2581	2848	1	noticeboard	Port task board
3408	2848	1	dungeon	Dungeon
2463	2849	1	bank	Bank
2576	2849	1	shipwright	Shipwright
2590	2851	1	transportation	Transportation
2452	2852	1	herbalist	Herbalist
2580	2853	1	mooring_point	Ship boarding plank
2455	2855	1	water_source	Water source
1448	2928	1	water_source	Water source
3670	2931	1	transportation	Transportation
3684	2952	1	transportation	Transportation
2764	2957	1	transportation	Transportation
1444	2963	1	shipwright	Shipwright
3052	2965	1	water_source	Water source
3049	2967	1	quest_start	Prying Times
1445	2968	1	cargo_bay	Cargo bay
1456	2968	1	transportation	Transportation
1439	2969	1	mooring_point	Ship boarding plank
1449	2969	1	noticeboard	Port task board
1514	2970	1	transportation	Transportation
3048	2971	1	bar	Pub/bar
3508	2971	1	quest_start	Desert Treasure II - The Fallen Empire
3511	2971	1	dungeon	Dungeon
3058	2974	1	lookout_point	Lookout point
1444	2977	1	transportation	Transportation
1515	2977	1	noticeboard	Port task board
1518	2978	1	shipwright	Shipwright
3060	2979	1	cargo_bay	Cargo bay
3046	2980	1	dungeon_link	Dungeon with map link
3064	2980	1	water_source	Water source
2869	2982	1	slayer_master	Slayer Master
3047	2984	1	fishing_shop	Fishing shop
1493	2985	1	transportation	Transportation
1517	2985	1	cooking_range	Cooking range
3061	2985	1	noticeboard	Port task board
3058	2986	1	mooring_point	Ship boarding plank
1515	2987	1	general_store	General store
3063	2991	1	shipwright	Shipwright
1514	2994	1	helmet_shop	Helmet shop
1517	2995	1	anvil	Anvil
2863	2996	1	bar	Pub/bar
3000	3032	1	transportation	Transportation
2431	3078	1	altar	Altar
2595	3087	1	magic_shop	Magic shop
2780	3087	1	quest_start	Tai Bwo Wannai Trio
1799	3107	1	minigame	Minigame
2142	3123	1	transportation	Transportation
2147	3123	1	mooring_point	Ship boarding plank
2151	3123	1	noticeboard	Port task board
2368	3130	1	altar	Altar
1744	3136	1	transportation	Transportation
2674	3143	1	transportation	Transportation
2956	3149	1	shipwright	Shipwright
2952	3150	1	noticeboard	Port task board
2341	3155	1	cooking_range	Cooking range
2955	3158	1	transportation	Transportation
2337	3159	1	food_shop	Food shop
2341	3160	1	cooking_range	Cooking range
2666	3160	1	shipwright	Shipwright
2679	3162	1	mooring_point	Ship boarding plank
2684	3164	1	noticeboard	Port task board
2356	3172	1	altar	Altar
3421	3180	1	altar	Altar
3038	3191	1	transportation	Transportation
3028	3194	1	noticeboard	Port task board
3030	3198	1	mooring_point	Ship boarding plank
3024	3204	1	cargo_bay	Cargo bay
3029	3206	1	shipwright	Shipwright
3026	3209	1	quest_start	Pandemonium
3208	3212	1	spinning_wheel	Spinning wheel
3212	3212	1	crafting_tutor	Crafting Tutor
3662	3219	1	raids_lobby	Raids Lobby
3211	3220	1	quest_start	The Lost Tribe
3212	3224	1	quest_start	The Lost Tribe
2769	3225	1	noticeboard	Port task board
2919	3226	1	shipwright	Shipwright
2765	3227	1	mooring_point	Ship boarding plank
2770	3228	1	cargo_bay	Cargo bay
2761	3233	1	shipwright	Shipwright
2773	3234	1	transportation	Transportation
2761	3238	1	transportation	Transportation
3055	3244	1	transportation	Transportation
3214	3248	1	cooking_range	Cooking range
1577	3251	1	agility_short-cut	Agility short-cut
2668	3266	1	shipwright	Shipwright
2673	3269	1	noticeboard	Port task board
1885	3274	1	magic_carpet	Magic carpet
2681	3275	1	transportation	Transportation
2936	3283	1	tannery	Tannery
1905	3284	1	cooking_range	Cooking range
2936	3287	1	spinning_wheel	Spinning wheel
1867	3288	1	silver_shop	Silver shop
1864	3289	1	spice_shop	Spice shop
1870	3289	1	gem_shop	Gem shop
1904	3289	1	water_source	Water source
1884	3291	1	shipwright	Shipwright
1862	3292	1	fishing_shop	Fishing shop
1871	3292	1	fur_trader	Fur trader
1866	3293	1	magic_carpet	Magic carpet
2576	3293	1	quest_start	Regicide
1862	3295	1	mining_shop	Mining shop
1870	3295	1	silk_trader	Silk trader
2579	3295	1	quest_start	Regicide
1864	3297	1	vegetable_store	Vegetable store
1867	3297	1	archery_shop	Archery shop
1883	3297	1	cargo_bay	Cargo bay
1888	3298	1	general_store	General store
1882	3301	1	lookout_point	Lookout point
1906	3301	1	cooking_range	Cooking range
1909	3301	1	water_source	Water source
1871	3304	1	mooring_point	Ship boarding plank
1866	3306	1	noticeboard	Port task board
1871	3312	1	transportation	Transportation
1908	3312	1	cooking_range	Cooking range
1885	3313	1	poll_booth	Poll booth
1905	3313	1	water_source	Water source
1892	3316	1	bar	Pub/bar
1883	3317	1	bank	Bank
3366	3318	1	bank	Bank
2164	3326	1	mooring_point	Ship boarding plank
2157	3331	1	transportation	Transportation
2834	3334	1	transportation	Transportation
2874	3339	1	noticeboard	Port task board
3725	3356	1	dungeon_link	Dungeon with map link
3726	3361	1	cooking_range	Cooking range
3728	3363	1	water_source	Water source
2730	3374	1	poll_booth	Poll booth
3670	3375	1	agility_short-cut	Agility short-cut
1504	3398	1	transportation	Transportation
3202	3401	1	cooking_range	Cooking range
1495	3403	1	transportation	Transportation
1499	3405	1	shipwright	Shipwright
1506	3407	1	noticeboard	Port task board
1502	3408	1	mooring_point	Ship boarding plank
1509	3410	1	cargo_bay	Cargo bay
2804	3412	1	shipwright	Shipwright
2800	3413	1	noticeboard	Port task board
2792	3415	1	transportation	Transportation
2803	3419	1	mooring_point	Ship boarding plank
2897	3426	1	quest_start	Eadgar's Ruse
2805	3427	1	cargo_bay	Cargo bay
3148	3449	1	dairy_churn	Dairy churn
3144	3453	1	cooking_range	Cooking range
2710	3471	1	spinning_wheel	Spinning wheel
3204	3471	1	dummy	Dummy
3514	3476	1	poll_booth	Poll booth
2480	3479	1	cooking_range	Cooking range
2451	3480	1	bank	Bank
3156	3481	1	pricing_expert_herbs	Pricing expert (herbs)
3173	3481	1	pricing_expert_runes	Pricing expert (runes)
3512	3481	1	bank	Bank
2480	3482	1	cookery_shop	Cookery shop
1570	3483	1	rare_trees	Rare trees
3479	3484	1	taxidermist	Taxidermist
2440	3486	1	bank	Bank
3167	3487	1	grand_exchange	Grand Exchange
2449	3488	1	poll_booth	Poll booth
2479	3489	1	bar	Pub/bar
3152	3489	1	pricing_expert_logs	Pricing expert (logs)
3162	3492	1	bank	Bank
1570	3493	1	rare_trees	Rare trees
3208	3494	1	altar	Altar
3509	3495	1	food_shop	Food shop
3710	3497	1	transportation	Transportation
3052	3498	1	altar	Altar
3156	3498	1	pricing_expert_weapons_and_armours	Pricing expert (weapons and armours)
3173	3498	1	pricing_expert_ores	Pricing expert (ores)
2441	3499	1	water_source	Water source
2418	3500	1	bar	Pub/bar
3162	3500	1	poll_booth	Poll booth
2445	3501	1	food_shop	Food shop
2750	3501	1	altar	Altar
2437	3502	1	minigame	Minigame
3703	3503	1	transportation	Transportation
3503	3505	1	clothes_shop	Clothes shop
3081	3508	1	cooking_range	Cooking range
2446	3509	1	cookery_shop	Cookery shop
2452	3510	1	cooking_range	Cooking range
3028	3510	1	altar	Altar
2889	3511	1	altar	Altar
2446	3512	1	cooking_range	Cooking range
2482	3513	1	clothes_shop	Clothes shop
2856	3535	1	axe_shop	Axe shop
2854	3537	1	sword_shop	Sword shop
2843	3545	1	minigame	Minigame
2864	3550	1	minigame	Minigame
3422	3550	1	agility_short-cut	Agility short-cut
1495	3574	1	water_source	Water source
3448	3578	1	agility_short-cut	Agility short-cut
1507	3590	1	water_source	Water source
1522	3592	1	water_source	Water source
1587	3622	1	transportation	Transportation
2509	3640	1	general_store	General store
1809	3679	1	transportation	Transportation
1822	3680	1	cargo_bay	Cargo bay
2629	3686	1	mooring_point	Ship boarding plank
1841	3688	1	shipwright	Shipwright
1826	3690	1	quest_start	Client of Kourend
1837	3691	1	noticeboard	Port task board
1840	3691	1	mooring_point	Ship boarding plank
1824	3692	1	transportation	Transportation
2628	3692	1	transportation	Transportation
2632	3696	1	shipwright	Shipwright
2629	3699	1	noticeboard	Port task board
1829	3723	1	food_shop	Food shop
1525	3725	1	transportation	Transportation
1777	3733	1	cooking_range	Cooking range
1768	3734	1	cooking_range	Cooking range
1745	3735	1	cooking_range	Cooking range
1750	3736	1	water_source	Water source
1774	3736	1	water_source	Water source
1763	3738	1	water_source	Water source
1750	3747	1	water_source	Water source
1766	3751	1	cooking_range	Cooking range
1773	3751	1	water_source	Water source
1750	3752	1	cooking_range	Cooking range
1846	3753	1	magic_carpet	Magic carpet
1753	3759	1	water_source	Water source
1750	3764	1	cooking_range	Cooking range
1633	3807	1	agility_short-cut	Agility short-cut
2710	3829	1	hunting_tutor	Hunting Tutor
1674	3832	1	transportation	Transportation
2618	3845	1	shipwright	Shipwright
2580	3846	1	transportation	Transportation
2612	3846	1	noticeboard	Port task board
2498	3857	1	quest_start	Throne of Miscellania
2498	3861	1	quest_start	Royal Trouble
2146	3879	1	noticeboard	Port task board
3763	3879	1	transportation	Transportation
3765	3883	1	agility_short-cut	Agility short-cut
2140	3884	1	mooring_point	Ship boarding plank
2146	3884	1	shipwright	Shipwright
2094	3905	1	water_source	Water source
2094	3909	1	cooking_range	Cooking range
2658	3988	1	transportation	Transportation
1630	4023	1	agility_short-cut	Agility short-cut
2639	4041	1	agility_training	Agility training
3423	4064	1	minigame	Minigame
2150	4545	1	dungeon	Dungeon
3610	4603	1	cooking_range	Cooking range
2137	4648	1	transportation	Transportation
2009	4712	1	transportation	Transportation
2174	4725	1	dungeon	Dungeon
2113	4729	1	dungeon	Dungeon
1818	4834	1	transportation	Transportation
2075	4850	1	transportation	Transportation
2070	4891	1	raids_lobby	Raids Lobby
3051	4961	1	clothes_shop	Clothes shop
3039	4967	1	poll_booth	Poll booth
3041	4972	1	bank	Bank
2142	5107	1	water_source	Water source
2920	5275	1	agility_short-cut	Agility short-cut
2696	5277	1	transportation	Transportation
3351	5317	1	rare_trees	Rare trees
3269	5320	1	rare_trees	Rare trees
3302	5320	1	rare_trees	Rare trees
1635	5328	1	mining_site	Mining site
1763	5328	1	mining_site	Mining site
1649	5333	1	mining_site	Mining site
1777	5333	1	mining_site	Mining site
1656	5350	1	mining_site	Mining site
1784	5350	1	mining_site	Mining site
2736	5364	1	quest_start	Another Slice of H.A.M.
2323	5400	1	bank	Bank
2352	5402	1	cookery_shop	Cookery shop
2065	5404	1	transportation	Transportation
2312	5406	1	bank	Bank
2351	5409	1	bar	Pub/bar
2317	5421	1	food_shop	Food shop
2309	5422	1	minigame	Minigame
2318	5429	1	cookery_shop	Cookery shop
2324	5430	1	cooking_range	Cooking range
2318	5432	1	cooking_range	Cooking range
2354	5433	1	clothes_shop	Clothes shop
3317	5448	1	farming_patch	Farming patch
3344	5451	1	farming_patch	Farming patch
3353	5452	1	rare_trees	Rare trees
3304	5453	1	water_source	Water source
3275	5454	1	rare_trees	Rare trees
3301	5456	1	hunter_training	Hunter training
3341	5456	1	bank	Bank
3318	5457	1	bank	Bank
3287	5459	1	hunter_training	Hunter training
3334	5460	1	water_source	Water source
3290	5461	1	water_source	Water source
1748	5464	1	cooking_range	Cooking range
3342	5464	1	hunter_training	Hunter training
3275	5465	1	bank	Bank
1744	5467	1	water_source	Water source
3282	5467	1	farming_patch	Farming patch
1775	5468	1	altar	Altar
3308	5469	1	rare_trees	Rare trees
1745	5472	1	poll_booth	Poll booth
1747	5477	1	bank	Bank
2003	5528	1	bank	Bank
2442	5528	1	transportation	Transportation
2032	5530	1	cookery_shop	Cookery shop
1992	5534	1	bank	Bank
2001	5536	1	poll_booth	Poll booth
2031	5537	1	bar	Pub/bar
2481	5544	1	transportation	Transportation
1970	5548	1	bar	Pub/bar
1997	5549	1	food_shop	Food shop
1989	5550	1	minigame	Minigame
1998	5557	1	cookery_shop	Cookery shop
2004	5558	1	cooking_range	Cooking range
1998	5560	1	cooking_range	Cooking range
2034	5561	1	clothes_shop	Clothes shop
3380	5899	1	transportation	Transportation
2879	6022	1	altar	Altar
2816	6074	1	altar	Altar
3188	6078	1	mooring_point	Ship boarding plank
3181	6083	1	transportation	Transportation
3233	6087	1	water_source	Water source
2623	6088	1	transportation	Transportation
3218	6089	1	staff_shop	Staff shop
3230	6090	1	cooking_range	Cooking range
2789	6099	1	cooking_range	Cooking range
2785	6103	1	food_shop	Food shop
2789	6104	1	cooking_range	Cooking range
3222	6112	1	magic_shop	Magic shop
2804	6116	1	altar	Altar
3032	6123	1	dungeon_link	Dungeon with map link
3032	6129	1	minigame	Minigame
2917	6163	1	cooking_range	Cooking range
2913	6167	1	food_shop	Food shop
2917	6168	1	cooking_range	Cooking range
2932	6180	1	altar	Altar
2070	6368	1	agility_short-cut	Agility short-cut
2091	6380	1	agility_short-cut	Agility short-cut
3157	7825	1	water_source	Water source
3161	7827	1	cooking_range	Cooking range
3179	7842	1	anvil	Anvil
3297	8861	1	farming_patch	Farming patch
3286	8868	1	dungeon_link	Coral Nurseries exit
1939	8966	1	dungeon_link	Dungeon with map link
1981	8996	1	agility_short-cut	Agility short-cut
2012	9005	1	dungeon_link	Dungeon with map link
1937	9009	1	dungeon_link	Dungeon with map link
1937	9020	1	mining_site	Mining site
1971	9033	1	dungeon_link	Dungeon with map link
1978	9041	1	mining_site	Mining site
1962	9072	1	anvil	Anvil
3092	9307	1	water_source	Water source
3116	9323	1	furnace	Furnace
1560	9420	1	hunter_training	Hunter training
1558	9449	1	dungeon_link	Dungeon with map link
1558	9465	1	bar	Pub/bar
1488	9502	1	dungeon_link	Dungeon with map link
1311	9508	1	agility_short-cut	Agility short-cut
1440	9508	1	dungeon_link	Dungeon with map link
1296	9513	1	rare_trees	Rare trees
1326	9513	1	rare_trees	Rare trees
1511	9540	1	mining_site	Mining site
2990	9547	1	agility_short-cut	Agility short-cut
3013	9549	1	agility_short-cut	Agility short-cut
3007	9550	1	dungeon_link	Dungeon with map link
1436	9551	1	herbalist	Herbalist
1402	9553	1	cooking_range	Cooking range
1443	9554	1	mining_shop	Mining shop
1466	9555	1	cooking_range	Cooking range
1474	9555	1	cooking_range	Cooking range
1425	9556	1	general_store	General store
1455	9556	1	hairdresser	hairdresser
1415	9559	1	water_source	Water source
1437	9560	1	jewellery	Jewellery
1441	9560	1	food_shop	Food shop
1415	9564	1	water_source	Water source
1450	9564	1	poll_booth	Poll booth
1413	9567	1	cooking_range	Cooking range
1470	9567	1	cooking_range	Cooking range
1425	9568	1	magic_shop	Magic shop
1455	9568	1	bank	Bank
1404	9569	1	cooking_range	Cooking range
1476	9569	1	cooking_range	Cooking range
1461	9572	1	water_source	Water source
1445	9584	1	anvil	Anvil
1454	9584	1	furnace	Furnace
1429	9585	1	bar	Pub/bar
1449	9585	1	sword_shop	Sword shop
1447	9587	1	water_source	Water source
1424	9590	1	water_source	Water source
1440	9602	1	dungeon_link	Dungeon with map link
1440	9613	1	dungeon_link	Dungeon with map link
1437	9623	1	water_source	Water source
1443	9623	1	water_source	Water source
3494	9628	1	quest_start	Darkness of Hallowvale
3363	9640	1	transportation	Transportation
1521	9689	1	fishing_spot	Fishing spot
1510	9693	1	cooking_range	Cooking range
3356	9693	1	transportation	Transportation
3383	9698	1	transportation	Transportation
3738	9702	1	dungeon_link	Dungeon with map link
3377	9706	1	transportation	Transportation
1404	9713	1	water_source	Water source
3363	9713	1	transportation	Transportation
1404	9720	1	water_source	Water source
3889	9749	1	mining_site	Mining site
3726	9756	1	dungeon_link	Dungeon with map link
3186	9758	1	hot_air_balloon	Hot air balloon
2888	9823	1	agility_short-cut	Agility short-cut
2772	10003	1	agility_short-cut	Agility short-cut
3157	10027	1	minigame	Minigame
2845	10056	1	quest_start	My Arm's Big Adventure
1292	10057	1	dungeon_link	Dungeon with map link
2841	10060	1	quest_start	Making Friends with My Arm
1314	10063	1	dungeon_link	Dungeon with map link
2827	10065	1	quest_start	Troll Romance
1330	10069	1	dungeon_link	Dungeon with map link
1293	10077	1	dungeon_link	Dungeon with map link
1312	10086	1	dungeon_link	Dungeon with map link
1443	10098	1	agility_short-cut	Agility short-cut
3295	10189	1	dungeon_link	Dungeon with map link
2916	10193	1	brewery	Brewery
3731	10271	1	farming_patch	Farming patch
3732	10281	1	dungeon_link	Dungeon with map link
3744	10295	1	hunter_training	Hunter training
2394	10297	1	dungeon_link	Dungeon with map link
3741	10298	1	fishing_spot	Fishing spot
2457	2839	2	altar	Altar
2462	2845	2	platebody_shop	Platebody shop
2467	2846	2	sword_shop	Sword shop
2448	2847	2	clothes_shop	Clothes shop
2464	2849	2	anvil	Anvil
2457	2856	2	transportation	Transportation
1438	2929	2	water_source	Water source
2546	3112	2	quest_start	Watchtower
3103	3164	2	quest_start	Imp Catcher
3209	3215	2	poll_booth	Poll booth
3206	3221	2	bank_tutor	Bank Tutor
3210	3221	2	bank	Bank
2960	3336	2	quest_start	Black Knights' Fortress
2963	3338	2	quest_start	Black Knights' Fortress
2730	3379	2	bank	Bank
1570	3483	2	rare_trees	Rare trees
2467	3486	2	sword_shop	Sword shop
3213	3490	2	dummy	Dummy
1570	3493	2	rare_trees	Rare trees
3420	3534	2	agility_short-cut	Agility short-cut
3447	3576	2	agility_short-cut	Agility short-cut
1617	3673	2	altar	Altar
1611	3679	2	bank	Bank
1612	3684	2	poll_booth	Poll booth
1787	3753	2	cooking_range	Cooking range
1782	3758	2	water_source	Water source
1688	3794	2	altar	Altar
2224	3796	2	transportation	Transportation
1633	3807	2	agility_short-cut	Agility short-cut
2138	3899	2	transportation	Transportation
2966	4380	2	dungeon_link	Dungeon with map link
2386	4628	2	mining_site	Mining site
2930	4712	2	quest_start	Mage Arena II
2872	5280	2	agility_short-cut	Agility short-cut
2913	5300	2	agility_short-cut	Agility short-cut
2822	5302	2	altar	Altar
2881	5311	2	dungeon_link	Dungeon with map link
2938	5324	2	altar	Altar
2870	5371	2	altar	Altar
2339	5406	2	sword_shop	Sword shop
2019	5534	2	sword_shop	Sword shop
3255	6082	2	transportation	Transportation
3263	6091	2	altar	Altar
2073	6169	2	altar	Altar
3406	9248	2	altar	Altar
2444	9417	2	dungeon	Dungeon
3503	9508	2	agility_short-cut	Agility short-cut
3483	9510	2	dungeon_link	Dungeon with map link
3252	9517	2	quest_start	Tears of Guthix
3258	9517	2	minigame	Minigame
2671	9584	2	agility_short-cut	Agility short-cut
3498	9622	2	cooking_range	Cooking range
3362	9623	2	transportation	Transportation
3367	9623	2	transportation	Transportation
3494	9623	2	water_source	Water source
3494	9628	2	quest_start	Tears of Guthix
3495	9631	2	brewery	Brewery
3369	9680	2	transportation	Transportation
3360	9701	2	transportation	Transportation
3672	9751	2	mining_site	Mining site
3688	9756	2	mining_site	Mining site
3675	9766	2	mining_site	Mining site
1436	10076	2	agility_short-cut	Agility short-cut
2831	10077	2	dungeon_link	Dungeon with map link
1435	10078	2	dungeon_link	Chasm of Fire exit
2837	10089	2	dungeon_link	Dungeon with map link
1438	10099	2	agility_short-cut	Agility short-cut
3423	10182	2	dungeon_link	Silk Chasm exit
2333	10318	2	mining_site	Mining site
2358	10325	2	mining_site	Mining site
2318	10327	2	mining_site	Mining site
2317	10342	2	mining_site	Mining site
2337	10346	2	quest_start	Dream Mentor
2356	10347	2	mining_site	Mining site
2330	10352	2	dungeon_link	Lunar Isle mine ladder
2701	3404	3	quest_start	Scorpion Catcher
2461	3502	3	transportation	Transportation
1853	4406	3	agility_short-cut	Agility short-cut
1982	4408	3	dungeon_link	Dungeon with map link
2023	4962	3	transportation	Transportation
2720	5241	3	agility_training	Agility training
2333	5422	3	transportation	Transportation
2013	5550	3	transportation	Transportation
3670	9888	3	agility_short-cut	Agility short-cut
3412	9931	3	dungeon_link	Dungeon with map link
1483	9950	3	dungeon_link	Dungeon with map link
3065	10157	3	dungeon_link	Dungeon with map link
3807	10193	3	dungeon_link	Dungeon with map link
