finding	id	name	icon_key	x	y	plane	note
source_without_nearby_icon	DungeonLocation.RIVER_KELDA	River Kelda	dungeon	2835	10112	0	Snapshot icon not within 6 tiles; inspect other labels and tuned positions
generic_catalog_details	poi_000010	Agility short-cut	agility_short-cut	2552	2208	0	Runtime shop/travel enrichment and simple labels may make this intentional
generic_catalog_details	poi_000016	Agility short-cut	agility_short-cut	2565	2220	0	Runtime shop/travel enrichment and simple labels may make this intentional
generic_catalog_details	poi_000017	Cooking range	cooking_range	2598	2220	0	Runtime shop/travel enrichment and simple labels may make this intentional
generic_catalog_details	poi_000018	Fishing spot	fishing_spot	2978	2224	0	Runtime shop/travel enrichment and simple labels may make this intentional
generic_catalog_details	poi_000021	Spinning wheel	spinning_wheel	2576	2240	0	Runtime shop/travel enrichment and simple labels may make this intentional
generic_catalog_details	poi_000022	Where Wyrmscraig's Wear Wares Were	clothes_shop	2572	2242	0	Runtime shop/travel enrichment and simple labels may make this intentional
generic_catalog_details	poi_000023	Cooking range	cooking_range	2576	2243	0	Runtime shop/travel enrichment and simple labels may make this intentional
generic_catalog_details	poi_000024	Cooking range	cooking_range	2563	2245	0	Runtime shop/travel enrichment and simple labels may make this intentional
generic_catalog_details	poi_000025	Water source	water_source	2571	2248	0	Runtime shop/travel enrichment and simple labels may make this intentional
generic_catalog_details	poi_000026	Agility short-cut	agility_short-cut	2613	2249	0	Runtime shop/travel enrichment and simple labels may make this intentional
generic_catalog_details	poi_000027	Dairy churn	dairy_churn	2566	2252	0	Runtime shop/travel enrichment and simple labels may make this intentional
generic_catalog_details	poi_000028	Cooking range	cooking_range	2564	2253	0	Runtime shop/travel enrichment and simple labels may make this intentional
generic_catalog_details	poi_000031	Supplies's Supplies	general_store	2566	2255	0	Runtime shop/travel enrichment and simple labels may make this intentional
generic_catalog_details	poi_000032	Anvil	anvil	2580	2262	0	Runtime shop/travel enrichment and simple labels may make this intentional
generic_catalog_details	poi_000033	Furnace	furnace	2578	2264	0	Runtime shop/travel enrichment and simple labels may make this intentional
generic_catalog_details	poi_000034	Loom	loom	2577	2268	0	Runtime shop/travel enrichment and simple labels may make this intentional
generic_catalog_details	poi_000035	Bank	bank	2985	2268	0	Runtime shop/travel enrichment and simple labels may make this intentional
generic_catalog_details	poi_000038	Fishing spot	fishing_spot	2196	2278	0	Runtime shop/travel enrichment and simple labels may make this intentional
generic_catalog_details	poi_000039	Furnace	furnace	2983	2282	0	Runtime shop/travel enrichment and simple labels may make this intentional
generic_catalog_details	poi_000040	Agility short-cut	agility_short-cut	2584	2283	0	Runtime shop/travel enrichment and simple labels may make this intentional
generic_catalog_details	poi_000042	Water source	water_source	2983	2290	0	Runtime shop/travel enrichment and simple labels may make this intentional
generic_catalog_details	poi_000044	Shipwright	shipwright	2579	2299	0	Runtime shop/travel enrichment and simple labels may make this intentional
generic_catalog_details	poi_000045	Bank	bank	2194	2314	0	Runtime shop/travel enrichment and simple labels may make this intentional
generic_catalog_details	poi_000046	Cooking range	cooking_range	2199	2316	0	Runtime shop/travel enrichment and simple labels may make this intentional
generic_catalog_details	poi_000048	Water source	water_source	2216	2321	0	Runtime shop/travel enrichment and simple labels may make this intentional
generic_catalog_details	poi_000052	Agility short-cut	agility_short-cut	3273	2330	0	Runtime shop/travel enrichment and simple labels may make this intentional
generic_catalog_details	poi_000054	Water source	water_source	2860	2332	0	Runtime shop/travel enrichment and simple labels may make this intentional
generic_catalog_details	poi_000060	Fishing spot	fishing_spot	2814	2373	0	Runtime shop/travel enrichment and simple labels may make this intentional
generic_catalog_details	poi_000064	Bank	bank	2655	2387	0	Runtime shop/travel enrichment and simple labels may make this intentional
generic_catalog_details	poi_000065	Agility short-cut	agility_short-cut	3236	2388	0	Runtime shop/travel enrichment and simple labels may make this intentional
generic_catalog_details	poi_000067	Anvil	anvil	2645	2392	0	Runtime shop/travel enrichment and simple labels may make this intentional
generic_catalog_details	poi_000068	Agility short-cut	agility_short-cut	3209	2394	0	Runtime shop/travel enrichment and simple labels may make this intentional
generic_catalog_details	poi_000070	Cooking range	cooking_range	3147	2397	0	Runtime shop/travel enrichment and simple labels may make this intentional
generic_catalog_details	poi_000072	Agility short-cut	agility_short-cut	3257	2397	0	Runtime shop/travel enrichment and simple labels may make this intentional
generic_catalog_details	poi_000075	Sandpit	sandpit	3200	2402	0	Runtime shop/travel enrichment and simple labels may make this intentional
generic_catalog_details	poi_000077	Cooking range	cooking_range	3189	2404	0	Runtime shop/travel enrichment and simple labels may make this intentional
generic_catalog_details	poi_000079	Crafting shop	crafting_shop	3171	2406	0	Runtime shop/travel enrichment and simple labels may make this intentional
generic_catalog_details	poi_000080	Water source	water_source	3133	2407	0	Runtime shop/travel enrichment and simple labels may make this intentional
generic_catalog_details	poi_000081	Hunter shop	hunter_shop	3160	2409	0	Runtime shop/travel enrichment and simple labels may make this intentional
generic_catalog_details	poi_000083	Herbalist	herbalist	3175	2412	0	Runtime shop/travel enrichment and simple labels may make this intentional
generic_catalog_details	poi_000085	Fishing shop	fishing_shop	3163	2415	0	Runtime shop/travel enrichment and simple labels may make this intentional
generic_catalog_details	poi_000087	Sword shop	sword_shop	3170	2416	0	Runtime shop/travel enrichment and simple labels may make this intentional
generic_catalog_details	poi_000088	Water source	water_source	3189	2416	0	Runtime shop/travel enrichment and simple labels may make this intentional
generic_catalog_details	poi_000090	Bank	bank	3181	2419	0	Runtime shop/travel enrichment and simple labels may make this intentional
generic_catalog_details	poi_000091	Cooking range	cooking_range	3141	2425	0	Runtime shop/travel enrichment and simple labels may make this intentional
generic_catalog_details	poi_000094	Anvil	anvil	3178	2428	0	Runtime shop/travel enrichment and simple labels may make this intentional
generic_catalog_details	poi_000095	Furnace	furnace	3174	2430	0	Runtime shop/travel enrichment and simple labels may make this intentional
generic_catalog_details	poi_000097	Agility short-cut	agility_short-cut	3181	2433	0	Runtime shop/travel enrichment and simple labels may make this intentional
generic_catalog_details	poi_000099	Fishing spot	fishing_spot	1919	2439	0	Runtime shop/travel enrichment and simple labels may make this intentional
generic_catalog_details	poi_000103	Water source	water_source	3244	2466	0	Runtime shop/travel enrichment and simple labels may make this intentional
generic_catalog_details	poi_000104	Farming shop	farming_shop	3250	2467	0	Runtime shop/travel enrichment and simple labels may make this intentional
generic_catalog_details	poi_000105	Hunter training	hunter_training	3231	2471	0	Runtime shop/travel enrichment and simple labels may make this intentional
generic_catalog_details	poi_000112	Altar	altar	3209	2493	0	Runtime shop/travel enrichment and simple labels may make this intentional
generic_catalog_details	poi_000118	Fishing spot	fishing_spot	3019	2510	0	Runtime shop/travel enrichment and simple labels may make this intentional
generic_catalog_details	poi_000126	Bank	bank	2281	2547	0	Runtime shop/travel enrichment and simple labels may make this intentional
generic_catalog_details	poi_000131	Fishing spot	fishing_spot	2784	2632	0	Runtime shop/travel enrichment and simple labels may make this intentional
generic_catalog_details	poi_000139	Hunter training	hunter_training	3043	2649	0	Runtime shop/travel enrichment and simple labels may make this intentional
generic_catalog_details	poi_000140	Bank	bank	2667	2651	0	Runtime shop/travel enrichment and simple labels may make this intentional
generic_catalog_details	poi_000141	Cooking range	cooking_range	1772	2653	0	Runtime shop/travel enrichment and simple labels may make this intentional
generic_catalog_details	poi_000142	Magic shop	magic_shop	2659	2653	0	Runtime shop/travel enrichment and simple labels may make this intentional
generic_catalog_details	poi_000143	Poll booth	poll_booth	2667	2655	0	Runtime shop/travel enrichment and simple labels may make this intentional
generic_catalog_details	poi_000144	Anvil	anvil	2652	2658	0	Runtime shop/travel enrichment and simple labels may make this intentional
generic_catalog_details	poi_000146	Archery shop	archery_shop	2666	2660	0	Runtime shop/travel enrichment and simple labels may make this intentional
generic_catalog_details	poi_000147	Fishing spot	fishing_spot	1707	2662	0	Runtime shop/travel enrichment and simple labels may make this intentional
generic_catalog_details	poi_000149	General store	general_store	2650	2664	0	Runtime shop/travel enrichment and simple labels may make this intentional
generic_catalog_details	poi_000150	Fishing spot	fishing_spot	2272	2677	0	Runtime shop/travel enrichment and simple labels may make this intentional
generic_catalog_details	poi_000156	Hunter training	hunter_training	2480	2699	0	Runtime shop/travel enrichment and simple labels may make this intentional
generic_catalog_details	poi_000157	Agility short-cut	agility_short-cut	3292	2700	0	Runtime shop/travel enrichment and simple labels may make this intentional
generic_catalog_details	poi_000162	Agility short-cut	agility_short-cut	3294	2706	0	Runtime shop/travel enrichment and simple labels may make this intentional
generic_catalog_details	poi_000166	Cooking range	cooking_range	2471	2710	0	Runtime shop/travel enrichment and simple labels may make this intentional
generic_catalog_details	poi_000169	Spinning wheel	spinning_wheel	2475	2712	0	Runtime shop/travel enrichment and simple labels may make this intentional
generic_catalog_details	poi_000170	Anvil	anvil	2067	2719	0	Runtime shop/travel enrichment and simple labels may make this intentional
generic_catalog_details	poi_000176	Fishing spot	fishing_spot	1405	2723	0	Runtime shop/travel enrichment and simple labels may make this intentional
generic_catalog_details	poi_000180	Agility short-cut	agility_short-cut	2476	2729	0	Runtime shop/travel enrichment and simple labels may make this intentional
generic_catalog_details	poi_000188	Water source	water_source	3281	2753	0	Runtime shop/travel enrichment and simple labels may make this intentional
generic_catalog_details	poi_000189	Spice shop	spice_shop	3284	2755	0	Runtime shop/travel enrichment and simple labels may make this intentional
generic_catalog_details	poi_000190	Water source	water_source	3315	2759	0	Runtime shop/travel enrichment and simple labels may make this intentional
generic_catalog_details	poi_000192	Water source	water_source	3314	2764	0	Runtime shop/travel enrichment and simple labels may make this intentional
generic_catalog_details	poi_000193	Magic shop	magic_shop	2757	2769	0	Runtime shop/travel enrichment and simple labels may make this intentional
generic_catalog_details	poi_000195	Food shop	food_shop	3304	2770	0	Runtime shop/travel enrichment and simple labels may make this intentional
generic_catalog_details	poi_000197	Spinning wheel	spinning_wheel	3157	2773	0	Runtime shop/travel enrichment and simple labels may make this intentional
generic_catalog_details	poi_000198	Potters wheel	potters_wheel	3314	2773	0	Runtime shop/travel enrichment and simple labels may make this intentional
generic_catalog_details	poi_000200	Scimitar shop	scimitar_shop	2759	2774	0	Runtime shop/travel enrichment and simple labels may make this intentional
generic_catalog_details	poi_000201	General store	general_store	2753	2775	0	Runtime shop/travel enrichment and simple labels may make this intentional
generic_catalog_details	poi_000202	Altar	altar	3281	2775	0	Runtime shop/travel enrichment and simple labels may make this intentional
generic_catalog_details	poi_000203	Anvil	anvil	3169	2776	0	Runtime shop/travel enrichment and simple labels may make this intentional
generic_catalog_details	poi_000206	Loom	loom	1156	2778	0	Runtime shop/travel enrichment and simple labels may make this intentional
generic_catalog_details	poi_000207	Archery shop	archery_shop	2774	2778	0	Runtime shop/travel enrichment and simple labels may make this intentional
generic_catalog_details	poi_000211	Crafting shop	crafting_shop	3313	2780	0	Runtime shop/travel enrichment and simple labels may make this intentional
generic_catalog_details	poi_000212	Cooking range	cooking_range	1164	2781	0	Runtime shop/travel enrichment and simple labels may make this intentional
generic_catalog_details	poi_000215	Bank	bank	2780	2782	0	Runtime shop/travel enrichment and simple labels may make this intentional
generic_catalog_details	poi_000217	Water source	water_source	3317	2783	0	Runtime shop/travel enrichment and simple labels may make this intentional
generic_catalog_details	poi_000218	Fishing spot	fishing_spot	1867	2784	0	Runtime shop/travel enrichment and simple labels may make this intentional
generic_catalog_details	poi_000219	Anvil	anvil	2218	2784	0	Runtime shop/travel enrichment and simple labels may make this intentional
generic_catalog_details	poi_000220	Water source	water_source	1165	2785	0	Runtime shop/travel enrichment and simple labels may make this intentional
generic_catalog_details	poi_000223	Crafting shop	crafting_shop	3315	2786	0	Runtime shop/travel enrichment and simple labels may make this intentional
generic_catalog_details	poi_000224	Dungeon with map link	dungeon_link	1191	2787	0	Runtime shop/travel enrichment and simple labels may make this intentional
generic_catalog_details	poi_000227	Food shop	food_shop	2768	2789	0	Runtime shop/travel enrichment and simple labels may make this intentional
generic_catalog_details	poi_000230	Spinning wheel	spinning_wheel	3316	2790	0	Runtime shop/travel enrichment and simple labels may make this intentional
generic_catalog_details	poi_000231	Cooking range	cooking_range	3163	2791	0	Runtime shop/travel enrichment and simple labels may make this intentional
generic_catalog_details	poi_000234	Crafting shop	crafting_shop	2781	2794	0	Runtime shop/travel enrichment and simple labels may make this intentional
generic_catalog_details	poi_000235	Altar	altar	2797	2794	0	Runtime shop/travel enrichment and simple labels may make this intentional
generic_catalog_details	poi_000236	Loom	loom	3156	2794	0	Runtime shop/travel enrichment and simple labels may make this intentional
generic_catalog_details	poi_000239	Hunter training	hunter_training	1571	2799	0	Runtime shop/travel enrichment and simple labels may make this intentional
generic_catalog_details	poi_000241	Altar	altar	3313	2800	0	Runtime shop/travel enrichment and simple labels may make this intentional
generic_catalog_details	poi_000243	Agility short-cut	agility_short-cut	1143	2803	0	Runtime shop/travel enrichment and simple labels may make this intentional
generic_catalog_details	poi_000246	Potters wheel	potters_wheel	2163	2805	0	Runtime shop/travel enrichment and simple labels may make this intentional
generic_catalog_details	poi_000247	Sword shop	sword_shop	3297	2806	0	Runtime shop/travel enrichment and simple labels may make this intentional
generic_catalog_details	poi_000251	Water source	water_source	2162	2812	0	Runtime shop/travel enrichment and simple labels may make this intentional
generic_catalog_details	poi_000255	Agility short-cut	agility_short-cut	3267	2818	0	Runtime shop/travel enrichment and simple labels may make this intentional
generic_catalog_details	poi_000261	Windmill	windmill	3788	2824	0	Runtime shop/travel enrichment and simple labels may make this intentional
generic_catalog_details	poi_000264	Cooking range	cooking_range	3035	2828	0	Runtime shop/travel enrichment and simple labels may make this intentional
generic_catalog_details	poi_000267	Water source	water_source	3136	2832	0	Runtime shop/travel enrichment and simple labels may make this intentional
generic_catalog_details	poi_000269	Shipwright	shipwright	3159	2835	0	Runtime shop/travel enrichment and simple labels may make this intentional
generic_catalog_details	poi_000270	Bank	bank	3155	2836	0	Runtime shop/travel enrichment and simple labels may make this intentional
generic_catalog_details	poi_000273	Water source	water_source	3045	2840	0	Runtime shop/travel enrichment and simple labels may make this intentional
generic_catalog_details	poi_000283	Fishing shop	fishing_shop	3160	2847	0	Runtime shop/travel enrichment and simple labels may make this intentional
generic_catalog_details	poi_000284	Water source	water_source	3062	2848	0	Runtime shop/travel enrichment and simple labels may make this intentional
generic_catalog_details	poi_000287	Water source	water_source	3032	2850	0	Runtime shop/travel enrichment and simple labels may make this intentional
generic_catalog_details	poi_000288	Cargo bay	cargo_bay	2561	2852	0	Runtime shop/travel enrichment and simple labels may make this intentional
generic_catalog_details	poi_000291	Pub/bar	bar	1390	2858	0	Runtime shop/travel enrichment and simple labels may make this intentional
generic_catalog_details	poi_000293	Poll booth	poll_booth	2216	2858	0	Runtime shop/travel enrichment and simple labels may make this intentional
generic_catalog_details	poi_000294	Water source	water_source	3049	2858	0	Runtime shop/travel enrichment and simple labels may make this intentional
generic_catalog_details	poi_000295	Bank	bank	2212	2860	0	Runtime shop/travel enrichment and simple labels may make this intentional
generic_catalog_details	poi_000296	Water source	water_source	1372	2861	0	Runtime shop/travel enrichment and simple labels may make this intentional
generic_catalog_details	poi_000299	Cooking range	cooking_range	1380	2862	0	Runtime shop/travel enrichment and simple labels may make this intentional
generic_catalog_details	poi_000300	Poll booth	poll_booth	2571	2862	0	Runtime shop/travel enrichment and simple labels may make this intentional
generic_catalog_details	poi_000301	Anvil	anvil	1401	2863	0	Runtime shop/travel enrichment and simple labels may make this intentional
generic_catalog_details	poi_000303	Bank	bank	1382	2865	0	Runtime shop/travel enrichment and simple labels may make this intentional
generic_catalog_details	poi_000304	Bank	bank	2569	2866	0	Runtime shop/travel enrichment and simple labels may make this intentional
generic_catalog_details	poi_000305	Poll booth	poll_booth	1379	2867	0	Runtime shop/travel enrichment and simple labels may make this intentional
generic_catalog_details	poi_000306	Mining shop	mining_shop	1400	2867	0	Runtime shop/travel enrichment and simple labels may make this intentional
generic_catalog_details	poi_000308	Cooking range	cooking_range	1376	2868	0	Runtime shop/travel enrichment and simple labels may make this intentional
generic_catalog_details	poi_000311	Shield shop	shield_shop	1387	2869	0	Runtime shop/travel enrichment and simple labels may make this intentional
generic_catalog_details	poi_000312	Water source	water_source	1393	2870	0	Runtime shop/travel enrichment and simple labels may make this intentional
generic_catalog_details	poi_000315	Cooking range	cooking_range	3039	2873	0	Runtime shop/travel enrichment and simple labels may make this intentional
generic_catalog_details	poi_000320	Cooking range	cooking_range	3434	2885	0	Runtime shop/travel enrichment and simple labels may make this intentional
generic_catalog_details	poi_000321	Poll booth	poll_booth	3429	2889	0	Runtime shop/travel enrichment and simple labels may make this intentional
generic_catalog_details	poi_000323	Windmill	windmill	1398	2893	0	Runtime shop/travel enrichment and simple labels may make this intentional
generic_catalog_details	poi_000326	Bank	bank	3426	2893	0	Runtime shop/travel enrichment and simple labels may make this intentional
generic_catalog_details	poi_000331	Hunter shop	hunter_shop	3441	2901	0	Runtime shop/travel enrichment and simple labels may make this intentional
generic_catalog_details	poi_000334	Herbalist	herbalist	3425	2910	0	Runtime shop/travel enrichment and simple labels may make this intentional
generic_catalog_details	poi_000335	General store	general_store	3415	2911	0	Runtime shop/travel enrichment and simple labels may make this intentional
generic_catalog_details	poi_000337	Water source	water_source	1354	2912	0	Runtime shop/travel enrichment and simple labels may make this intentional
generic_catalog_details	poi_000340	Agility short-cut	agility_short-cut	1341	2916	0	Runtime shop/travel enrichment and simple labels may make this intentional
generic_catalog_details	poi_000343	Water source	water_source	3426	2916	0	Runtime shop/travel enrichment and simple labels may make this intentional
generic_catalog_details	poi_000344	Agility short-cut	agility_short-cut	1470	2917	0	Runtime shop/travel enrichment and simple labels may make this intentional
generic_catalog_details	poi_000346	Hunting Tutor	hunting_tutor	2524	2918	0	Runtime shop/travel enrichment and simple labels may make this intentional
generic_catalog_details	poi_000350	Water source	water_source	1437	2920	0	Runtime shop/travel enrichment and simple labels may make this intentional
generic_catalog_details	poi_000351	Platelegs shop	platelegs_shop	3406	2920	0	Runtime shop/travel enrichment and simple labels may make this intentional
generic_catalog_details	poi_000352	Water source	water_source	1451	2921	0	Runtime shop/travel enrichment and simple labels may make this intentional
generic_catalog_details	poi_000353	Anvil	anvil	3409	2921	0	Runtime shop/travel enrichment and simple labels may make this intentional
generic_catalog_details	poi_000354	Wine trader	wine_trader	1361	2922	0	Runtime shop/travel enrichment and simple labels may make this intentional
generic_catalog_details	poi_000355	Agility short-cut	agility_short-cut	1474	2922	0	Runtime shop/travel enrichment and simple labels may make this intentional
generic_catalog_details	poi_000356	Brewery	brewery	1358	2924	0	Runtime shop/travel enrichment and simple labels may make this intentional
generic_catalog_details	poi_000357	Poll booth	poll_booth	1398	2924	0	Runtime shop/travel enrichment and simple labels may make this intentional
generic_catalog_details	poi_000358	Fishing spot	fishing_spot	1494	2924	0	Runtime shop/travel enrichment and simple labels may make this intentional
generic_catalog_details	poi_000359	Water source	water_source	1389	2926	0	Runtime shop/travel enrichment and simple labels may make this intentional
generic_catalog_details	poi_000361	Pub/bar	bar	1378	2927	0	Runtime shop/travel enrichment and simple labels may make this intentional
generic_catalog_details	poi_000362	Bank	bank	1401	2927	0	Runtime shop/travel enrichment and simple labels may make this intentional
generic_catalog_details	poi_000364	Altar	altar	1734	2929	0	Runtime shop/travel enrichment and simple labels may make this intentional
generic_catalog_details	poi_000367	Water source	water_source	1430	2933	0	Runtime shop/travel enrichment and simple labels may make this intentional
generic_catalog_details	poi_000372	Cooking range	cooking_range	1403	2938	0	Runtime shop/travel enrichment and simple labels may make this intentional
generic_catalog_details	poi_000373	Cooking range	cooking_range	1441	2938	0	Runtime shop/travel enrichment and simple labels may make this intentional
generic_catalog_details	poi_000375	Cooking range	cooking_range	3411	2938	0	Runtime shop/travel enrichment and simple labels may make this intentional
generic_catalog_details	poi_000376	Water source	water_source	1374	2939	0	Runtime shop/travel enrichment and simple labels may make this intentional
generic_catalog_details	poi_000377	Water source	water_source	1446	2939	0	Runtime shop/travel enrichment and simple labels may make this intentional
generic_catalog_details	poi_000380	Water source	water_source	1409	2946	0	Runtime shop/travel enrichment and simple labels may make this intentional
generic_catalog_details	poi_000382	Cooking range	cooking_range	1353	2948	0	Runtime shop/travel enrichment and simple labels may make this intentional
generic_catalog_details	poi_000384	Port task board	noticeboard	2756	2949	0	Runtime shop/travel enrichment and simple labels may make this intentional
generic_catalog_details	poi_000385	Loom	loom	1346	2950	0	Runtime shop/travel enrichment and simple labels may make this intentional
generic_catalog_details	poi_000390	Poll booth	poll_booth	2845	2952	0	Runtime shop/travel enrichment and simple labels may make this intentional
generic_catalog_details	poi_000391	Shipwright	shipwright	2758	2953	0	Runtime shop/travel enrichment and simple labels may make this intentional
generic_catalog_details	poi_000393	Bank	bank	2852	2954	0	Runtime shop/travel enrichment and simple labels may make this intentional
generic_catalog_details	poi_000395	Pub/bar	bar	3361	2955	0	Runtime shop/travel enrichment and simple labels may make this intentional
generic_catalog_details	poi_000396	Scimitar shop	scimitar_shop	3689	2956	0	Runtime shop/travel enrichment and simple labels may make this intentional
generic_catalog_details	poi_000398	Cooking range	cooking_range	1562	2958	0	Runtime shop/travel enrichment and simple labels may make this intentional
generic_catalog_details	poi_000399	General store	general_store	2825	2958	0	Runtime shop/travel enrichment and simple labels may make this intentional
generic_catalog_details	poi_000402	Magic carpet	magic_carpet	3348	2959	0	Runtime shop/travel enrichment and simple labels may make this intentional
generic_catalog_details	poi_000403	Cooking range	cooking_range	1375	2960	0	Runtime shop/travel enrichment and simple labels may make this intentional
generic_catalog_details	poi_000404	Fishing shop	fishing_shop	1560	2960	0	Runtime shop/travel enrichment and simple labels may make this intentional
generic_catalog_details	poi_000407	Cooking range	cooking_range	1433	2962	0	Runtime shop/travel enrichment and simple labels may make this intentional
generic_catalog_details	poi_000417	Cooking range	cooking_range	1735	2967	0	Runtime shop/travel enrichment and simple labels may make this intentional
generic_catalog_details	poi_000419	Furnace	furnace	2857	2967	0	Runtime shop/travel enrichment and simple labels may make this intentional
generic_catalog_details	poi_000420	Water source	water_source	1379	2968	0	Runtime shop/travel enrichment and simple labels may make this intentional
generic_catalog_details	poi_000422	Water source	water_source	3367	2969	0	Runtime shop/travel enrichment and simple labels may make this intentional
generic_catalog_details	poi_000424	Fishing shop	fishing_shop	3674	2970	0	Runtime shop/travel enrichment and simple labels may make this intentional
generic_catalog_details	poi_000427	Water source	water_source	3359	2971	0	Runtime shop/travel enrichment and simple labels may make this intentional
generic_catalog_details	poi_000430	Fishing shop	fishing_shop	2870	2972	0	Runtime shop/travel enrichment and simple labels may make this intentional
generic_catalog_details	poi_000431	Cooking range	cooking_range	1394	2973	0	Runtime shop/travel enrichment and simple labels may make this intentional
generic_catalog_details	poi_000432	General store	general_store	1413	2973	0	Runtime shop/travel enrichment and simple labels may make this intentional
generic_catalog_details	poi_000433	Gem shop	gem_shop	1428	2973	0	Runtime shop/travel enrichment and simple labels may make this intentional
generic_catalog_details	poi_000434	Water source	water_source	1744	2973	0	Runtime shop/travel enrichment and simple labels may make this intentional
generic_catalog_details	poi_000436	Poll booth	poll_booth	3368	2973	0	Runtime shop/travel enrichment and simple labels may make this intentional
generic_catalog_details	poi_000439	Water source	water_source	1670	2974	0	Runtime shop/travel enrichment and simple labels may make this intentional
generic_catalog_details	poi_000443	Hunter training	hunter_training	3036	2974	0	Runtime shop/travel enrichment and simple labels may make this intentional
generic_catalog_details	poi_000444	Kebab seller	kebab_seller	3352	2974	0	Runtime shop/travel enrichment and simple labels may make this intentional
generic_catalog_details	poi_000450	Stonemason	stonemason	1743	2977	0	Runtime shop/travel enrichment and simple labels may make this intentional
generic_catalog_details	poi_000452	Clothes shop	clothes_shop	3695	2977	0	Runtime shop/travel enrichment and simple labels may make this intentional
generic_catalog_details	poi_000453	Water source	water_source	1428	2979	0	Runtime shop/travel enrichment and simple labels may make this intentional
generic_catalog_details	poi_000454	Food shop	food_shop	1419	2980	0	Runtime shop/travel enrichment and simple labels may make this intentional
generic_catalog_details	poi_000455	Potters wheel	potters_wheel	1885	2981	0	Runtime shop/travel enrichment and simple labels may make this intentional
generic_catalog_details	poi_000457	Agility short-cut	agility_short-cut	3348	2981	0	Runtime shop/travel enrichment and simple labels may make this intentional
generic_catalog_details	poi_000458	Pub/bar	bar	3663	2981	0	Runtime shop/travel enrichment and simple labels may make this intentional
generic_catalog_details	poi_000459	Bank	bank	3681	2981	0	Runtime shop/travel enrichment and simple labels may make this intentional
generic_catalog_details	poi_000460	Spinning wheel	spinning_wheel	2170	2982	0	Runtime shop/travel enrichment and simple labels may make this intentional
generic_catalog_details	poi_000461	Slayer Master	slayer_master	2869	2982	0	Runtime shop/travel enrichment and simple labels may make this intentional
generic_catalog_details	poi_000462	Cooking range	cooking_range	3032	2982	0	Runtime shop/travel enrichment and simple labels may make this intentional
generic_catalog_details	poi_000463	Water source	water_source	1877	2983	0	Runtime shop/travel enrichment and simple labels may make this intentional
generic_catalog_details	poi_000464	Pub/bar	bar	3162	2983	0	Runtime shop/travel enrichment and simple labels may make this intentional
generic_catalog_details	poi_000465	Agility short-cut	agility_short-cut	3329	2983	0	Runtime shop/travel enrichment and simple labels may make this intentional
generic_catalog_details	poi_000470	General store	general_store	3177	2986	0	Runtime shop/travel enrichment and simple labels may make this intentional
generic_catalog_details	poi_000472	General store	general_store	3359	2987	0	Runtime shop/travel enrichment and simple labels may make this intentional
generic_catalog_details	poi_000473	Poll booth	poll_booth	3677	2987	0	Runtime shop/travel enrichment and simple labels may make this intentional
generic_catalog_details	poi_000474	Poll booth	poll_booth	3173	2988	0	Runtime shop/travel enrichment and simple labels may make this intentional
generic_catalog_details	poi_000475	Water source	water_source	1556	2989	0	Runtime shop/travel enrichment and simple labels may make this intentional
generic_catalog_details	poi_000477	Pub/bar	bar	3667	2990	0	Runtime shop/travel enrichment and simple labels may make this intentional
generic_catalog_details	poi_000483	Magic carpet	magic_carpet	3362	2993	0	Runtime shop/travel enrichment and simple labels may make this intentional
generic_catalog_details	poi_000489	Dungeon with map link	dungeon_link	3046	2998	0	Runtime shop/travel enrichment and simple labels may make this intentional
generic_catalog_details	poi_000492	Bank	bank	3039	3000	0	Runtime shop/travel enrichment and simple labels may make this intentional
generic_catalog_details	poi_000493	Agility short-cut	agility_short-cut	1272	3001	0	Runtime shop/travel enrichment and simple labels may make this intentional
generic_catalog_details	poi_000494	Sandpit	sandpit	1519	3001	0	Runtime shop/travel enrichment and simple labels may make this intentional
generic_catalog_details	poi_000499	House/POH portal	house_portal	3340	3001	0	Runtime shop/travel enrichment and simple labels may make this intentional
generic_catalog_details	poi_000501	Dye trader	dye_trader	3364	3001	0	Runtime shop/travel enrichment and simple labels may make this intentional
generic_catalog_details	poi_000511	Rare trees	rare_trees	3507	3014	0	Runtime shop/travel enrichment and simple labels may make this intentional
generic_catalog_details	poi_000516	Bank	bank	3806	3021	0	Runtime shop/travel enrichment and simple labels may make this intentional
generic_catalog_details	poi_000518	Dungeon	dungeon	3486	3023	0	Runtime shop/travel enrichment and simple labels may make this intentional
generic_catalog_details	poi_000521	Bank Tutor	bank_tutor	3097	3025	0	Runtime shop/travel enrichment and simple labels may make this intentional
generic_catalog_details	poi_000523	Ironman Tutor	ironman_tutor	3108	3028	0	Runtime shop/travel enrichment and simple labels may make this intentional
generic_catalog_details	poi_000525	Agility short-cut	agility_short-cut	2546	3032	0	Runtime shop/travel enrichment and simple labels may make this intentional
generic_catalog_details	poi_000528	Altar	altar	1681	3033	0	Runtime shop/travel enrichment and simple labels may make this intentional
generic_catalog_details	poi_000530	Cooking range	cooking_range	1558	3034	0	Runtime shop/travel enrichment and simple labels may make this intentional
generic_catalog_details	poi_000531	Fur trader	fur_trader	1565	3034	0	Runtime shop/travel enrichment and simple labels may make this intentional
generic_catalog_details	poi_000535	General store	general_store	3173	3035	0	Runtime shop/travel enrichment and simple labels may make this intentional
generic_catalog_details	poi_000537	Water source	water_source	1548	3036	0	Runtime shop/travel enrichment and simple labels may make this intentional
generic_catalog_details	poi_000538	General store	general_store	2521	3036	0	Runtime shop/travel enrichment and simple labels may make this intentional
generic_catalog_details	poi_000539	Cooking range	cooking_range	1357	3037	0	Runtime shop/travel enrichment and simple labels may make this intentional
generic_catalog_details	poi_000540	Fishing shop	fishing_shop	1375	3037	0	Runtime shop/travel enrichment and simple labels may make this intentional
generic_catalog_details	poi_000542	Food shop	food_shop	2512	3037	0	Runtime shop/travel enrichment and simple labels may make this intentional
generic_catalog_details	poi_000546	Transportation	transportation	3092	3039	0	Runtime shop/travel enrichment and simple labels may make this intentional
generic_catalog_details	poi_000547	Dairy cow	dairy_cow	1348	3040	0	Runtime shop/travel enrichment and simple labels may make this intentional
generic_catalog_details	poi_000548	Bank	bank	1541	3040	0	Runtime shop/travel enrichment and simple labels may make this intentional
generic_catalog_details	poi_000551	Poll booth	poll_booth	1543	3043	0	Runtime shop/travel enrichment and simple labels may make this intentional
generic_catalog_details	poi_000554	General store	general_store	1373	3045	0	Runtime shop/travel enrichment and simple labels may make this intentional
generic_catalog_details	poi_000555	Windmill	windmill	1655	3046	0	Runtime shop/travel enrichment and simple labels may make this intentional
generic_catalog_details	poi_000558	Herbalist	herbalist	2527	3048	0	Runtime shop/travel enrichment and simple labels may make this intentional
generic_catalog_details	poi_000561	Water source	water_source	3504	3049	0	Runtime shop/travel enrichment and simple labels may make this intentional
generic_catalog_details	poi_000562	Agility short-cut	agility_short-cut	3810	3049	0	Runtime shop/travel enrichment and simple labels may make this intentional
generic_catalog_details	poi_000566	Dungeon with map link	dungeon_link	1378	3054	0	Runtime shop/travel enrichment and simple labels may make this intentional
generic_catalog_details	poi_000567	Cooking range	cooking_range	1381	3054	0	Runtime shop/travel enrichment and simple labels may make this intentional
generic_catalog_details	poi_000570	Transportation	transportation	3111	3054	0	Runtime shop/travel enrichment and simple labels may make this intentional
generic_catalog_details	poi_000572	Cooking range	cooking_range	1641	3056	0	Runtime shop/travel enrichment and simple labels may make this intentional
generic_catalog_details	poi_000573	Cooking range	cooking_range	3502	3056	0	Runtime shop/travel enrichment and simple labels may make this intentional
generic_catalog_details	poi_000574	Agility short-cut	agility_short-cut	3809	3056	0	Runtime shop/travel enrichment and simple labels may make this intentional
generic_catalog_details	poi_000578	Cooking range	cooking_range	1736	3059	0	Runtime shop/travel enrichment and simple labels may make this intentional
generic_catalog_details	poi_000579	Anvil	anvil	1778	3059	0	Runtime shop/travel enrichment and simple labels may make this intentional
generic_catalog_details	poi_000580	Hunter shop	hunter_shop	1563	3060	0	Runtime shop/travel enrichment and simple labels may make this intentional
generic_catalog_details	poi_000581	Mace shop	mace_shop	1774	3060	0	Runtime shop/travel enrichment and simple labels may make this intentional
generic_catalog_details	poi_000582	Farming shop	farming_shop	1356	3061	0	Runtime shop/travel enrichment and simple labels may make this intentional
generic_catalog_details	poi_000587	Water source	water_source	1654	3064	0	Runtime shop/travel enrichment and simple labels may make this intentional
generic_catalog_details	poi_000588	Cooking range	cooking_range	1677	3064	0	Runtime shop/travel enrichment and simple labels may make this intentional
generic_catalog_details	poi_000589	Water source	water_source	1375	3065	0	Runtime shop/travel enrichment and simple labels may make this intentional
generic_catalog_details	poi_000590	General store	general_store	1720	3065	0	Runtime shop/travel enrichment and simple labels may make this intentional
generic_catalog_details	poi_000594	Cooking range	cooking_range	1775	3068	0	Runtime shop/travel enrichment and simple labels may make this intentional
generic_catalog_details	poi_000596	Cooking range	cooking_range	1689	3069	0	Runtime shop/travel enrichment and simple labels may make this intentional
generic_catalog_details	poi_000597	Water source	water_source	1758	3069	0	Runtime shop/travel enrichment and simple labels may make this intentional
generic_catalog_details	poi_000604	Cooking range	cooking_range	1753	3075	0	Runtime shop/travel enrichment and simple labels may make this intentional
generic_catalog_details	poi_000605	Kebab seller	kebab_seller	1756	3075	0	Runtime shop/travel enrichment and simple labels may make this intentional
generic_catalog_details	poi_000607	Pub/bar	bar	1724	3077	0	Runtime shop/travel enrichment and simple labels may make this intentional
generic_catalog_details	poi_000608	Water source	water_source	2431	3077	0	Runtime shop/travel enrichment and simple labels may make this intentional
generic_catalog_details	poi_000609	Pub/bar	bar	2556	3078	0	Runtime shop/travel enrichment and simple labels may make this intentional
generic_catalog_details	poi_000611	Anvil	anvil	2613	3080	0	Runtime shop/travel enrichment and simple labels may make this intentional
generic_catalog_details	poi_000612	Cooking range	cooking_range	3075	3081	0	Runtime shop/travel enrichment and simple labels may make this intentional
generic_catalog_details	poi_000613	Water source	water_source	1661	3082	0	Runtime shop/travel enrichment and simple labels may make this intentional
generic_catalog_details	poi_000614	Poll booth	poll_booth	2440	3082	0	Runtime shop/travel enrichment and simple labels may make this intentional
generic_catalog_details	poi_000615	Bank	bank	2445	3082	0	Runtime shop/travel enrichment and simple labels may make this intentional
generic_catalog_details	poi_000616	Hunter shop	hunter_shop	2566	3082	0	Runtime shop/travel enrichment and simple labels may make this intentional
generic_catalog_details	poi_000617	Cooking range	cooking_range	1675	3084	0	Runtime shop/travel enrichment and simple labels may make this intentional
generic_catalog_details	poi_000624	Water source	water_source	3077	3086	0	Runtime shop/travel enrichment and simple labels may make this intentional
generic_catalog_details	poi_000625	Altar	altar	1701	3087	0	Runtime shop/travel enrichment and simple labels may make this intentional
generic_catalog_details	poi_000632	Cooking range	cooking_range	1732	3091	0	Runtime shop/travel enrichment and simple labels may make this intentional
generic_catalog_details	poi_000634	Dungeon with map link	dungeon_link	1643	3092	0	Runtime shop/travel enrichment and simple labels may make this intentional
generic_catalog_details	poi_000635	Magic carpet	magic_carpet	1669	3092	0	Runtime shop/travel enrichment and simple labels may make this intentional
generic_catalog_details	poi_000637	Cooking range	cooking_range	1209	3093	0	Runtime shop/travel enrichment and simple labels may make this intentional
generic_catalog_details	poi_000638	Bank	bank	1780	3093	0	Runtime shop/travel enrichment and simple labels may make this intentional
generic_catalog_details	poi_000639	Water source	water_source	2567	3093	0	Runtime shop/travel enrichment and simple labels may make this intentional
generic_catalog_details	poi_000640	Bank	bank	2614	3093	0	Runtime shop/travel enrichment and simple labels may make this intentional
generic_catalog_details	poi_000641	Cooking range	cooking_range	1644	3095	0	Runtime shop/travel enrichment and simple labels may make this intentional
generic_catalog_details	poi_000642	Cooking range	cooking_range	1756	3095	0	Runtime shop/travel enrichment and simple labels may make this intentional
generic_catalog_details	poi_000643	Dungeon with map link	dungeon_link	1967	3095	0	Runtime shop/travel enrichment and simple labels may make this intentional
generic_catalog_details	poi_000644	Archery shop	archery_shop	1210	3096	0	Runtime shop/travel enrichment and simple labels may make this intentional
generic_catalog_details	poi_000646	Potters wheel	potters_wheel	1766	3096	0	Runtime shop/travel enrichment and simple labels may make this intentional
generic_catalog_details	poi_000647	Poll booth	poll_booth	2609	3096	0	Runtime shop/travel enrichment and simple labels may make this intentional
generic_catalog_details	poi_000648	Water source	water_source	1242	3097	0	Runtime shop/travel enrichment and simple labels may make this intentional
generic_catalog_details	poi_000649	Poll booth	poll_booth	1777	3097	0	Runtime shop/travel enrichment and simple labels may make this intentional
generic_catalog_details	poi_000650	House/POH portal	house_portal	2544	3097	0	Runtime shop/travel enrichment and simple labels may make this intentional
generic_catalog_details	poi_000651	Dairy churn	dairy_churn	1602	3098	0	Runtime shop/travel enrichment and simple labels may make this intentional
generic_catalog_details	poi_000652	Water source	water_source	1753	3098	0	Runtime shop/travel enrichment and simple labels may make this intentional
generic_catalog_details	poi_000653	Cooking range	cooking_range	2549	3098	0	Runtime shop/travel enrichment and simple labels may make this intentional
generic_catalog_details	poi_000654	Cookery shop	cookery_shop	2566	3098	0	Runtime shop/travel enrichment and simple labels may make this intentional
generic_catalog_details	poi_000656	Cooking range	cooking_range	1607	3100	0	Runtime shop/travel enrichment and simple labels may make this intentional
generic_catalog_details	poi_000659	Clothes shop	clothes_shop	1659	3101	0	Runtime shop/travel enrichment and simple labels may make this intentional
generic_catalog_details	poi_000660	Gem shop	gem_shop	1675	3101	0	Runtime shop/travel enrichment and simple labels may make this intentional
generic_catalog_details	poi_000661	Spice shop	spice_shop	1685	3101	0	Runtime shop/travel enrichment and simple labels may make this intentional
generic_catalog_details	poi_000663	Crafting shop	crafting_shop	1766	3101	0	Runtime shop/travel enrichment and simple labels may make this intentional
generic_catalog_details	poi_000665	Anvil	anvil	2791	3101	0	Runtime shop/travel enrichment and simple labels may make this intentional
generic_catalog_details	poi_000667	Magic carpet	magic_carpet	1636	3102	0	Runtime shop/travel enrichment and simple labels may make this intentional
generic_catalog_details	poi_000668	Hunter training	hunter_training	1965	3102	0	Runtime shop/travel enrichment and simple labels may make this intentional
generic_catalog_details	poi_000669	Water source	water_source	2549	3102	0	Runtime shop/travel enrichment and simple labels may make this intentional
generic_catalog_details	poi_000670	Dairy churn	dairy_churn	2570	3102	0	Runtime shop/travel enrichment and simple labels may make this intentional
generic_catalog_details	poi_000672	Altar	altar	1226	3103	0	Runtime shop/travel enrichment and simple labels may make this intentional
generic_catalog_details	poi_000673	Farming shop	farming_shop	1594	3103	0	Runtime shop/travel enrichment and simple labels may make this intentional
generic_catalog_details	poi_000674	Estate Agent	estate_agent	1703	3103	0	Runtime shop/travel enrichment and simple labels may make this intentional
generic_catalog_details	poi_000676	Sandpit	sandpit	2543	3104	0	Runtime shop/travel enrichment and simple labels may make this intentional
generic_catalog_details	poi_000677	Cooking range	cooking_range	2567	3104	0	Runtime shop/travel enrichment and simple labels may make this intentional
generic_catalog_details	poi_000679	Cooking range	cooking_range	1591	3105	0	Runtime shop/travel enrichment and simple labels may make this intentional
generic_catalog_details	poi_000681	Cooking range	cooking_range	1239	3107	0	Runtime shop/travel enrichment and simple labels may make this intentional
generic_catalog_details	poi_000683	Altar	altar	3121	3107	0	Runtime shop/travel enrichment and simple labels may make this intentional
generic_catalog_details	poi_000686	Cooking range	cooking_range	1966	3108	0	Runtime shop/travel enrichment and simple labels may make this intentional
generic_catalog_details	poi_000690	Anvil	anvil	1214	3110	0	Runtime shop/travel enrichment and simple labels may make this intentional
generic_catalog_details	poi_000691	Water source	water_source	3090	3110	0	Runtime shop/travel enrichment and simple labels may make this intentional
generic_catalog_details	poi_000692	Water source	water_source	1198	3111	0	Runtime shop/travel enrichment and simple labels may make this intentional
generic_catalog_details	poi_000693	Furnace	furnace	1208	3111	0	Runtime shop/travel enrichment and simple labels may make this intentional
generic_catalog_details	poi_000694	Fur trader	fur_trader	1675	3111	0	Runtime shop/travel enrichment and simple labels may make this intentional
generic_catalog_details	poi_000695	Food shop	food_shop	1686	3111	0	Runtime shop/travel enrichment and simple labels may make this intentional
generic_catalog_details	poi_000700	Magic carpet	magic_carpet	1654	3112	0	Runtime shop/travel enrichment and simple labels may make this intentional
generic_catalog_details	poi_000701	Cookery shop	cookery_shop	1702	3112	0	Runtime shop/travel enrichment and simple labels may make this intentional
generic_catalog_details	poi_000702	Furnace	furnace	1770	3112	0	Runtime shop/travel enrichment and simple labels may make this intentional
generic_catalog_details	poi_000704	Cooking range	cooking_range	1634	3114	0	Runtime shop/travel enrichment and simple labels may make this intentional
generic_catalog_details	poi_000705	Silk trader	silk_trader	1678	3114	0	Runtime shop/travel enrichment and simple labels may make this intentional
generic_catalog_details	poi_000706	Water source	water_source	2557	3114	0	Runtime shop/travel enrichment and simple labels may make this intentional
generic_catalog_details	poi_000707	Poll booth	poll_booth	1650	3115	0	Runtime shop/travel enrichment and simple labels may make this intentional
generic_catalog_details	poi_000709	Pub/bar	bar	1713	3116	0	Runtime shop/travel enrichment and simple labels may make this intentional
generic_catalog_details	poi_000711	Pub/bar	bar	1224	3118	0	Runtime shop/travel enrichment and simple labels may make this intentional
generic_catalog_details	poi_000713	Dye trader	dye_trader	1203	3119	0	Runtime shop/travel enrichment and simple labels may make this intentional
generic_catalog_details	poi_000714	Magic shop	magic_shop	1212	3119	0	Runtime shop/travel enrichment and simple labels may make this intentional
generic_catalog_details	poi_000715	Bank	bank	1648	3119	0	Runtime shop/travel enrichment and simple labels may make this intentional
generic_catalog_details	poi_000716	Water source	water_source	1667	3119	0	Runtime shop/travel enrichment and simple labels may make this intentional
generic_catalog_details	poi_000721	Bank	bank	3308	3119	0	Runtime shop/travel enrichment and simple labels may make this intentional
generic_catalog_details	poi_000722	Poll booth	poll_booth	1244	3120	0	Runtime shop/travel enrichment and simple labels may make this intentional
generic_catalog_details	poi_000723	Dairy cow	dairy_cow	1587	3120	0	Runtime shop/travel enrichment and simple labels may make this intentional
generic_catalog_details	poi_000725	Poll booth	poll_booth	3118	3120	0	Runtime shop/travel enrichment and simple labels may make this intentional
generic_catalog_details	poi_000726	Dairy cow	dairy_cow	2584	3121	0	Runtime shop/travel enrichment and simple labels may make this intentional
generic_catalog_details	poi_000727	Task Master	task_master	3299	3121	0	Runtime shop/travel enrichment and simple labels may make this intentional
generic_catalog_details	poi_000728	Bank	bank	1245	3122	0	Runtime shop/travel enrichment and simple labels may make this intentional
generic_catalog_details	poi_000730	Magic carpet	magic_carpet	1636	3122	0	Runtime shop/travel enrichment and simple labels may make this intentional
generic_catalog_details	poi_000731	Cooking range	cooking_range	1666	3122	0	Runtime shop/travel enrichment and simple labels may make this intentional
generic_catalog_details	poi_000733	General store	general_store	2767	3122	0	Runtime shop/travel enrichment and simple labels may make this intentional
generic_catalog_details	poi_000735	Water source	water_source	1233	3123	0	Runtime shop/travel enrichment and simple labels may make this intentional
generic_catalog_details	poi_000736	General store	general_store	1669	3123	0	Runtime shop/travel enrichment and simple labels may make this intentional
generic_catalog_details	poi_000740	Poll booth	poll_booth	3310	3124	0	Runtime shop/travel enrichment and simple labels may make this intentional
generic_catalog_details	poi_000741	Water source	water_source	1706	3125	0	Runtime shop/travel enrichment and simple labels may make this intentional
generic_catalog_details	poi_000742	Bank	bank	3122	3125	0	Runtime shop/travel enrichment and simple labels may make this intentional
generic_catalog_details	poi_000743	Cargo bay	cargo_bay	1780	3126	0	Runtime shop/travel enrichment and simple labels may make this intentional
generic_catalog_details	poi_000744	Shipwright	shipwright	2158	3126	0	Runtime shop/travel enrichment and simple labels may make this intentional
generic_catalog_details	poi_000746	Cooking range	cooking_range	1717	3127	0	Runtime shop/travel enrichment and simple labels may make this intentional
generic_catalog_details	poi_000747	Agility short-cut	agility_short-cut	1456	3128	0	Runtime shop/travel enrichment and simple labels may make this intentional
generic_catalog_details	poi_000748	Agility short-cut	agility_short-cut	1464	3128	0	Runtime shop/travel enrichment and simple labels may make this intentional
generic_catalog_details	poi_000750	Cooking range	cooking_range	1690	3130	0	Runtime shop/travel enrichment and simple labels may make this intentional
generic_catalog_details	poi_000751	Shipwright	shipwright	1781	3130	0	Runtime shop/travel enrichment and simple labels may make this intentional
generic_catalog_details	poi_000752	Water source	water_source	2368	3130	0	Runtime shop/travel enrichment and simple labels may make this intentional
generic_catalog_details	poi_000754	Cooking range	cooking_range	1584	3131	0	Runtime shop/travel enrichment and simple labels may make this intentional
generic_catalog_details	poi_000758	Water source	water_source	1691	3133	0	Runtime shop/travel enrichment and simple labels may make this intentional
generic_catalog_details	poi_000763	Water source	water_source	1240	3136	0	Runtime shop/travel enrichment and simple labels may make this intentional
generic_catalog_details	poi_000764	Water source	water_source	1577	3137	0	Runtime shop/travel enrichment and simple labels may make this intentional
generic_catalog_details	poi_000765	Canoe station	canoe_station	1653	3137	0	Runtime shop/travel enrichment and simple labels may make this intentional
generic_catalog_details	poi_000767	Cooking range	cooking_range	3318	3138	0	Runtime shop/travel enrichment and simple labels may make this intentional
generic_catalog_details	poi_000768	Sword shop	sword_shop	1658	3139	0	Runtime shop/travel enrichment and simple labels may make this intentional
generic_catalog_details	poi_000769	General store	general_store	2195	3140	0	Runtime shop/travel enrichment and simple labels may make this intentional
generic_catalog_details	poi_000771	Anvil	anvil	1661	3141	0	Runtime shop/travel enrichment and simple labels may make this intentional
generic_catalog_details	poi_000779	Pub/bar	bar	2566	3142	0	Runtime shop/travel enrichment and simple labels may make this intentional
generic_catalog_details	poi_000781	Water source	water_source	2916	3142	0	Runtime shop/travel enrichment and simple labels may make this intentional
generic_catalog_details	poi_000784	Ship boarding plank	mooring_point	1782	3143	0	Runtime shop/travel enrichment and simple labels may make this intentional
generic_catalog_details	poi_000786	Pub/bar	bar	2926	3143	0	Runtime shop/travel enrichment and simple labels may make this intentional
generic_catalog_details	poi_000787	Agility short-cut	agility_short-cut	1284	3144	0	Runtime shop/travel enrichment and simple labels may make this intentional
generic_catalog_details	poi_000789	Ship boarding plank	mooring_point	2941	3144	0	Runtime shop/travel enrichment and simple labels may make this intentional
generic_catalog_details	poi_000790	Anvil	anvil	2999	3144	0	Runtime shop/travel enrichment and simple labels may make this intentional
generic_catalog_details	poi_000793	Furnace	furnace	2193	3146	0	Runtime shop/travel enrichment and simple labels may make this intentional
generic_catalog_details	poi_000796	Port task board	noticeboard	1781	3147	0	Runtime shop/travel enrichment and simple labels may make this intentional
generic_catalog_details	poi_000799	General store	general_store	2905	3148	0	Runtime shop/travel enrichment and simple labels may make this intentional
generic_catalog_details	poi_000800	Cargo bay	cargo_bay	2944	3148	0	Runtime shop/travel enrichment and simple labels may make this intentional
generic_catalog_details	poi_000801	Mining Tutor	mining_tutor	3223	3148	0	Runtime shop/travel enrichment and simple labels may make this intentional
generic_catalog_details	poi_000804	Dummy	dummy	1660	3150	0	Runtime shop/travel enrichment and simple labels may make this intentional
generic_catalog_details	poi_000809	General store	general_store	2656	3152	0	Runtime shop/travel enrichment and simple labels may make this intentional
generic_catalog_details	poi_000810	Amulet shop	amulet_shop	2803	3152	0	Runtime shop/travel enrichment and simple labels may make this intentional
generic_catalog_details	poi_000811	Poll booth	poll_booth	2901	3152	0	Runtime shop/travel enrichment and simple labels may make this intentional
generic_catalog_details	poi_000812	Water source	water_source	2530	3153	0	Runtime shop/travel enrichment and simple labels may make this intentional
generic_catalog_details	poi_000817	Pub/bar	bar	2794	3155	0	Runtime shop/travel enrichment and simple labels may make this intentional
generic_catalog_details	poi_000819	Anvil	anvil	3359	3155	0	Runtime shop/travel enrichment and simple labels may make this intentional
generic_catalog_details	poi_000820	Cargo bay	cargo_bay	2663	3156	0	Runtime shop/travel enrichment and simple labels may make this intentional
generic_catalog_details	poi_000821	Agility short-cut	agility_short-cut	3393	3156	0	Runtime shop/travel enrichment and simple labels may make this intentional
generic_catalog_details	poi_000823	Fishing Tutor	fishing_tutor	3244	3157	0	Runtime shop/travel enrichment and simple labels may make this intentional
generic_catalog_details	poi_000830	Water source	water_source	1646	3161	0	Runtime shop/travel enrichment and simple labels may make this intentional
generic_catalog_details	poi_000831	Poll booth	poll_booth	2354	3161	0	Runtime shop/travel enrichment and simple labels may make this intentional
generic_catalog_details	poi_000832	General store	general_store	2527	3161	0	Runtime shop/travel enrichment and simple labels may make this intentional
generic_catalog_details	poi_000833	Bank	bank	2662	3161	0	Runtime shop/travel enrichment and simple labels may make this intentional
generic_catalog_details	poi_000835	Poll booth	poll_booth	2530	3162	0	Runtime shop/travel enrichment and simple labels may make this intentional
generic_catalog_details	poi_000836	Cooking range	cooking_range	2814	3162	0	Runtime shop/travel enrichment and simple labels may make this intentional
generic_catalog_details	poi_000838	Plateskirt shop	plateskirt_shop	3315	3162	0	Runtime shop/travel enrichment and simple labels may make this intentional
generic_catalog_details	poi_000839	Archery shop	archery_shop	2324	3163	0	Runtime shop/travel enrichment and simple labels may make this intentional
generic_catalog_details	poi_000843	Cooking range	cooking_range	2632	3164	0	Runtime shop/travel enrichment and simple labels may make this intentional
generic_catalog_details	poi_000849	Bank	bank	2351	3165	0	Runtime shop/travel enrichment and simple labels may make this intentional
generic_catalog_details	poi_000850	Anvil	anvil	2652	3165	0	Runtime shop/travel enrichment and simple labels may make this intentional
generic_catalog_details	poi_000855	Water source	water_source	2564	3166	0	Runtime shop/travel enrichment and simple labels may make this intentional
generic_catalog_details	poi_000856	Poll booth	poll_booth	2812	3166	0	Runtime shop/travel enrichment and simple labels may make this intentional
generic_catalog_details	poi_000857	Bank	bank	3267	3166	0	Runtime shop/travel enrichment and simple labels may make this intentional
generic_catalog_details	poi_000859	Altar	altar	1568	3168	0	Runtime shop/travel enrichment and simple labels may make this intentional
generic_catalog_details	poi_000862	Water source	water_source	3116	3168	0	Runtime shop/travel enrichment and simple labels may make this intentional
generic_catalog_details	poi_000867	Water source	water_source	2553	3169	0	Runtime shop/travel enrichment and simple labels may make this intentional
generic_catalog_details	poi_000869	Poll booth	poll_booth	3272	3169	0	Runtime shop/travel enrichment and simple labels may make this intentional
generic_catalog_details	poi_000870	Transportation	transportation	3526	3169	0	Runtime shop/travel enrichment and simple labels may make this intentional
generic_catalog_details	poi_000871	Cooking range	cooking_range	2635	3170	0	Runtime shop/travel enrichment and simple labels may make this intentional
generic_catalog_details	poi_000872	General store	general_store	2642	3170	0	Runtime shop/travel enrichment and simple labels may make this intentional
generic_catalog_details	poi_000874	Altar	altar	1450	3171	0	Runtime shop/travel enrichment and simple labels may make this intentional
generic_catalog_details	poi_000875	Water source	water_source	2337	3171	0	Runtime shop/travel enrichment and simple labels may make this intentional
generic_catalog_details	poi_000882	Water source	water_source	2563	3173	0	Runtime shop/travel enrichment and simple labels may make this intentional
generic_catalog_details	poi_000883	Water source	water_source	3293	3173	0	Runtime shop/travel enrichment and simple labels may make this intentional
generic_catalog_details	poi_000886	Poll booth	poll_booth	2640	3174	0	Runtime shop/travel enrichment and simple labels may make this intentional
generic_catalog_details	poi_000889	Platelegs shop	platelegs_shop	3316	3175	0	Runtime shop/travel enrichment and simple labels may make this intentional
generic_catalog_details	poi_000890	Transportation	transportation	3683	3175	0	Runtime shop/travel enrichment and simple labels may make this intentional
generic_catalog_details	poi_000891	Crafting shop	crafting_shop	2327	3176	0	Runtime shop/travel enrichment and simple labels may make this intentional
generic_catalog_details	poi_000893	Candle shop	candle_shop	3170	3176	0	Runtime shop/travel enrichment and simple labels may make this intentional
generic_catalog_details	poi_000894	Cooking range	cooking_range	1420	3177	0	Runtime shop/travel enrichment and simple labels may make this intentional
generic_catalog_details	poi_000895	Altar	altar	2995	3177	0	Runtime shop/travel enrichment and simple labels may make this intentional
generic_catalog_details	poi_000900	House/POH portal	house_portal	2756	3178	0	Runtime shop/travel enrichment and simple labels may make this intentional
generic_catalog_details	poi_000904	Cooking range	cooking_range	3271	3179	0	Runtime shop/travel enrichment and simple labels may make this intentional
generic_catalog_details	poi_000906	Spinning wheel	spinning_wheel	2323	3180	0	Runtime shop/travel enrichment and simple labels may make this intentional
generic_catalog_details	poi_000908	Water source	water_source	3409	3180	0	Runtime shop/travel enrichment and simple labels may make this intentional
generic_catalog_details	poi_000909	Water source	water_source	2440	3181	0	Runtime shop/travel enrichment and simple labels may make this intentional
generic_catalog_details	poi_000912	Kebab seller	kebab_seller	3275	3182	0	Runtime shop/travel enrichment and simple labels may make this intentional
generic_catalog_details	poi_000913	General store	general_store	3316	3182	0	Runtime shop/travel enrichment and simple labels may make this intentional
generic_catalog_details	poi_000915	Water source	water_source	1744	3183	0	Runtime shop/travel enrichment and simple labels may make this intentional
generic_catalog_details	poi_000916	Water source	water_source	3293	3183	0	Runtime shop/travel enrichment and simple labels may make this intentional
generic_catalog_details	poi_000918	Water source	water_source	1418	3185	0	Runtime shop/travel enrichment and simple labels may make this intentional
generic_catalog_details	poi_000919	General store	general_store	2335	3185	0	Runtime shop/travel enrichment and simple labels may make this intentional
generic_catalog_details	poi_000921	Cooking range	cooking_range	3410	3185	0	Runtime shop/travel enrichment and simple labels may make this intentional
generic_catalog_details	poi_000924	Furnace	furnace	3273	3186	0	Runtime shop/travel enrichment and simple labels may make this intentional
generic_catalog_details	poi_000925	Water source	water_source	2609	3187	0	Runtime shop/travel enrichment and simple labels may make this intentional
generic_catalog_details	poi_000926	Food shop	food_shop	2793	3187	0	Runtime shop/travel enrichment and simple labels may make this intentional
generic_catalog_details	poi_000928	Water source	water_source	2592	3188	0	Runtime shop/travel enrichment and simple labels may make this intentional
generic_catalog_details	poi_000930	Hot air balloon	hot_air_balloon	2443	3189	0	Runtime shop/travel enrichment and simple labels may make this intentional
generic_catalog_details	poi_000931	Scimitar shop	scimitar_shop	3289	3189	0	Runtime shop/travel enrichment and simple labels may make this intentional
generic_catalog_details	poi_000932	Task Master	task_master	2806	3190	0	Runtime shop/travel enrichment and simple labels may make this intentional
generic_catalog_details	poi_000933	Cooking range	cooking_range	2438	3191	0	Runtime shop/travel enrichment and simple labels may make this intentional
generic_catalog_details	poi_000935	Tannery	tannery	3274	3191	0	Runtime shop/travel enrichment and simple labels may make this intentional
generic_catalog_details	poi_000937	Cooking range	cooking_range	2787	3192	0	Runtime shop/travel enrichment and simple labels may make this intentional
generic_catalog_details	poi_000939	Canoe station	canoe_station	3238	3192	0	Runtime shop/travel enrichment and simple labels may make this intentional
generic_catalog_details	poi_000941	Water source	water_source	2791	3193	0	Runtime shop/travel enrichment and simple labels may make this intentional
generic_catalog_details	poi_000945	Crafting shop	crafting_shop	3321	3194	0	Runtime shop/travel enrichment and simple labels may make this intentional
generic_catalog_details	poi_000946	Water source	water_source	2611	3195	0	Runtime shop/travel enrichment and simple labels may make this intentional
generic_catalog_details	poi_000947	Water source	water_source	2799	3195	0	Runtime shop/travel enrichment and simple labels may make this intentional
generic_catalog_details	poi_000948	Cooking Tutor	cooking_tutor	3234	3195	0	Runtime shop/travel enrichment and simple labels may make this intentional
generic_catalog_details	poi_000953	Cooking range	cooking_range	3230	3197	0	Runtime shop/travel enrichment and simple labels may make this intentional
generic_catalog_details	poi_000954	Cooking range	cooking_range	2579	3198	0	Runtime shop/travel enrichment and simple labels may make this intentional
generic_catalog_details	poi_000955	Security Tutor	security_tutor	3240	3199	0	Runtime shop/travel enrichment and simple labels may make this intentional
generic_catalog_details	poi_000957	Deadman Tutor	deadman_tutor	3245	3201	0	Runtime shop/travel enrichment and simple labels may make this intentional
generic_catalog_details	poi_000960	Cooking range	cooking_range	3292	3202	0	Runtime shop/travel enrichment and simple labels may make this intentional
generic_catalog_details	poi_000961	Silk trader	silk_trader	3298	3202	0	Runtime shop/travel enrichment and simple labels may make this intentional
generic_catalog_details	poi_000962	Crafting shop	crafting_shop	2948	3203	0	Runtime shop/travel enrichment and simple labels may make this intentional
generic_catalog_details	poi_000963	Axe shop	axe_shop	3233	3203	0	Runtime shop/travel enrichment and simple labels may make this intentional
generic_catalog_details	poi_000964	Archery shop	archery_shop	2956	3204	0	Runtime shop/travel enrichment and simple labels may make this intentional
generic_catalog_details	poi_000967	Food shop	food_shop	3014	3205	0	Runtime shop/travel enrichment and simple labels may make this intentional
generic_catalog_details	poi_000970	Bank	bank	3650	3205	0	Runtime shop/travel enrichment and simple labels may make this intentional
generic_catalog_details	poi_000971	Water source	water_source	3229	3206	0	Runtime shop/travel enrichment and simple labels may make this intentional
generic_catalog_details	poi_000972	Altar	altar	2605	3208	0	Runtime shop/travel enrichment and simple labels may make this intentional
generic_catalog_details	poi_000973	Altar	altar	2608	3208	0	Runtime shop/travel enrichment and simple labels may make this intentional
generic_catalog_details	poi_000974	Water source	water_source	2967	3208	0	Runtime shop/travel enrichment and simple labels may make this intentional
generic_catalog_details	poi_000975	Altar	altar	3245	3208	0	Runtime shop/travel enrichment and simple labels may make this intentional
generic_catalog_details	poi_000976	Cooking range	cooking_range	2591	3210	0	Runtime shop/travel enrichment and simple labels may make this intentional
generic_catalog_details	poi_000977	Cooking range	cooking_range	2970	3210	0	Runtime shop/travel enrichment and simple labels may make this intentional
generic_catalog_details	poi_000979	Furnace	furnace	3527	3210	0	Runtime shop/travel enrichment and simple labels may make this intentional
generic_catalog_details	poi_000982	Water source	water_source	3222	3211	0	Runtime shop/travel enrichment and simple labels may make this intentional
generic_catalog_details	poi_000984	Bank	bank	3494	3211	0	Runtime shop/travel enrichment and simple labels may make this intentional
generic_catalog_details	poi_000985	Poll booth	poll_booth	3500	3211	0	Runtime shop/travel enrichment and simple labels may make this intentional
generic_catalog_details	poi_000986	Water source	water_source	2956	3212	0	Runtime shop/travel enrichment and simple labels may make this intentional
generic_catalog_details	poi_000987	Gem shop	gem_shop	3287	3212	0	Runtime shop/travel enrichment and simple labels may make this intentional
generic_catalog_details	poi_000988	Poll booth	poll_booth	3646	3212	0	Runtime shop/travel enrichment and simple labels may make this intentional
generic_catalog_details	poi_000994	Prayer Tutor	prayer_tutor	3244	3214	0	Runtime shop/travel enrichment and simple labels may make this intentional
generic_catalog_details	poi_000996	Poll booth	poll_booth	2950	3215	0	Runtime shop/travel enrichment and simple labels may make this intentional
generic_catalog_details	poi_000997	Water source	water_source	3205	3215	0	Runtime shop/travel enrichment and simple labels may make this intentional
generic_catalog_details	poi_000999	Cooking range	cooking_range	3212	3216	0	Runtime shop/travel enrichment and simple labels may make this intentional
generic_catalog_details	poi_001001	General store	general_store	2946	3217	0	Runtime shop/travel enrichment and simple labels may make this intentional
generic_catalog_details	poi_001008	Water source	water_source	3161	3220	0	Runtime shop/travel enrichment and simple labels may make this intentional
generic_catalog_details	poi_001010	Lumbridge Guide	lumbridge_guide	3238	3220	0	Runtime shop/travel enrichment and simple labels may make this intentional
generic_catalog_details	poi_001014	Noticeboard	noticeboard	3232	3223	0	Runtime shop/travel enrichment and simple labels may make this intentional
generic_catalog_details	poi_001015	General store	general_store	1517	3224	0	Runtime shop/travel enrichment and simple labels may make this intentional
generic_catalog_details	poi_001021	Pub/bar	bar	1500	3226	0	Runtime shop/travel enrichment and simple labels may make this intentional
generic_catalog_details	poi_001023	Fishing shop	fishing_shop	3013	3226	0	Runtime shop/travel enrichment and simple labels may make this intentional
generic_catalog_details	poi_001024	Water source	water_source	3222	3226	0	Runtime shop/travel enrichment and simple labels may make this intentional
generic_catalog_details	poi_001028	Ironman Tutor	ironman_tutor	3229	3227	0	Runtime shop/travel enrichment and simple labels may make this intentional
generic_catalog_details	poi_001029	Bank	bank	1520	3228	0	Runtime shop/travel enrichment and simple labels may make this intentional
generic_catalog_details	poi_001034	Poll booth	poll_booth	1518	3230	0	Runtime shop/travel enrichment and simple labels may make this intentional
generic_catalog_details	poi_001035	Pub/bar	bar	3493	3230	0	Runtime shop/travel enrichment and simple labels may make this intentional
generic_catalog_details	poi_001038	Altar	altar	2455	3231	0	Runtime shop/travel enrichment and simple labels may make this intentional
generic_catalog_details	poi_001050	Water source	water_source	1501	3234	0	Runtime shop/travel enrichment and simple labels may make this intentional
generic_catalog_details	poi_001054	Transportation	transportation	3217	3235	0	Runtime shop/travel enrichment and simple labels may make this intentional
generic_catalog_details	poi_001055	Water source	water_source	3482	3235	0	Runtime shop/travel enrichment and simple labels may make this intentional
generic_catalog_details	poi_001056	Poll booth	poll_booth	3016	3236	0	Runtime shop/travel enrichment and simple labels may make this intentional
generic_catalog_details	poi_001057	Noticeboard	noticeboard	3097	3237	0	Runtime shop/travel enrichment and simple labels may make this intentional
generic_catalog_details	poi_001058	Noticeboard	noticeboard	3228	3237	0	Runtime shop/travel enrichment and simple labels may make this intentional
generic_catalog_details	poi_001059	Cooking range	cooking_range	3019	3238	0	Runtime shop/travel enrichment and simple labels may make this intentional
generic_catalog_details	poi_001062	Combat Tutor	combat_tutor	3219	3239	0	Runtime shop/travel enrichment and simple labels may make this intentional
generic_catalog_details	poi_001065	Pub/bar	bar	3232	3240	0	Runtime shop/travel enrichment and simple labels may make this intentional
generic_catalog_details	poi_001068	General store	general_store	3516	3241	0	Runtime shop/travel enrichment and simple labels may make this intentional
generic_catalog_details	poi_001069	Bank	bank	3091	3242	0	Runtime shop/travel enrichment and simple labels may make this intentional
generic_catalog_details	poi_001071	Poll booth	poll_booth	3096	3244	0	Runtime shop/travel enrichment and simple labels may make this intentional
generic_catalog_details	poi_001076	Cooking range	cooking_range	1669	3245	0	Runtime shop/travel enrichment and simple labels may make this intentional
generic_catalog_details	poi_001079	Holiday item trader	holiday_item_trader	3081	3246	0	Runtime shop/travel enrichment and simple labels may make this intentional
generic_catalog_details	poi_001080	General store	general_store	3212	3246	0	Runtime shop/travel enrichment and simple labels may make this intentional
generic_catalog_details	poi_001081	Woodcutting Tutor	woodcutting_tutor	3228	3246	0	Runtime shop/travel enrichment and simple labels may make this intentional
generic_catalog_details	poi_001082	Dungeon	dungeon	1677	3247	0	Runtime shop/travel enrichment and simple labels may make this intentional
generic_catalog_details	poi_001084	Cooking range	cooking_range	2573	3248	0	Runtime shop/travel enrichment and simple labels may make this intentional
generic_catalog_details	poi_001085	Jewellery	jewellery	3014	3248	0	Runtime shop/travel enrichment and simple labels may make this intentional
generic_catalog_details	poi_001086	Altar	altar	1679	3249	0	Runtime shop/travel enrichment and simple labels may make this intentional
generic_catalog_details	poi_001088	Loom	loom	2199	3250	0	Runtime shop/travel enrichment and simple labels may make this intentional
generic_catalog_details	poi_001090	Axe shop	axe_shop	3026	3250	0	Runtime shop/travel enrichment and simple labels may make this intentional
generic_catalog_details	poi_001091	Anvil	anvil	3227	3250	0	Runtime shop/travel enrichment and simple labels may make this intentional
generic_catalog_details	poi_001093	Spinning wheel	spinning_wheel	1498	3252	0	Runtime shop/travel enrichment and simple labels may make this intentional
generic_catalog_details	poi_001094	Water source	water_source	1668	3252	0	Runtime shop/travel enrichment and simple labels may make this intentional
generic_catalog_details	poi_001095	Agility short-cut	agility_short-cut	2832	3252	0	Runtime shop/travel enrichment and simple labels may make this intentional
generic_catalog_details	poi_001097	Farming shop	farming_shop	3077	3252	0	Runtime shop/travel enrichment and simple labels may make this intentional
generic_catalog_details	poi_001101	Wine trader	wine_trader	3083	3253	0	Runtime shop/travel enrichment and simple labels may make this intentional
generic_catalog_details	poi_001103	Junk checker	junk_checker	3090	3254	0	Runtime shop/travel enrichment and simple labels may make this intentional
generic_catalog_details	poi_001104	Smithing Tutor	smithing_tutor	3226	3254	0	Runtime shop/travel enrichment and simple labels may make this intentional
generic_catalog_details	poi_001106	Water source	water_source	2613	3255	0	Runtime shop/travel enrichment and simple labels may make this intentional
generic_catalog_details	poi_001109	Cooking range	cooking_range	1495	3257	0	Runtime shop/travel enrichment and simple labels may make this intentional
generic_catalog_details	poi_001110	Pub/bar	bar	3048	3257	0	Runtime shop/travel enrichment and simple labels may make this intentional
generic_catalog_details	poi_001111	Furnace	furnace	3227	3257	0	Runtime shop/travel enrichment and simple labels may make this intentional
generic_catalog_details	poi_001113	Rope trader	rope_trader	3100	3258	0	Runtime shop/travel enrichment and simple labels may make this intentional
generic_catalog_details	poi_001116	Magic shop	magic_shop	3014	3259	0	Runtime shop/travel enrichment and simple labels may make this intentional
generic_catalog_details	poi_001117	Water source	water_source	3027	3259	0	Runtime shop/travel enrichment and simple labels may make this intentional
generic_catalog_details	poi_001120	Dye trader	dye_trader	3086	3259	0	Runtime shop/travel enrichment and simple labels may make this intentional
generic_catalog_details	poi_001121	Agility short-cut	agility_short-cut	1589	3260	0	Runtime shop/travel enrichment and simple labels may make this intentional
generic_catalog_details	poi_001129	Slayer Master	slayer_master	3091	3267	0	Runtime shop/travel enrichment and simple labels may make this intentional
generic_catalog_details	poi_001131	Dungeon with map link	dungeon_link	2239	3270	0	Runtime shop/travel enrichment and simple labels may make this intentional
generic_catalog_details	poi_001132	Water source	water_source	3191	3270	0	Runtime shop/travel enrichment and simple labels may make this intentional
generic_catalog_details	poi_001133	Bank	bank	3381	3270	0	Runtime shop/travel enrichment and simple labels may make this intentional
generic_catalog_details	poi_001135	Water source	water_source	2722	3271	0	Runtime shop/travel enrichment and simple labels may make this intentional
generic_catalog_details	poi_001137	Water source	water_source	2658	3272	0	Runtime shop/travel enrichment and simple labels may make this intentional
generic_catalog_details	poi_001141	Water source	water_source	2766	3273	0	Runtime shop/travel enrichment and simple labels may make this intentional
generic_catalog_details	poi_001144	Poll booth	poll_booth	3380	3273	0	Runtime shop/travel enrichment and simple labels may make this intentional
generic_catalog_details	poi_001146	Minecart network	minecart_network	1384	3274	0	Runtime shop/travel enrichment and simple labels may make this intentional
generic_catalog_details	poi_001147	Spinning wheel	spinning_wheel	2731	3274	0	Runtime shop/travel enrichment and simple labels may make this intentional
generic_catalog_details	poi_001149	Poll booth	poll_booth	2929	3275	0	Runtime shop/travel enrichment and simple labels may make this intentional
generic_catalog_details	poi_001150	Dairy churn	dairy_churn	3190	3275	0	Runtime shop/travel enrichment and simple labels may make this intentional
generic_catalog_details	poi_001151	Dairy cow	dairy_cow	3253	3275	0	Runtime shop/travel enrichment and simple labels may make this intentional
generic_catalog_details	poi_001154	Ship boarding plank	mooring_point	2677	3277	0	Runtime shop/travel enrichment and simple labels may make this intentional
generic_catalog_details	poi_001157	Poll booth	poll_booth	2647	3279	0	Runtime shop/travel enrichment and simple labels may make this intentional
generic_catalog_details	poi_001161	Water source	water_source	2933	3280	0	Runtime shop/travel enrichment and simple labels may make this intentional
generic_catalog_details	poi_001162	Bank	bank	2937	3280	0	Runtime shop/travel enrichment and simple labels may make this intentional
generic_catalog_details	poi_001164	Altar	altar	2723	3281	0	Runtime shop/travel enrichment and simple labels may make this intentional
generic_catalog_details	poi_001171	Bank	bank	2657	3284	0	Runtime shop/travel enrichment and simple labels may make this intentional
generic_catalog_details	poi_001173	Altar	altar	3376	3285	0	Runtime shop/travel enrichment and simple labels may make this intentional
generic_catalog_details	poi_001174	General store	general_store	2465	3286	0	Runtime shop/travel enrichment and simple labels may make this intentional
generic_catalog_details	poi_001175	Altar	altar	2530	3286	0	Runtime shop/travel enrichment and simple labels may make this intentional
generic_catalog_details	poi_001176	Agility short-cut	agility_short-cut	1402	3287	0	Runtime shop/travel enrichment and simple labels may make this intentional
generic_catalog_details	poi_001177	Minecart network	minecart_network	1412	3287	0	Runtime shop/travel enrichment and simple labels may make this intentional
generic_catalog_details	poi_001179	Loom	loom	3039	3287	0	Runtime shop/travel enrichment and simple labels may make this intentional
generic_catalog_details	poi_001180	General store	general_store	1627	3288	0	Runtime shop/travel enrichment and simple labels may make this intentional
generic_catalog_details	poi_001181	Cooking range	cooking_range	1646	3288	0	Runtime shop/travel enrichment and simple labels may make this intentional
generic_catalog_details	poi_001183	Dairy cow	dairy_cow	2923	3288	0	Runtime shop/travel enrichment and simple labels may make this intentional
generic_catalog_details	poi_001184	Water source	water_source	3021	3288	0	Runtime shop/travel enrichment and simple labels may make this intentional
generic_catalog_details	poi_001186	Furnace	furnace	1622	3289	0	Runtime shop/travel enrichment and simple labels may make this intentional
generic_catalog_details	poi_001187	Potters wheel	potters_wheel	2935	3289	0	Runtime shop/travel enrichment and simple labels may make this intentional
generic_catalog_details	poi_001188	Dairy churn	dairy_churn	3025	3289	0	Runtime shop/travel enrichment and simple labels may make this intentional
generic_catalog_details	poi_001189	Water source	water_source	3496	3290	0	Runtime shop/travel enrichment and simple labels may make this intentional
generic_catalog_details	poi_001190	Platebody shop	platebody_shop	1619	3291	0	Runtime shop/travel enrichment and simple labels may make this intentional
generic_catalog_details	poi_001191	Pet insurance shop	pet_insurance_shop	2623	3292	0	Runtime shop/travel enrichment and simple labels may make this intentional
generic_catalog_details	poi_001192	Fishing shop	fishing_shop	2731	3292	0	Runtime shop/travel enrichment and simple labels may make this intentional
generic_catalog_details	poi_001193	Potters wheel	potters_wheel	2930	3292	0	Runtime shop/travel enrichment and simple labels may make this intentional
generic_catalog_details	poi_001194	Bank	bank	1526	3293	0	Runtime shop/travel enrichment and simple labels may make this intentional
generic_catalog_details	poi_001195	Water source	water_source	1633	3293	0	Runtime shop/travel enrichment and simple labels may make this intentional
generic_catalog_details	poi_001196	Fishing spot	fishing_spot	1842	3293	0	Runtime shop/travel enrichment and simple labels may make this intentional
generic_catalog_details	poi_001197	Farming shop	farming_shop	3037	3293	0	Runtime shop/travel enrichment and simple labels may make this intentional
generic_catalog_details	poi_001198	General store	general_store	2612	3294	0	Runtime shop/travel enrichment and simple labels may make this intentional
generic_catalog_details	poi_001200	Estate Agent	estate_agent	2641	3294	0	Runtime shop/travel enrichment and simple labels may make this intentional
generic_catalog_details	poi_001201	Platebody shop	platebody_shop	2653	3294	0	Runtime shop/travel enrichment and simple labels may make this intentional
generic_catalog_details	poi_001202	Dairy churn	dairy_churn	3226	3294	0	Runtime shop/travel enrichment and simple labels may make this intentional
generic_catalog_details	poi_001203	Agility short-cut	agility_short-cut	1369	3295	0	Runtime shop/travel enrichment and simple labels may make this intentional
generic_catalog_details	poi_001205	General store	general_store	3487	3295	0	Runtime shop/travel enrichment and simple labels may make this intentional
generic_catalog_details	poi_001207	Fur trader	fur_trader	2664	3296	0	Runtime shop/travel enrichment and simple labels may make this intentional
generic_catalog_details	poi_001209	Spice shop	spice_shop	2659	3297	0	Runtime shop/travel enrichment and simple labels may make this intentional
generic_catalog_details	poi_001210	Poll booth	poll_booth	3491	3297	0	Runtime shop/travel enrichment and simple labels may make this intentional
generic_catalog_details	poi_001211	Pub/bar	bar	3750	3297	0	Runtime shop/travel enrichment and simple labels may make this intentional
generic_catalog_details	poi_001212	Cooking range	cooking_range	2648	3298	0	Runtime shop/travel enrichment and simple labels may make this intentional
generic_catalog_details	poi_001214	Noticeboard	noticeboard	1351	3299	0	Runtime shop/travel enrichment and simple labels may make this intentional
generic_catalog_details	poi_001221	Agility short-cut	agility_short-cut	1387	3302	0	Runtime shop/travel enrichment and simple labels may make this intentional
generic_catalog_details	poi_001225	Silk trader	silk_trader	2657	3303	0	Runtime shop/travel enrichment and simple labels may make this intentional
generic_catalog_details	poi_001226	Gem shop	gem_shop	2668	3303	0	Runtime shop/travel enrichment and simple labels may make this intentional
generic_catalog_details	poi_001227	Dairy cow	dairy_cow	3040	3303	0	Runtime shop/travel enrichment and simple labels may make this intentional
generic_catalog_details	poi_001228	Pub/bar	bar	1366	3304	0	Runtime shop/travel enrichment and simple labels may make this intentional
generic_catalog_details	poi_001232	Water source	water_source	3702	3304	0	Runtime shop/travel enrichment and simple labels may make this intentional
generic_catalog_details	poi_001233	Cooking range	cooking_range	3704	3304	0	Runtime shop/travel enrichment and simple labels may make this intentional
generic_catalog_details	poi_001234	Minecart network	minecart_network	1438	3305	0	Runtime shop/travel enrichment and simple labels may make this intentional
generic_catalog_details	poi_001235	Water source	water_source	1370	3306	0	Runtime shop/travel enrichment and simple labels may make this intentional
generic_catalog_details	poi_001237	Cooking range	cooking_range	3721	3306	0	Runtime shop/travel enrichment and simple labels may make this intentional
generic_catalog_details	poi_001238	Agility short-cut	agility_short-cut	1478	3307	0	Runtime shop/travel enrichment and simple labels may make this intentional
generic_catalog_details	poi_001239	Windmill	windmill	3166	3307	0	Runtime shop/travel enrichment and simple labels may make this intentional
generic_catalog_details	poi_001241	Altar	altar	3738	3307	0	Runtime shop/travel enrichment and simple labels may make this intentional
generic_catalog_details	poi_001242	Agility short-cut	agility_short-cut	1390	3309	0	Runtime shop/travel enrichment and simple labels may make this intentional
generic_catalog_details	poi_001243	Agility short-cut	agility_short-cut	1396	3309	0	Runtime shop/travel enrichment and simple labels may make this intentional
generic_catalog_details	poi_001245	Altar	altar	2618	3309	0	Runtime shop/travel enrichment and simple labels may make this intentional
generic_catalog_details	poi_001248	Bank	bank	1387	3310	0	Runtime shop/travel enrichment and simple labels may make this intentional
generic_catalog_details	poi_001249	Food shop	food_shop	2668	3310	0	Runtime shop/travel enrichment and simple labels may make this intentional
generic_catalog_details	poi_001250	Furnace	furnace	2602	3311	0	Runtime shop/travel enrichment and simple labels may make this intentional
generic_catalog_details	poi_001251	Water source	water_source	2630	3311	0	Runtime shop/travel enrichment and simple labels may make this intentional
generic_catalog_details	poi_001252	Water source	water_source	2641	3311	0	Runtime shop/travel enrichment and simple labels may make this intentional
generic_catalog_details	poi_001253	Food shop	food_shop	2656	3311	0	Runtime shop/travel enrichment and simple labels may make this intentional
generic_catalog_details	poi_001254	Water source	water_source	3542	3311	0	Runtime shop/travel enrichment and simple labels may make this intentional
generic_catalog_details	poi_001259	Cooking range	cooking_range	1363	3313	0	Runtime shop/travel enrichment and simple labels may make this intentional
generic_catalog_details	poi_001262	Chainmail shop	chainmail_shop	2972	3313	0	Runtime shop/travel enrichment and simple labels may make this intentional
generic_catalog_details	poi_001264	Water source	water_source	3705	3313	0	Runtime shop/travel enrichment and simple labels may make this intentional
generic_catalog_details	poi_001265	Spinning wheel	spinning_wheel	1373	3314	0	Runtime shop/travel enrichment and simple labels may make this intentional
generic_catalog_details	poi_001266	Silver shop	silver_shop	2658	3314	0	Runtime shop/travel enrichment and simple labels may make this intentional
generic_catalog_details	poi_001267	Silk trader	silk_trader	2663	3314	0	Runtime shop/travel enrichment and simple labels may make this intentional
generic_catalog_details	poi_001268	Spinning wheel	spinning_wheel	2982	3314	0	Runtime shop/travel enrichment and simple labels may make this intentional
generic_catalog_details	poi_001270	Water source	water_source	2986	3315	0	Runtime shop/travel enrichment and simple labels may make this intentional
generic_catalog_details	poi_001274	Cooking range	cooking_range	3596	3316	0	Runtime shop/travel enrichment and simple labels may make this intentional
generic_catalog_details	poi_001275	Cooking range	cooking_range	3695	3316	0	Runtime shop/travel enrichment and simple labels may make this intentional
generic_catalog_details	poi_001276	Cooking range	cooking_range	2617	3317	0	Runtime shop/travel enrichment and simple labels may make this intentional
generic_catalog_details	poi_001279	Cooking range	cooking_range	2917	3318	0	Runtime shop/travel enrichment and simple labels may make this intentional
generic_catalog_details	poi_001282	Dairy cow	dairy_cow	3172	3319	0	Runtime shop/travel enrichment and simple labels may make this intentional
generic_catalog_details	poi_001284	Anvil	anvil	3755	3319	0	Runtime shop/travel enrichment and simple labels may make this intentional
generic_catalog_details	poi_001285	Minecart network	minecart_network	1346	3320	0	Runtime shop/travel enrichment and simple labels may make this intentional
generic_catalog_details	poi_001291	Water source	water_source	2549	3321	0	Runtime shop/travel enrichment and simple labels may make this intentional
generic_catalog_details	poi_001293	Agility short-cut	agility_short-cut	1394	3322	0	Runtime shop/travel enrichment and simple labels may make this intentional
generic_catalog_details	poi_001294	Pub/bar	bar	2575	3322	0	Runtime shop/travel enrichment and simple labels may make this intentional
generic_catalog_details	poi_001298	Cooking range	cooking_range	2547	3323	0	Runtime shop/travel enrichment and simple labels may make this intentional
generic_catalog_details	poi_001299	Cooking range	cooking_range	3612	3323	0	Runtime shop/travel enrichment and simple labels may make this intentional
generic_catalog_details	poi_001301	Shipwright	shipwright	2171	3324	0	Runtime shop/travel enrichment and simple labels may make this intentional
generic_catalog_details	poi_001303	Dairy churn	dairy_churn	2917	3324	0	Runtime shop/travel enrichment and simple labels may make this intentional
generic_catalog_details	poi_001304	Makeover mage	makeover_mage	2920	3324	0	Runtime shop/travel enrichment and simple labels may make this intentional
generic_catalog_details	poi_001305	Agility short-cut	agility_short-cut	1368	3325	0	Runtime shop/travel enrichment and simple labels may make this intentional
generic_catalog_details	poi_001306	Task Master	task_master	2574	3325	0	Runtime shop/travel enrichment and simple labels may make this intentional
generic_catalog_details	poi_001307	Water source	water_source	2617	3325	0	Runtime shop/travel enrichment and simple labels may make this intentional
generic_catalog_details	poi_001310	Water source	water_source	3610	3326	0	Runtime shop/travel enrichment and simple labels may make this intentional
generic_catalog_details	poi_001311	Dungeon with map link	dungeon_link	2183	3327	0	Runtime shop/travel enrichment and simple labels may make this intentional
generic_catalog_details	poi_001312	Dungeon with map link	dungeon_link	2297	3327	0	Runtime shop/travel enrichment and simple labels may make this intentional
generic_catalog_details	poi_001313	Potters wheel	potters_wheel	2589	3327	0	Runtime shop/travel enrichment and simple labels may make this intentional
generic_catalog_details	poi_001314	Port task board	noticeboard	2170	3328	0	Runtime shop/travel enrichment and simple labels may make this intentional
generic_catalog_details	poi_001315	Minecart network	minecart_network	1397	3329	0	Runtime shop/travel enrichment and simple labels may make this intentional
generic_catalog_details	poi_001317	Anvil	anvil	2500	3330	0	Runtime shop/travel enrichment and simple labels may make this intentional
generic_catalog_details	poi_001318	Cooking range	cooking_range	2969	3330	0	Runtime shop/travel enrichment and simple labels may make this intentional
generic_catalog_details	poi_001320	Bank	bank	2617	3331	0	Runtime shop/travel enrichment and simple labels may make this intentional
generic_catalog_details	poi_001324	Agility short-cut	agility_short-cut	1454	3332	0	Runtime shop/travel enrichment and simple labels may make this intentional
generic_catalog_details	poi_001327	Minecart network	minecart_network	1477	3333	0	Runtime shop/travel enrichment and simple labels may make this intentional
generic_catalog_details	poi_001329	Potters wheel	potters_wheel	3357	3333	0	Runtime shop/travel enrichment and simple labels may make this intentional
generic_catalog_details	poi_001330	Water source	water_source	3697	3333	0	Runtime shop/travel enrichment and simple labels may make this intentional
generic_catalog_details	poi_001331	Water source	water_source	2573	3334	0	Runtime shop/travel enrichment and simple labels may make this intentional
generic_catalog_details	poi_001334	Cooking range	cooking_range	2857	3334	0	Runtime shop/travel enrichment and simple labels may make this intentional
generic_catalog_details	poi_001335	Gem shop	gem_shop	2944	3334	0	Runtime shop/travel enrichment and simple labels may make this intentional
generic_catalog_details	poi_001337	Cooking range	cooking_range	3610	3334	0	Runtime shop/travel enrichment and simple labels may make this intentional
generic_catalog_details	poi_001338	Water source	water_source	3614	3334	0	Runtime shop/travel enrichment and simple labels may make this intentional
generic_catalog_details	poi_001339	Cooking range	cooking_range	3622	3334	0	Runtime shop/travel enrichment and simple labels may make this intentional
generic_catalog_details	poi_001340	Furnace	furnace	3657	3334	0	Runtime shop/travel enrichment and simple labels may make this intentional
generic_catalog_details	poi_001341	Cargo bay	cargo_bay	2173	3335	0	Runtime shop/travel enrichment and simple labels may make this intentional
generic_catalog_details	poi_001344	Poll booth	poll_booth	2613	3335	0	Runtime shop/travel enrichment and simple labels may make this intentional
generic_catalog_details	poi_001348	General store	general_store	3641	3336	0	Runtime shop/travel enrichment and simple labels may make this intentional
generic_catalog_details	poi_001349	Cooking range	cooking_range	3697	3337	0	Runtime shop/travel enrichment and simple labels may make this intentional
generic_catalog_details	poi_001353	Water source	water_source	3744	3340	0	Runtime shop/travel enrichment and simple labels may make this intentional
generic_catalog_details	poi_001354	Cooking range	cooking_range	3748	3340	0	Runtime shop/travel enrichment and simple labels may make this intentional
generic_catalog_details	poi_001355	Axe shop	axe_shop	1402	3341	0	Runtime shop/travel enrichment and simple labels may make this intentional
generic_catalog_details	poi_001356	Sandpit	sandpit	2816	3341	0	Runtime shop/travel enrichment and simple labels may make this intentional
generic_catalog_details	poi_001358	Minecart network	minecart_network	1452	3342	0	Runtime shop/travel enrichment and simple labels may make this intentional
generic_catalog_details	poi_001362	Agility short-cut	agility_short-cut	3192	3342	0	Runtime shop/travel enrichment and simple labels may make this intentional
generic_catalog_details	poi_001363	Anvil	anvil	1405	3343	0	Runtime shop/travel enrichment and simple labels may make this intentional
generic_catalog_details	poi_001364	Staff shop	staff_shop	1412	3343	0	Runtime shop/travel enrichment and simple labels may make this intentional
generic_catalog_details	poi_001365	Hot air balloon	hot_air_balloon	3022	3343	0	Runtime shop/travel enrichment and simple labels may make this intentional
generic_catalog_details	poi_001367	Herbalist	herbalist	2809	3344	0	Runtime shop/travel enrichment and simple labels may make this intentional
generic_catalog_details	poi_001369	Cooking range	cooking_range	3643	3345	0	Runtime shop/travel enrichment and simple labels may make this intentional
generic_catalog_details	poi_001372	Cooking range	cooking_range	3040	3346	0	Runtime shop/travel enrichment and simple labels may make this intentional
generic_catalog_details	poi_001373	Water source	water_source	3622	3346	0	Runtime shop/travel enrichment and simple labels may make this intentional
generic_catalog_details	poi_001374	Water source	water_source	2811	3347	0	Runtime shop/travel enrichment and simple labels may make this intentional
generic_catalog_details	poi_001377	Altar	altar	2853	3348	0	Runtime shop/travel enrichment and simple labels may make this intentional
generic_catalog_details	poi_001378	Water source	water_source	3051	3348	0	Runtime shop/travel enrichment and simple labels may make this intentional
generic_catalog_details	poi_001379	Water source	water_source	3644	3348	0	Runtime shop/travel enrichment and simple labels may make this intentional
generic_catalog_details	poi_001380	Water source	water_source	3662	3348	0	Runtime shop/travel enrichment and simple labels may make this intentional
generic_catalog_details	poi_001383	General store	general_store	1379	3351	0	Runtime shop/travel enrichment and simple labels may make this intentional
generic_catalog_details	poi_001384	Cooking range	cooking_range	1442	3351	0	Runtime shop/travel enrichment and simple labels may make this intentional
generic_catalog_details	poi_001385	Poll booth	poll_booth	2819	3351	0	Runtime shop/travel enrichment and simple labels may make this intentional
generic_catalog_details	poi_001387	Dairy cow	dairy_cow	2673	3352	0	Runtime shop/travel enrichment and simple labels may make this intentional
generic_catalog_details	poi_001388	Cooking range	cooking_range	2822	3352	0	Runtime shop/travel enrichment and simple labels may make this intentional
generic_catalog_details	poi_001389	Furnace	furnace	2834	3352	0	Runtime shop/travel enrichment and simple labels may make this intentional
generic_catalog_details	poi_001390	Agility short-cut	agility_short-cut	3086	3352	0	Runtime shop/travel enrichment and simple labels may make this intentional
generic_catalog_details	poi_001391	Cooking range	cooking_range	3188	3352	0	Runtime shop/travel enrichment and simple labels may make this intentional
generic_catalog_details	poi_001392	Bank	bank	1416	3353	0	Runtime shop/travel enrichment and simple labels may make this intentional
generic_catalog_details	poi_001393	Water source	water_source	3038	3353	0	Runtime shop/travel enrichment and simple labels may make this intentional
generic_catalog_details	poi_001394	Cooking range	cooking_range	1379	3354	0	Runtime shop/travel enrichment and simple labels may make this intentional
generic_catalog_details	poi_001395	Pub/bar	bar	1393	3354	0	Runtime shop/travel enrichment and simple labels may make this intentional
generic_catalog_details	poi_001396	Poll booth	poll_booth	1419	3354	0	Runtime shop/travel enrichment and simple labels may make this intentional
generic_catalog_details	poi_001398	Bank	bank	3012	3354	0	Runtime shop/travel enrichment and simple labels may make this intentional
generic_catalog_details	poi_001399	Altar	altar	3605	3354	0	Runtime shop/travel enrichment and simple labels may make this intentional
generic_catalog_details	poi_001400	Cooking range	cooking_range	2643	3355	0	Runtime shop/travel enrichment and simple labels may make this intentional
generic_catalog_details	poi_001406	Poll booth	poll_booth	3019	3356	0	Runtime shop/travel enrichment and simple labels may make this intentional
generic_catalog_details	poi_001407	Cooking range	cooking_range	3052	3356	0	Runtime shop/travel enrichment and simple labels may make this intentional
generic_catalog_details	poi_001410	Cooking range	cooking_range	1382	3357	0	Runtime shop/travel enrichment and simple labels may make this intentional
generic_catalog_details	poi_001413	Tannery	tannery	1370	3358	0	Runtime shop/travel enrichment and simple labels may make this intentional
generic_catalog_details	poi_001415	Water source	water_source	1430	3359	0	Runtime shop/travel enrichment and simple labels may make this intentional
generic_catalog_details	poi_001417	Candle shop	candle_shop	3644	3359	0	Runtime shop/travel enrichment and simple labels may make this intentional
generic_catalog_details	poi_001419	Cooking range	cooking_range	3697	3360	0	Runtime shop/travel enrichment and simple labels may make this intentional
generic_catalog_details	poi_001420	Water source	water_source	1379	3361	0	Runtime shop/travel enrichment and simple labels may make this intentional
generic_catalog_details	poi_001422	Loom	loom	1369	3362	0	Runtime shop/travel enrichment and simple labels may make this intentional
generic_catalog_details	poi_001428	Cooking range	cooking_range	3657	3362	0	Runtime shop/travel enrichment and simple labels may make this intentional
generic_catalog_details	poi_001431	Anvil	anvil	3665	3363	0	Runtime shop/travel enrichment and simple labels may make this intentional
generic_catalog_details	poi_001433	Dairy churn	dairy_churn	2642	3364	0	Runtime shop/travel enrichment and simple labels may make this intentional
generic_catalog_details	poi_001434	Farming shop	farming_shop	2645	3364	0	Runtime shop/travel enrichment and simple labels may make this intentional
generic_catalog_details	poi_001438	Poll booth	poll_booth	3608	3366	0	Runtime shop/travel enrichment and simple labels may make this intentional
generic_catalog_details	poi_001439	Cooking range	cooking_range	2844	3367	0	Runtime shop/travel enrichment and simple labels may make this intentional
generic_catalog_details	poi_001440	Cooking range	cooking_range	3039	3367	0	Runtime shop/travel enrichment and simple labels may make this intentional
generic_catalog_details	poi_001441	Cooking range	cooking_range	3097	3367	0	Runtime shop/travel enrichment and simple labels may make this intentional
generic_catalog_details	poi_001443	Fishing spot	fishing_spot	1565	3368	0	Runtime shop/travel enrichment and simple labels may make this intentional
generic_catalog_details	poi_001444	Dummy	dummy	2510	3368	0	Runtime shop/travel enrichment and simple labels may make this intentional
generic_catalog_details	poi_001445	Bank	bank	2947	3368	0	Runtime shop/travel enrichment and simple labels may make this intentional
generic_catalog_details	poi_001446	Pub/bar	bar	2957	3368	0	Runtime shop/travel enrichment and simple labels may make this intentional
generic_catalog_details	poi_001447	Estate Agent	estate_agent	2983	3368	0	Runtime shop/travel enrichment and simple labels may make this intentional
generic_catalog_details	poi_001448	Cooking range	cooking_range	3664	3368	0	Runtime shop/travel enrichment and simple labels may make this intentional
generic_catalog_details	poi_001449	Sawmill	sawmill	1395	3369	0	Runtime shop/travel enrichment and simple labels may make this intentional
generic_catalog_details	poi_001450	Water source	water_source	2639	3369	0	Runtime shop/travel enrichment and simple labels may make this intentional
generic_catalog_details	poi_001451	Furnace	furnace	2976	3369	0	Runtime shop/travel enrichment and simple labels may make this intentional
generic_catalog_details	poi_001452	Bank	bank	3604	3369	0	Runtime shop/travel enrichment and simple labels may make this intentional
generic_catalog_details	poi_001453	Potters wheel	potters_wheel	3647	3369	0	Runtime shop/travel enrichment and simple labels may make this intentional
generic_catalog_details	poi_001455	Water source	water_source	2733	3370	0	Runtime shop/travel enrichment and simple labels may make this intentional
generic_catalog_details	poi_001457	Water source	water_source	3662	3370	0	Runtime shop/travel enrichment and simple labels may make this intentional
generic_catalog_details	poi_001458	Furnace	furnace	1377	3371	0	Runtime shop/travel enrichment and simple labels may make this intentional
generic_catalog_details	poi_001461	Poll booth	poll_booth	2944	3373	0	Runtime shop/travel enrichment and simple labels may make this intentional
generic_catalog_details	poi_001462	Garden supplier	garden_supplier	3018	3373	0	Runtime shop/travel enrichment and simple labels may make this intentional
generic_catalog_details	poi_001464	Minecart network	minecart_network	1369	3374	0	Runtime shop/travel enrichment and simple labels may make this intentional
generic_catalog_details	poi_001471	Cooking range	cooking_range	1422	3376	0	Runtime shop/travel enrichment and simple labels may make this intentional
generic_catalog_details	poi_001474	Cooking range	cooking_range	3666	3379	0	Runtime shop/travel enrichment and simple labels may make this intentional
generic_catalog_details	poi_001475	hairdresser	hairdresser	2945	3380	0	Runtime shop/travel enrichment and simple labels may make this intentional
generic_catalog_details	poi_001477	Agility short-cut	agility_short-cut	3564	3380	0	Runtime shop/travel enrichment and simple labels may make this intentional
generic_catalog_details	poi_001478	Clothes shop	clothes_shop	3602	3380	0	Runtime shop/travel enrichment and simple labels may make this intentional
generic_catalog_details	poi_001480	Altar	altar	3259	3381	0	Runtime shop/travel enrichment and simple labels may make this intentional
generic_catalog_details	poi_001483	Water source	water_source	2950	3382	0	Runtime shop/travel enrichment and simple labels may make this intentional
generic_catalog_details	poi_001484	Cooking range	cooking_range	3238	3382	0	Runtime shop/travel enrichment and simple labels may make this intentional
generic_catalog_details	poi_001485	Shield shop	shield_shop	2977	3383	0	Runtime shop/travel enrichment and simple labels may make this intentional
generic_catalog_details	poi_001487	Water source	water_source	3627	3383	0	Runtime shop/travel enrichment and simple labels may make this intentional
generic_catalog_details	poi_001488	Dungeon with map link	dungeon_link	2239	3384	0	Runtime shop/travel enrichment and simple labels may make this intentional
generic_catalog_details	poi_001489	Sword shop	sword_shop	2513	3384	0	Runtime shop/travel enrichment and simple labels may make this intentional
generic_catalog_details	poi_001490	Cooking range	cooking_range	3607	3384	0	Runtime shop/travel enrichment and simple labels may make this intentional
generic_catalog_details	poi_001491	Cooking range	cooking_range	3630	3384	0	Runtime shop/travel enrichment and simple labels may make this intentional
generic_catalog_details	poi_001492	Windmill	windmill	2632	3385	0	Runtime shop/travel enrichment and simple labels may make this intentional
generic_catalog_details	poi_001495	Water source	water_source	2394	3386	0	Runtime shop/travel enrichment and simple labels may make this intentional
generic_catalog_details	poi_001496	Mace shop	mace_shop	2950	3386	0	Runtime shop/travel enrichment and simple labels may make this intentional
generic_catalog_details	poi_001497	Water source	water_source	3646	3386	0	Runtime shop/travel enrichment and simple labels may make this intentional
generic_catalog_details	poi_001498	Minigame	minigame	3654	3386	0	Runtime shop/travel enrichment and simple labels may make this intentional
generic_catalog_details	poi_001500	Food shop	food_shop	3618	3387	0	Runtime shop/travel enrichment and simple labels may make this intentional
generic_catalog_details	poi_001501	Cooking range	cooking_range	3219	3388	0	Runtime shop/travel enrichment and simple labels may make this intentional
generic_catalog_details	poi_001502	Cooking range	cooking_range	3622	3388	0	Runtime shop/travel enrichment and simple labels may make this intentional
generic_catalog_details	poi_001503	General store	general_store	2956	3389	0	Runtime shop/travel enrichment and simple labels may make this intentional
generic_catalog_details	poi_001506	Pub/bar	bar	3268	3392	0	Runtime shop/travel enrichment and simple labels may make this intentional
generic_catalog_details	poi_001508	Pub/bar	bar	3600	3393	0	Runtime shop/travel enrichment and simple labels may make this intentional
generic_catalog_details	poi_001510	Water source	water_source	3609	3395	0	Runtime shop/travel enrichment and simple labels may make this intentional
generic_catalog_details	poi_001511	Water source	water_source	3618	3395	0	Runtime shop/travel enrichment and simple labels may make this intentional
generic_catalog_details	poi_001512	Cooking range	cooking_range	3622	3395	0	Runtime shop/travel enrichment and simple labels may make this intentional
generic_catalog_details	poi_001514	Water source	water_source	3323	3396	0	Runtime shop/travel enrichment and simple labels may make this intentional
generic_catalog_details	poi_001515	Cooking range	cooking_range	2616	3397	0	Runtime shop/travel enrichment and simple labels may make this intentional
generic_catalog_details	poi_001516	Water source	water_source	2678	3397	0	Runtime shop/travel enrichment and simple labels may make this intentional
generic_catalog_details	poi_001519	Pub/bar	bar	3226	3397	0	Runtime shop/travel enrichment and simple labels may make this intentional
generic_catalog_details	poi_001520	Spinning wheel	spinning_wheel	2475	3398	0	Runtime shop/travel enrichment and simple labels may make this intentional
generic_catalog_details	poi_001521	Cooking range	cooking_range	3247	3398	0	Runtime shop/travel enrichment and simple labels may make this intentional
generic_catalog_details	poi_001522	Clothes shop	clothes_shop	3281	3398	0	Runtime shop/travel enrichment and simple labels may make this intentional
generic_catalog_details	poi_001523	Water source	water_source	2202	3399	0	Runtime shop/travel enrichment and simple labels may make this intentional
generic_catalog_details	poi_001524	Sword shop	sword_shop	3206	3399	0	Runtime shop/travel enrichment and simple labels may make this intentional
generic_catalog_details	poi_001527	Spinning wheel	spinning_wheel	2487	3401	0	Runtime shop/travel enrichment and simple labels may make this intentional
generic_catalog_details	poi_001528	Fishing shop	fishing_shop	2595	3401	0	Runtime shop/travel enrichment and simple labels may make this intentional
generic_catalog_details	poi_001530	Cooking range	cooking_range	2205	3403	0	Runtime shop/travel enrichment and simple labels may make this intentional
generic_catalog_details	poi_001531	Apothecary	apothecary	3195	3403	0	Runtime shop/travel enrichment and simple labels may make this intentional
generic_catalog_details	poi_001532	Cooking range	cooking_range	3237	3403	0	Runtime shop/travel enrichment and simple labels may make this intentional
generic_catalog_details	poi_001533	Magic shop	magic_shop	3253	3403	0	Runtime shop/travel enrichment and simple labels may make this intentional
generic_catalog_details	poi_001535	Anvil	anvil	3247	3404	0	Runtime shop/travel enrichment and simple labels may make this intentional
generic_catalog_details	poi_001538	Cooking range	cooking_range	2706	3405	0	Runtime shop/travel enrichment and simple labels may make this intentional
generic_catalog_details	poi_001540	Water source	water_source	3270	3407	0	Runtime shop/travel enrichment and simple labels may make this intentional
generic_catalog_details	poi_001545	Poll booth	poll_booth	2590	3409	0	Runtime shop/travel enrichment and simple labels may make this intentional
generic_catalog_details	poi_001546	Potters wheel	potters_wheel	3085	3409	0	Runtime shop/travel enrichment and simple labels may make this intentional
generic_catalog_details	poi_001549	Cooking range	cooking_range	3238	3409	0	Runtime shop/travel enrichment and simple labels may make this intentional
generic_catalog_details	poi_001552	Spinning wheel	spinning_wheel	2488	3410	0	Runtime shop/travel enrichment and simple labels may make this intentional
generic_catalog_details	poi_001553	Cooking range	cooking_range	3156	3410	0	Runtime shop/travel enrichment and simple labels may make this intentional
generic_catalog_details	poi_001555	Windmill	windmill	2198	3411	0	Runtime shop/travel enrichment and simple labels may make this intentional
generic_catalog_details	poi_001556	Cooking range	cooking_range	2210	3411	0	Runtime shop/travel enrichment and simple labels may make this intentional
generic_catalog_details	poi_001558	Anvil	anvil	3081	3411	0	Runtime shop/travel enrichment and simple labels may make this intentional
generic_catalog_details	poi_001564	Tea trader	tea_trader	3271	3413	0	Runtime shop/travel enrichment and simple labels may make this intentional
generic_catalog_details	poi_001573	General store	general_store	3216	3415	0	Runtime shop/travel enrichment and simple labels may make this intentional
generic_catalog_details	poi_001576	Clothes shop	clothes_shop	3203	3416	0	Runtime shop/travel enrichment and simple labels may make this intentional
generic_catalog_details	poi_001578	Water source	water_source	2443	3417	0	Runtime shop/travel enrichment and simple labels may make this intentional
generic_catalog_details	poi_001580	Anvil	anvil	2637	3417	0	Runtime shop/travel enrichment and simple labels may make this intentional
generic_catalog_details	poi_001584	Dairy cow	dairy_cow	2197	3420	0	Runtime shop/travel enrichment and simple labels may make this intentional
generic_catalog_details	poi_001586	Bank	bank	2584	3420	0	Runtime shop/travel enrichment and simple labels may make this intentional
generic_catalog_details	poi_001588	Bank	bank	3254	3420	0	Runtime shop/travel enrichment and simple labels may make this intentional
generic_catalog_details	poi_001589	Bank	bank	1513	3421	0	Runtime shop/travel enrichment and simple labels may make this intentional
generic_catalog_details	poi_001594	Poll booth	poll_booth	1508	3423	0	Runtime shop/travel enrichment and simple labels may make this intentional
generic_catalog_details	poi_001598	Smithing Tutor	smithing_tutor	3186	3423	0	Runtime shop/travel enrichment and simple labels may make this intentional
generic_catalog_details	poi_001600	Archery shop	archery_shop	3233	3423	0	Runtime shop/travel enrichment and simple labels may make this intentional
generic_catalog_details	poi_001601	Poll booth	poll_booth	3251	3423	0	Runtime shop/travel enrichment and simple labels may make this intentional
generic_catalog_details	poi_001603	Slayer Master	slayer_master	2432	3424	0	Runtime shop/travel enrichment and simple labels may make this intentional
generic_catalog_details	poi_001604	Bank	bank	2447	3424	0	Runtime shop/travel enrichment and simple labels may make this intentional
generic_catalog_details	poi_001608	Transportation	transportation	2218	3425	0	Runtime shop/travel enrichment and simple labels may make this intentional
generic_catalog_details	poi_001610	Noticeboard	noticeboard	3220	3425	0	Runtime shop/travel enrichment and simple labels may make this intentional
generic_catalog_details	poi_001611	Water source	water_source	1502	3426	0	Runtime shop/travel enrichment and simple labels may make this intentional
generic_catalog_details	poi_001614	Cooking range	cooking_range	1890	3427	0	Runtime shop/travel enrichment and simple labels may make this intentional
generic_catalog_details	poi_001616	Altar	altar	2284	3427	0	Runtime shop/travel enrichment and simple labels may make this intentional
generic_catalog_details	poi_001618	Cooking range	cooking_range	3160	3427	0	Runtime shop/travel enrichment and simple labels may make this intentional
generic_catalog_details	poi_001619	Anvil	anvil	3188	3427	0	Runtime shop/travel enrichment and simple labels may make this intentional
generic_catalog_details	poi_001620	Water source	water_source	3211	3427	0	Runtime shop/travel enrichment and simple labels may make this intentional
generic_catalog_details	poi_001623	Herbalist	herbalist	2896	3428	0	Runtime shop/travel enrichment and simple labels may make this intentional
generic_catalog_details	poi_001629	Helmet shop	helmet_shop	3074	3429	0	Runtime shop/travel enrichment and simple labels may make this intentional
generic_catalog_details	poi_001632	Spinning wheel	spinning_wheel	3081	3430	0	Runtime shop/travel enrichment and simple labels may make this intentional
generic_catalog_details	poi_001639	Poll booth	poll_booth	2444	3432	0	Runtime shop/travel enrichment and simple labels may make this intentional
generic_catalog_details	poi_001640	Cooking range	cooking_range	2637	3432	0	Runtime shop/travel enrichment and simple labels may make this intentional
generic_catalog_details	poi_001641	General store	general_store	2803	3432	0	Runtime shop/travel enrichment and simple labels may make this intentional
generic_catalog_details	poi_001643	Newspaper trader	newspaper_trader	3221	3432	0	Runtime shop/travel enrichment and simple labels may make this intentional
generic_catalog_details	poi_001644	Tannery	tannery	2677	3433	0	Runtime shop/travel enrichment and simple labels may make this intentional
generic_catalog_details	poi_001647	Water source	water_source	3238	3434	0	Runtime shop/travel enrichment and simple labels may make this intentional
generic_catalog_details	poi_001650	Agility short-cut	agility_short-cut	2841	3435	0	Runtime shop/travel enrichment and simple labels may make this intentional
generic_catalog_details	poi_001651	Anvil	anvil	3228	3435	0	Runtime shop/travel enrichment and simple labels may make this intentional
generic_catalog_details	poi_001652	Dummy	dummy	3255	3435	0	Runtime shop/travel enrichment and simple labels may make this intentional
generic_catalog_details	poi_001658	Fur trader	fur_trader	3217	3436	0	Runtime shop/travel enrichment and simple labels may make this intentional
generic_catalog_details	poi_001659	Staff shop	staff_shop	3203	3437	0	Runtime shop/travel enrichment and simple labels may make this intentional
generic_catalog_details	poi_001660	Poll booth	poll_booth	3180	3438	0	Runtime shop/travel enrichment and simple labels may make this intentional
generic_catalog_details	poi_001663	Candle shop	candle_shop	2800	3439	0	Runtime shop/travel enrichment and simple labels may make this intentional
generic_catalog_details	poi_001664	Poll booth	poll_booth	2812	3439	0	Runtime shop/travel enrichment and simple labels may make this intentional
generic_catalog_details	poi_001666	Platebody shop	platebody_shop	3229	3440	0	Runtime shop/travel enrichment and simple labels may make this intentional
generic_catalog_details	poi_001667	Water source	water_source	2830	3441	0	Runtime shop/travel enrichment and simple labels may make this intentional
generic_catalog_details	poi_001668	Water source	water_source	2891	3441	0	Runtime shop/travel enrichment and simple labels may make this intentional
generic_catalog_details	poi_001669	Pub/bar	bar	3079	3441	0	Runtime shop/travel enrichment and simple labels may make this intentional
generic_catalog_details	poi_001670	Bank	bank	3186	3441	0	Runtime shop/travel enrichment and simple labels may make this intentional
generic_catalog_details	poi_001671	Cooking range	cooking_range	1514	3442	0	Runtime shop/travel enrichment and simple labels may make this intentional
generic_catalog_details	poi_001672	Bank	bank	2808	3442	0	Runtime shop/travel enrichment and simple labels may make this intentional
generic_catalog_details	poi_001673	Archery shop	archery_shop	2823	3442	0	Runtime shop/travel enrichment and simple labels may make this intentional
generic_catalog_details	poi_001674	Water source	water_source	1517	3443	0	Runtime shop/travel enrichment and simple labels may make this intentional
generic_catalog_details	poi_001676	Fishing shop	fishing_shop	2833	3443	0	Runtime shop/travel enrichment and simple labels may make this intentional
generic_catalog_details	poi_001681	Cooking range	cooking_range	2818	3444	0	Runtime shop/travel enrichment and simple labels may make this intentional
generic_catalog_details	poi_001686	Cookery shop	cookery_shop	3142	3446	0	Runtime shop/travel enrichment and simple labels may make this intentional
generic_catalog_details	poi_001687	Bank	bank	3148	3447	0	Runtime shop/travel enrichment and simple labels may make this intentional
generic_catalog_details	poi_001689	Poll booth	poll_booth	2915	3448	0	Runtime shop/travel enrichment and simple labels may make this intentional
generic_catalog_details	poi_001694	Water source	water_source	2819	3449	0	Runtime shop/travel enrichment and simple labels may make this intentional
generic_catalog_details	poi_001695	Water source	water_source	3138	3449	0	Runtime shop/travel enrichment and simple labels may make this intentional
generic_catalog_details	poi_001696	Sword shop	sword_shop	2885	3450	0	Runtime shop/travel enrichment and simple labels may make this intentional
generic_catalog_details	poi_001702	Anvil	anvil	2950	3451	0	Runtime shop/travel enrichment and simple labels may make this intentional
generic_catalog_details	poi_001703	Windmill	windmill	3142	3451	0	Runtime shop/travel enrichment and simple labels may make this intentional
generic_catalog_details	poi_001709	Cooking range	cooking_range	3147	3454	0	Runtime shop/travel enrichment and simple labels may make this intentional
generic_catalog_details	poi_001711	Cooking range	cooking_range	2819	3455	0	Runtime shop/travel enrichment and simple labels may make this intentional
generic_catalog_details	poi_001718	Task Master	task_master	2466	3459	0	Runtime shop/travel enrichment and simple labels may make this intentional
generic_catalog_details	poi_001720	Altar	altar	2694	3460	0	Runtime shop/travel enrichment and simple labels may make this intentional
generic_catalog_details	poi_001722	Port task board	noticeboard	1725	3461	0	Runtime shop/travel enrichment and simple labels may make this intentional
generic_catalog_details	poi_001724	Bond Tutor	bond_tutor	3170	3461	0	Runtime shop/travel enrichment and simple labels may make this intentional
generic_catalog_details	poi_001726	Poll booth	poll_booth	3693	3461	0	Runtime shop/travel enrichment and simple labels may make this intentional
generic_catalog_details	poi_001728	Farming shop	farming_shop	2820	3462	0	Runtime shop/travel enrichment and simple labels may make this intentional
generic_catalog_details	poi_001729	hairdresser	hairdresser	3256	3462	0	Runtime shop/travel enrichment and simple labels may make this intentional
generic_catalog_details	poi_001730	Water source	water_source	3207	3463	0	Runtime shop/travel enrichment and simple labels may make this intentional
generic_catalog_details	poi_001731	Water source	water_source	3218	3463	0	Runtime shop/travel enrichment and simple labels may make this intentional
generic_catalog_details	poi_001734	Bank	bank	1717	3464	0	Runtime shop/travel enrichment and simple labels may make this intentional
generic_catalog_details	poi_001739	Canoe station	canoe_station	2713	3466	0	Runtime shop/travel enrichment and simple labels may make this intentional
generic_catalog_details	poi_001741	Cooking range	cooking_range	3675	3467	0	Runtime shop/travel enrichment and simple labels may make this intentional
generic_catalog_details	poi_001742	Bank	bank	3689	3467	0	Runtime shop/travel enrichment and simple labels may make this intentional
generic_catalog_details	poi_001743	Shipwright	shipwright	1726	3468	0	Runtime shop/travel enrichment and simple labels may make this intentional
generic_catalog_details	poi_001744	Transportation	transportation	2228	3468	0	Runtime shop/travel enrichment and simple labels may make this intentional
generic_catalog_details	poi_001748	Pub/bar	bar	3497	3469	0	Runtime shop/travel enrichment and simple labels may make this intentional
generic_catalog_details	poi_001750	Water source	water_source	3190	3470	0	Runtime shop/travel enrichment and simple labels may make this intentional
generic_catalog_details	poi_001758	Water source	water_source	2699	3473	0	Runtime shop/travel enrichment and simple labels may make this intentional
generic_catalog_details	poi_001760	Hot air balloon	hot_air_balloon	3182	3473	0	Runtime shop/travel enrichment and simple labels may make this intentional
generic_catalog_details	poi_001765	General store	general_store	3658	3474	0	Runtime shop/travel enrichment and simple labels may make this intentional
generic_catalog_details	poi_001766	Bank	bank	1589	3475	0	Runtime shop/travel enrichment and simple labels may make this intentional
generic_catalog_details	poi_001769	Cooking range	cooking_range	2716	3476	0	Runtime shop/travel enrichment and simple labels may make this intentional
generic_catalog_details	poi_001770	Task Master	task_master	2759	3476	0	Runtime shop/travel enrichment and simple labels may make this intentional
generic_catalog_details	poi_001771	Estate Agent	estate_agent	3240	3476	0	Runtime shop/travel enrichment and simple labels may make this intentional
generic_catalog_details	poi_001774	Canoe station	canoe_station	3097	3477	0	Runtime shop/travel enrichment and simple labels may make this intentional
generic_catalog_details	poi_001779	Noticeboard	noticeboard	2728	3478	0	Runtime shop/travel enrichment and simple labels may make this intentional
generic_catalog_details	poi_001782	Water source	water_source	2761	3479	0	Runtime shop/travel enrichment and simple labels may make this intentional
generic_catalog_details	poi_001783	Water source	water_source	2766	3479	0	Runtime shop/travel enrichment and simple labels may make this intentional
generic_catalog_details	poi_001784	Water source	water_source	2771	3479	0	Runtime shop/travel enrichment and simple labels may make this intentional
generic_catalog_details	poi_001785	Furnace	furnace	3688	3479	0	Runtime shop/travel enrichment and simple labels may make this intentional
generic_catalog_details	poi_001786	Poll booth	poll_booth	1593	3480	0	Runtime shop/travel enrichment and simple labels may make this intentional
generic_catalog_details	poi_001797	Altar	altar	2926	3484	0	Runtime shop/travel enrichment and simple labels may make this intentional
generic_catalog_details	poi_001798	Agility short-cut	agility_short-cut	2999	3484	0	Runtime shop/travel enrichment and simple labels may make this intentional
generic_catalog_details	poi_001799	Altar	altar	3254	3484	0	Runtime shop/travel enrichment and simple labels may make this intentional
generic_catalog_details	poi_001801	Water source	water_source	1823	3485	0	Runtime shop/travel enrichment and simple labels may make this intentional
generic_catalog_details	poi_001803	Water source	water_source	2750	3486	0	Runtime shop/travel enrichment and simple labels may make this intentional
generic_catalog_details	poi_001804	Water source	water_source	2767	3486	0	Runtime shop/travel enrichment and simple labels may make this intentional
generic_catalog_details	poi_001812	Poll booth	poll_booth	3092	3488	0	Runtime shop/travel enrichment and simple labels may make this intentional
generic_catalog_details	poi_001813	Pub/bar	bar	3277	3488	0	Runtime shop/travel enrichment and simple labels may make this intentional
generic_catalog_details	poi_001814	Cooking range	cooking_range	3286	3488	0	Runtime shop/travel enrichment and simple labels may make this intentional
generic_catalog_details	poi_001816	Pub/bar	bar	2691	3489	0	Runtime shop/travel enrichment and simple labels may make this intentional
generic_catalog_details	poi_001817	Water source	water_source	3051	3489	0	Runtime shop/travel enrichment and simple labels may make this intentional
generic_catalog_details	poi_001818	Water source	water_source	3077	3489	0	Runtime shop/travel enrichment and simple labels may make this intentional
generic_catalog_details	poi_001819	Altar	altar	3416	3489	0	Runtime shop/travel enrichment and simple labels may make this intentional
generic_catalog_details	poi_001824	Anvil	anvil	2709	3491	0	Runtime shop/travel enrichment and simple labels may make this intentional
generic_catalog_details	poi_001825	Poll booth	poll_booth	2721	3492	0	Runtime shop/travel enrichment and simple labels may make this intentional
generic_catalog_details	poi_001829	Pub/bar	bar	3680	3493	0	Runtime shop/travel enrichment and simple labels may make this intentional
generic_catalog_details	poi_001832	Bank	bank	2726	3494	0	Runtime shop/travel enrichment and simple labels may make this intentional
generic_catalog_details	poi_001833	Bank	bank	3094	3494	0	Runtime shop/travel enrichment and simple labels may make this intentional
generic_catalog_details	poi_001835	Sawmill	sawmill	3301	3494	0	Runtime shop/travel enrichment and simple labels may make this intentional
generic_catalog_details	poi_001838	General store	general_store	3476	3495	0	Runtime shop/travel enrichment and simple labels may make this intentional
generic_catalog_details	poi_001842	Cooking range	cooking_range	3077	3496	0	Runtime shop/travel enrichment and simple labels may make this intentional
generic_catalog_details	poi_001843	Water source	water_source	3224	3496	0	Runtime shop/travel enrichment and simple labels may make this intentional
generic_catalog_details	poi_001844	Tannery	tannery	3488	3496	0	Runtime shop/travel enrichment and simple labels may make this intentional
generic_catalog_details	poi_001846	Cooking range	cooking_range	3221	3497	0	Runtime shop/travel enrichment and simple labels may make this intentional
generic_catalog_details	poi_001849	Water source	water_source	2757	3498	0	Runtime shop/travel enrichment and simple labels may make this intentional
generic_catalog_details	poi_001854	Furnace	furnace	3109	3499	0	Runtime shop/travel enrichment and simple labels may make this intentional
generic_catalog_details	poi_001855	Brewery	brewery	3681	3499	0	Runtime shop/travel enrichment and simple labels may make this intentional
generic_catalog_details	poi_001856	Sawmill	sawmill	1621	3500	0	Runtime shop/travel enrichment and simple labels may make this intentional
generic_catalog_details	poi_001857	Axe shop	axe_shop	1653	3500	0	Runtime shop/travel enrichment and simple labels may make this intentional
generic_catalog_details	poi_001858	Altar	altar	1743	3500	0	Runtime shop/travel enrichment and simple labels may make this intentional
generic_catalog_details	poi_001859	Water source	water_source	1808	3500	0	Runtime shop/travel enrichment and simple labels may make this intentional
generic_catalog_details	poi_001865	Water source	water_source	1835	3502	0	Runtime shop/travel enrichment and simple labels may make this intentional
generic_catalog_details	poi_001866	Estate Agent	estate_agent	2739	3502	0	Runtime shop/travel enrichment and simple labels may make this intentional
generic_catalog_details	poi_001867	Water source	water_source	3084	3502	0	Runtime shop/travel enrichment and simple labels may make this intentional
generic_catalog_details	poi_001875	Bounty Hunter Store	bounty_hunter_store	3096	3506	0	Runtime shop/travel enrichment and simple labels may make this intentional
generic_catalog_details	poi_001879	Bounty Hunter Store	bounty_hunter_store	3163	3507	0	Runtime shop/travel enrichment and simple labels may make this intentional
generic_catalog_details	poi_001886	General store	general_store	3080	3509	0	Runtime shop/travel enrichment and simple labels may make this intentional
generic_catalog_details	poi_001888	Slayer Master	slayer_master	3511	3509	0	Runtime shop/travel enrichment and simple labels may make this intentional
generic_catalog_details	poi_001897	Altar	altar	2933	3513	0	Runtime shop/travel enrichment and simple labels may make this intentional
generic_catalog_details	poi_001898	Altar	altar	1614	3514	0	Runtime shop/travel enrichment and simple labels may make this intentional
generic_catalog_details	poi_001904	Water source	water_source	1822	3516	0	Runtime shop/travel enrichment and simple labels may make this intentional
generic_catalog_details	poi_001906	Water source	water_source	2772	3516	0	Runtime shop/travel enrichment and simple labels may make this intentional
generic_catalog_details	poi_001908	Slayer Master	slayer_master	3109	3516	0	Runtime shop/travel enrichment and simple labels may make this intentional
generic_catalog_details	poi_001909	House/POH portal	house_portal	1741	3517	0	Runtime shop/travel enrichment and simple labels may make this intentional
generic_catalog_details	poi_001910	Task Master	task_master	3121	3517	0	Runtime shop/travel enrichment and simple labels may make this intentional
generic_catalog_details	poi_001914	Dungeon	dungeon	1788	3522	0	Runtime shop/travel enrichment and simple labels may make this intentional
generic_catalog_details	poi_001920	Cooking range	cooking_range	1786	3525	0	Runtime shop/travel enrichment and simple labels may make this intentional
generic_catalog_details	poi_001921	Farming shop	farming_shop	3628	3525	0	Runtime shop/travel enrichment and simple labels may make this intentional
generic_catalog_details	poi_001923	Water source	water_source	1789	3526	0	Runtime shop/travel enrichment and simple labels may make this intentional
generic_catalog_details	poi_001926	Water source	water_source	3588	3529	0	Runtime shop/travel enrichment and simple labels may make this intentional
generic_catalog_details	poi_001929	Loom	loom	1753	3532	0	Runtime shop/travel enrichment and simple labels may make this intentional
generic_catalog_details	poi_001930	Agility short-cut	agility_short-cut	3443	3532	0	Runtime shop/travel enrichment and simple labels may make this intentional
generic_catalog_details	poi_001932	Dummy	dummy	2901	3533	0	Runtime shop/travel enrichment and simple labels may make this intentional
generic_catalog_details	poi_001933	Agility short-cut	agility_short-cut	3418	3533	0	Runtime shop/travel enrichment and simple labels may make this intentional
generic_catalog_details	poi_001934	Water source	water_source	1711	3535	0	Runtime shop/travel enrichment and simple labels may make this intentional
generic_catalog_details	poi_001937	Dairy churn	dairy_churn	1747	3536	0	Runtime shop/travel enrichment and simple labels may make this intentional
generic_catalog_details	poi_001938	Slayer Master	slayer_master	2931	3536	0	Runtime shop/travel enrichment and simple labels may make this intentional
generic_catalog_details	poi_001942	Dungeon with map link	dungeon_link	3681	3537	0	Runtime shop/travel enrichment and simple labels may make this intentional
generic_catalog_details	poi_001947	Clothes shop	clothes_shop	2792	3540	0	Runtime shop/travel enrichment and simple labels may make this intentional
generic_catalog_details	poi_001949	Water source	water_source	1541	3541	0	Runtime shop/travel enrichment and simple labels may make this intentional
generic_catalog_details	poi_001952	Cooking range	cooking_range	1530	3542	0	Runtime shop/travel enrichment and simple labels may make this intentional
generic_catalog_details	poi_001954	Windmill	windmill	1732	3542	0	Runtime shop/travel enrichment and simple labels may make this intentional
generic_catalog_details	poi_001956	Bank	bank	2841	3542	0	Runtime shop/travel enrichment and simple labels may make this intentional
generic_catalog_details	poi_001957	Pub/bar	bar	2912	3542	0	Runtime shop/travel enrichment and simple labels may make this intentional
generic_catalog_details	poi_001958	Cooking range	cooking_range	1538	3543	0	Runtime shop/travel enrichment and simple labels may make this intentional
generic_catalog_details	poi_001960	Sword shop	sword_shop	1567	3545	0	Runtime shop/travel enrichment and simple labels may make this intentional
generic_catalog_details	poi_001964	Hot air balloon	hot_air_balloon	2881	3546	0	Runtime shop/travel enrichment and simple labels may make this intentional
generic_catalog_details	poi_001965	General store	general_store	2927	3546	0	Runtime shop/travel enrichment and simple labels may make this intentional
generic_catalog_details	poi_001967	Water source	water_source	2920	3548	0	Runtime shop/travel enrichment and simple labels may make this intentional
generic_catalog_details	poi_001971	Agility short-cut	agility_short-cut	1721	3551	0	Runtime shop/travel enrichment and simple labels may make this intentional
generic_catalog_details	poi_001975	Food shop	food_shop	2839	3552	0	Runtime shop/travel enrichment and simple labels may make this intentional
generic_catalog_details	poi_001976	Water source	water_source	1466	3553	0	Runtime shop/travel enrichment and simple labels may make this intentional
generic_catalog_details	poi_001977	Water source	water_source	1569	3553	0	Runtime shop/travel enrichment and simple labels may make this intentional
generic_catalog_details	poi_001978	Apothecary	apothecary	2846	3553	0	Runtime shop/travel enrichment and simple labels may make this intentional
generic_catalog_details	poi_001979	Cooking range	cooking_range	1572	3554	0	Runtime shop/travel enrichment and simple labels may make this intentional
generic_catalog_details	poi_001981	Water source	water_source	1821	3554	0	Runtime shop/travel enrichment and simple labels may make this intentional
generic_catalog_details	poi_001983	Archery shop	archery_shop	1540	3556	0	Runtime shop/travel enrichment and simple labels may make this intentional
generic_catalog_details	poi_001985	Water source	water_source	2894	3556	0	Runtime shop/travel enrichment and simple labels may make this intentional
generic_catalog_details	poi_001988	Raids Lobby	raids_lobby	1233	3558	0	Runtime shop/travel enrichment and simple labels may make this intentional
generic_catalog_details	poi_001989	Water source	water_source	1466	3558	0	Runtime shop/travel enrichment and simple labels may make this intentional
generic_catalog_details	poi_001994	Water source	water_source	1550	3560	0	Runtime shop/travel enrichment and simple labels may make this intentional
generic_catalog_details	poi_001995	Dairy cow	dairy_cow	2738	3560	0	Runtime shop/travel enrichment and simple labels may make this intentional
generic_catalog_details	poi_001997	Poll booth	poll_booth	2539	3561	0	Runtime shop/travel enrichment and simple labels may make this intentional
generic_catalog_details	poi_001998	Water source	water_source	2922	3561	0	Runtime shop/travel enrichment and simple labels may make this intentional
generic_catalog_details	poi_002000	Altar	altar	1497	3562	0	Runtime shop/travel enrichment and simple labels may make this intentional
generic_catalog_details	poi_002003	Water source	water_source	1281	3563	0	Runtime shop/travel enrichment and simple labels may make this intentional
generic_catalog_details	poi_002004	Cooking range	cooking_range	1776	3563	0	Runtime shop/travel enrichment and simple labels may make this intentional
generic_catalog_details	poi_002005	Water source	water_source	2747	3563	0	Runtime shop/travel enrichment and simple labels may make this intentional
generic_catalog_details	poi_002009	Water source	water_source	1762	3566	0	Runtime shop/travel enrichment and simple labels may make this intentional
generic_catalog_details	poi_002010	Pub/bar	bar	1551	3567	0	Runtime shop/travel enrichment and simple labels may make this intentional
generic_catalog_details	poi_002012	Water source	water_source	1772	3567	0	Runtime shop/travel enrichment and simple labels may make this intentional
generic_catalog_details	poi_002013	Bank	bank	1809	3567	0	Runtime shop/travel enrichment and simple labels may make this intentional
generic_catalog_details	poi_002014	Water source	water_source	2929	3567	0	Runtime shop/travel enrichment and simple labels may make this intentional
generic_catalog_details	poi_002015	Water source	water_source	1562	3568	0	Runtime shop/travel enrichment and simple labels may make this intentional
generic_catalog_details	poi_002016	Poll booth	poll_booth	1261	3569	0	Runtime shop/travel enrichment and simple labels may make this intentional
generic_catalog_details	poi_002021	Bank	bank	1251	3570	0	Runtime shop/travel enrichment and simple labels may make this intentional
generic_catalog_details	poi_002023	Water source	water_source	1558	3570	0	Runtime shop/travel enrichment and simple labels may make this intentional
generic_catalog_details	poi_002024	Chainmail shop	chainmail_shop	1565	3570	0	Runtime shop/travel enrichment and simple labels may make this intentional
generic_catalog_details	poi_002026	Water source	water_source	1640	3570	0	Runtime shop/travel enrichment and simple labels may make this intentional
generic_catalog_details	poi_002027	Spinning wheel	spinning_wheel	1651	3570	0	Runtime shop/travel enrichment and simple labels may make this intentional
generic_catalog_details	poi_002030	Cooking range	cooking_range	1637	3571	0	Runtime shop/travel enrichment and simple labels may make this intentional
generic_catalog_details	poi_002034	Anvil	anvil	1562	3573	0	Runtime shop/travel enrichment and simple labels may make this intentional
generic_catalog_details	poi_002035	Anvil	anvil	2918	3573	0	Runtime shop/travel enrichment and simple labels may make this intentional
generic_catalog_details	poi_002038	Altar	altar	1732	3574	0	Runtime shop/travel enrichment and simple labels may make this intentional
generic_catalog_details	poi_002039	Bank	bank	2537	3574	0	Runtime shop/travel enrichment and simple labels may make this intentional
generic_catalog_details	poi_002041	Water source	water_source	1762	3576	0	Runtime shop/travel enrichment and simple labels may make this intentional
generic_catalog_details	poi_002042	Cooking range	cooking_range	1535	3578	0	Runtime shop/travel enrichment and simple labels may make this intentional
generic_catalog_details	poi_002044	Dairy churn	dairy_churn	2730	3579	0	Runtime shop/travel enrichment and simple labels may make this intentional
generic_catalog_details	poi_002045	Dungeon	dungeon	2858	3579	0	Runtime shop/travel enrichment and simple labels may make this intentional
generic_catalog_details	poi_002046	Water source	water_source	2733	3580	0	Runtime shop/travel enrichment and simple labels may make this intentional
generic_catalog_details	poi_002048	Water source	water_source	1534	3582	0	Runtime shop/travel enrichment and simple labels may make this intentional
generic_catalog_details	poi_002049	Cooking range	cooking_range	2734	3582	0	Runtime shop/travel enrichment and simple labels may make this intentional
generic_catalog_details	poi_002052	General store	general_store	1773	3588	0	Runtime shop/travel enrichment and simple labels may make this intentional
generic_catalog_details	poi_002054	Water source	water_source	1497	3590	0	Runtime shop/travel enrichment and simple labels may make this intentional
generic_catalog_details	poi_002056	Bank	bank	1487	3591	0	Runtime shop/travel enrichment and simple labels may make this intentional
generic_catalog_details	poi_002057	General store	general_store	1519	3591	0	Runtime shop/travel enrichment and simple labels may make this intentional
generic_catalog_details	poi_002059	Clothes shop	clothes_shop	1512	3592	0	Runtime shop/travel enrichment and simple labels may make this intentional
generic_catalog_details	poi_002060	Water source	water_source	1776	3593	0	Runtime shop/travel enrichment and simple labels may make this intentional
generic_catalog_details	poi_002061	Farming shop	farming_shop	1763	3594	0	Runtime shop/travel enrichment and simple labels may make this intentional
generic_catalog_details	poi_002062	Water source	water_source	1786	3594	0	Runtime shop/travel enrichment and simple labels may make this intentional
generic_catalog_details	poi_002064	Poll booth	poll_booth	1488	3595	0	Runtime shop/travel enrichment and simple labels may make this intentional
generic_catalog_details	poi_002066	Poll booth	poll_booth	1749	3596	0	Runtime shop/travel enrichment and simple labels may make this intentional
generic_catalog_details	poi_002068	Water source	water_source	1669	3600	0	Runtime shop/travel enrichment and simple labels may make this intentional
generic_catalog_details	poi_002069	Bank	bank	1747	3600	0	Runtime shop/travel enrichment and simple labels may make this intentional
generic_catalog_details	poi_002070	Vegetable store	vegetable_store	1767	3600	0	Runtime shop/travel enrichment and simple labels may make this intentional
generic_catalog_details	poi_002074	Altar	altar	3239	3608	0	Runtime shop/travel enrichment and simple labels may make this intentional
generic_catalog_details	poi_002075	Water source	water_source	1738	3610	0	Runtime shop/travel enrichment and simple labels may make this intentional
generic_catalog_details	poi_002076	Water source	water_source	1802	3610	0	Runtime shop/travel enrichment and simple labels may make this intentional
generic_catalog_details	poi_002081	Cooking range	cooking_range	1802	3612	0	Runtime shop/travel enrichment and simple labels may make this intentional
generic_catalog_details	poi_002082	Cooking range	cooking_range	1738	3613	0	Runtime shop/travel enrichment and simple labels may make this intentional
generic_catalog_details	poi_002083	Water source	water_source	1429	3614	0	Runtime shop/travel enrichment and simple labels may make this intentional
generic_catalog_details	poi_002085	Bank	bank	1675	3615	0	Runtime shop/travel enrichment and simple labels may make this intentional
generic_catalog_details	poi_002087	Water source	water_source	1524	3616	0	Runtime shop/travel enrichment and simple labels may make this intentional
generic_catalog_details	poi_002088	Water source	water_source	1677	3616	0	Runtime shop/travel enrichment and simple labels may make this intentional
generic_catalog_details	poi_002089	Pub/bar	bar	1743	3616	0	Runtime shop/travel enrichment and simple labels may make this intentional
generic_catalog_details	poi_002092	Water source	water_source	1777	3620	0	Runtime shop/travel enrichment and simple labels may make this intentional
generic_catalog_details	poi_002093	Altar	altar	1310	3621	0	Runtime shop/travel enrichment and simple labels may make this intentional
generic_catalog_details	poi_002094	Water source	water_source	1512	3621	0	Runtime shop/travel enrichment and simple labels may make this intentional
generic_catalog_details	poi_002095	Cooking range	cooking_range	1680	3622	0	Runtime shop/travel enrichment and simple labels may make this intentional
generic_catalog_details	poi_002096	Water source	water_source	1763	3622	0	Runtime shop/travel enrichment and simple labels may make this intentional
generic_catalog_details	poi_002098	Minigame	minigame	3138	3622	0	Runtime shop/travel enrichment and simple labels may make this intentional
generic_catalog_details	poi_002101	Poll booth	poll_booth	3131	3626	0	Runtime shop/travel enrichment and simple labels may make this intentional
generic_catalog_details	poi_002102	Altar	altar	3177	3626	0	Runtime shop/travel enrichment and simple labels may make this intentional
generic_catalog_details	poi_002103	Cooking range	cooking_range	1648	3627	0	Runtime shop/travel enrichment and simple labels may make this intentional
generic_catalog_details	poi_002105	Water source	water_source	1644	3628	0	Runtime shop/travel enrichment and simple labels may make this intentional
generic_catalog_details	poi_002107	Estate Agent	estate_agent	1778	3629	0	Runtime shop/travel enrichment and simple labels may make this intentional
generic_catalog_details	poi_002108	House/POH portal	house_portal	2670	3630	0	Runtime shop/travel enrichment and simple labels may make this intentional
generic_catalog_details	poi_002109	Bank	bank	3133	3630	0	Runtime shop/travel enrichment and simple labels may make this intentional
generic_catalog_details	poi_002113	Water source	water_source	1529	3632	0	Runtime shop/travel enrichment and simple labels may make this intentional
generic_catalog_details	poi_002115	Canoe station	canoe_station	3126	3632	0	Runtime shop/travel enrichment and simple labels may make this intentional
generic_catalog_details	poi_002116	Water source	water_source	1763	3634	0	Runtime shop/travel enrichment and simple labels may make this intentional
generic_catalog_details	poi_002118	Water source	water_source	1524	3635	0	Runtime shop/travel enrichment and simple labels may make this intentional
generic_catalog_details	poi_002122	Fishing spot	fishing_spot	2024	3637	0	Runtime shop/travel enrichment and simple labels may make this intentional
generic_catalog_details	poi_002123	Altar	altar	3126	3637	0	Runtime shop/travel enrichment and simple labels may make this intentional
generic_catalog_details	poi_002125	Minigame	minigame	3146	3639	0	Runtime shop/travel enrichment and simple labels may make this intentional
generic_catalog_details	poi_002129	Cooking range	cooking_range	1450	3642	0	Runtime shop/travel enrichment and simple labels may make this intentional
generic_catalog_details	poi_002130	Dairy cow	dairy_cow	1764	3643	0	Runtime shop/travel enrichment and simple labels may make this intentional
generic_catalog_details	poi_002131	Pub/bar	bar	3150	3643	0	Runtime shop/travel enrichment and simple labels may make this intentional
generic_catalog_details	poi_002134	Poll booth	poll_booth	1483	3645	0	Runtime shop/travel enrichment and simple labels may make this intentional
generic_catalog_details	poi_002135	Bank	bank	1486	3645	0	Runtime shop/travel enrichment and simple labels may make this intentional
generic_catalog_details	poi_002137	Dungeon	dungeon	2904	3645	0	Runtime shop/travel enrichment and simple labels may make this intentional
generic_catalog_details	poi_002142	Dungeon with map link	dungeon_link	1470	3653	0	Runtime shop/travel enrichment and simple labels may make this intentional
generic_catalog_details	poi_002143	Dungeon	dungeon	2908	3653	0	Runtime shop/travel enrichment and simple labels may make this intentional
generic_catalog_details	poi_002146	Water source	water_source	1777	3656	0	Runtime shop/travel enrichment and simple labels may make this intentional
generic_catalog_details	poi_002151	Water source	water_source	1622	3658	0	Runtime shop/travel enrichment and simple labels may make this intentional
generic_catalog_details	poi_002153	Spinning wheel	spinning_wheel	2617	3659	0	Runtime shop/travel enrichment and simple labels may make this intentional
generic_catalog_details	poi_002154	Cooking range	cooking_range	1625	3660	0	Runtime shop/travel enrichment and simple labels may make this intentional
generic_catalog_details	poi_002155	Water source	water_source	1674	3660	0	Runtime shop/travel enrichment and simple labels may make this intentional
generic_catalog_details	poi_002156	Cooking range	cooking_range	1679	3660	0	Runtime shop/travel enrichment and simple labels may make this intentional
generic_catalog_details	poi_002157	Water source	water_source	1477	3661	0	Runtime shop/travel enrichment and simple labels may make this intentional
generic_catalog_details	poi_002158	Vegetable store	vegetable_store	1635	3661	0	Runtime shop/travel enrichment and simple labels may make this intentional
generic_catalog_details	poi_002159	Gem shop	gem_shop	1640	3661	0	Runtime shop/travel enrichment and simple labels may make this intentional
generic_catalog_details	poi_002160	Water source	water_source	2668	3661	0	Runtime shop/travel enrichment and simple labels may make this intentional
generic_catalog_details	poi_002161	Canoe station	canoe_station	1619	3662	0	Runtime shop/travel enrichment and simple labels may make this intentional
generic_catalog_details	poi_002162	Potters wheel	potters_wheel	2616	3662	0	Runtime shop/travel enrichment and simple labels may make this intentional
generic_catalog_details	poi_002166	Anvil	anvil	2620	3663	0	Runtime shop/travel enrichment and simple labels may make this intentional
generic_catalog_details	poi_002167	Anvil	anvil	1596	3664	0	Runtime shop/travel enrichment and simple labels may make this intentional
generic_catalog_details	poi_002168	Silver shop	silver_shop	1623	3664	0	Runtime shop/travel enrichment and simple labels may make this intentional
generic_catalog_details	poi_002172	Cooking range	cooking_range	1683	3667	0	Runtime shop/travel enrichment and simple labels may make this intentional
generic_catalog_details	poi_002173	Water source	water_source	2327	3667	0	Runtime shop/travel enrichment and simple labels may make this intentional
generic_catalog_details	poi_002174	Furnace	furnace	2617	3667	0	Runtime shop/travel enrichment and simple labels may make this intentional
generic_catalog_details	poi_002176	Dairy churn	dairy_churn	2674	3667	0	Runtime shop/travel enrichment and simple labels may make this intentional
generic_catalog_details	poi_002177	Water source	water_source	1652	3668	0	Runtime shop/travel enrichment and simple labels may make this intentional
generic_catalog_details	poi_002178	Cooking range	cooking_range	2317	3668	0	Runtime shop/travel enrichment and simple labels may make this intentional
generic_catalog_details	poi_002181	Water source	water_source	1682	3669	0	Runtime shop/travel enrichment and simple labels may make this intentional
generic_catalog_details	poi_002184	Dairy cow	dairy_cow	2679	3670	0	Runtime shop/travel enrichment and simple labels may make this intentional
generic_catalog_details	poi_002187	Water source	water_source	2316	3672	0	Runtime shop/travel enrichment and simple labels may make this intentional
generic_catalog_details	poi_002188	Fishing shop	fishing_shop	2638	3672	0	Runtime shop/travel enrichment and simple labels may make this intentional
generic_catalog_details	poi_002189	Cooking range	cooking_range	2658	3672	0	Runtime shop/travel enrichment and simple labels may make this intentional
generic_catalog_details	poi_002193	Dungeon	dungeon	2893	3673	0	Runtime shop/travel enrichment and simple labels may make this intentional
generic_catalog_details	poi_002196	Clothes shop	clothes_shop	2625	3674	0	Runtime shop/travel enrichment and simple labels may make this intentional
generic_catalog_details	poi_002197	Fur trader	fur_trader	2638	3676	0	Runtime shop/travel enrichment and simple labels may make this intentional
generic_catalog_details	poi_002198	Fishing shop	fishing_shop	2647	3676	0	Runtime shop/travel enrichment and simple labels may make this intentional
generic_catalog_details	poi_002199	Poll booth	poll_booth	2655	3676	0	Runtime shop/travel enrichment and simple labels may make this intentional
generic_catalog_details	poi_002200	Water source	water_source	1239	3677	0	Runtime shop/travel enrichment and simple labels may make this intentional
generic_catalog_details	poi_002202	Water source	water_source	1671	3677	0	Runtime shop/travel enrichment and simple labels may make this intentional
generic_catalog_details	poi_002203	Cooking range	cooking_range	1673	3677	0	Runtime shop/travel enrichment and simple labels may make this intentional
generic_catalog_details	poi_002207	Altar	altar	1282	3678	0	Runtime shop/travel enrichment and simple labels may make this intentional
generic_catalog_details	poi_002208	Water source	water_source	1652	3678	0	Runtime shop/travel enrichment and simple labels may make this intentional
generic_catalog_details	poi_002209	Furnace	furnace	2340	3678	0	Runtime shop/travel enrichment and simple labels may make this intentional
generic_catalog_details	poi_002211	Cooking range	cooking_range	1236	3679	0	Runtime shop/travel enrichment and simple labels may make this intentional
generic_catalog_details	poi_002212	Water source	water_source	2316	3679	0	Runtime shop/travel enrichment and simple labels may make this intentional
generic_catalog_details	poi_002213	Fishing shop	fishing_shop	2638	3680	0	Runtime shop/travel enrichment and simple labels may make this intentional
generic_catalog_details	poi_002214	Fur trader	fur_trader	2647	3680	0	Runtime shop/travel enrichment and simple labels may make this intentional
generic_catalog_details	poi_002217	Tannery	tannery	1240	3682	0	Runtime shop/travel enrichment and simple labels may make this intentional
generic_catalog_details	poi_002218	Silk trader	silk_trader	1623	3682	0	Runtime shop/travel enrichment and simple labels may make this intentional
generic_catalog_details	poi_002220	Water source	water_source	1756	3683	0	Runtime shop/travel enrichment and simple labels may make this intentional
generic_catalog_details	poi_002221	Pub/bar	bar	1770	3683	0	Runtime shop/travel enrichment and simple labels may make this intentional
generic_catalog_details	poi_002222	Anvil	anvil	2059	3683	0	Runtime shop/travel enrichment and simple labels may make this intentional
generic_catalog_details	poi_002223	Furnace	furnace	2063	3684	0	Runtime shop/travel enrichment and simple labels may make this intentional
generic_catalog_details	poi_002226	Gem shop	gem_shop	1634	3685	0	Runtime shop/travel enrichment and simple labels may make this intentional
generic_catalog_details	poi_002227	Food shop	food_shop	1639	3685	0	Runtime shop/travel enrichment and simple labels may make this intentional
generic_catalog_details	poi_002230	Farming shop	farming_shop	2825	3685	0	Runtime shop/travel enrichment and simple labels may make this intentional
generic_catalog_details	poi_002233	Water source	water_source	1677	3686	0	Runtime shop/travel enrichment and simple labels may make this intentional
generic_catalog_details	poi_002234	Bank	bank	2331	3686	0	Runtime shop/travel enrichment and simple labels may make this intentional
generic_catalog_details	poi_002235	Cargo bay	cargo_bay	2637	3686	0	Runtime shop/travel enrichment and simple labels may make this intentional
generic_catalog_details	poi_002239	Bank	bank	2097	3687	0	Runtime shop/travel enrichment and simple labels may make this intentional
generic_catalog_details	poi_002241	Dairy cow	dairy_cow	1265	3688	0	Runtime shop/travel enrichment and simple labels may make this intentional
generic_catalog_details	poi_002242	Water source	water_source	1541	3688	0	Runtime shop/travel enrichment and simple labels may make this intentional
generic_catalog_details	poi_002244	Shipwright	shipwright	2315	3688	0	Runtime shop/travel enrichment and simple labels may make this intentional
generic_catalog_details	poi_002245	Cooking range	cooking_range	1675	3689	0	Runtime shop/travel enrichment and simple labels may make this intentional
generic_catalog_details	poi_002247	Anvil	anvil	2991	3689	0	Runtime shop/travel enrichment and simple labels may make this intentional
generic_catalog_details	poi_002249	Transportation	transportation	2086	3690	0	Runtime shop/travel enrichment and simple labels may make this intentional
generic_catalog_details	poi_002251	General store	general_store	2327	3690	0	Runtime shop/travel enrichment and simple labels may make this intentional
generic_catalog_details	poi_002255	Port task board	noticeboard	2313	3693	0	Runtime shop/travel enrichment and simple labels may make this intentional
generic_catalog_details	poi_002256	Poll booth	poll_booth	2329	3693	0	Runtime shop/travel enrichment and simple labels may make this intentional
generic_catalog_details	poi_002257	Helmet shop	helmet_shop	2664	3693	0	Runtime shop/travel enrichment and simple labels may make this intentional
generic_catalog_details	poi_002267	General store	general_store	3025	3701	0	Runtime shop/travel enrichment and simple labels may make this intentional
generic_catalog_details	poi_002269	Water source	water_source	1249	3703	0	Runtime shop/travel enrichment and simple labels may make this intentional
generic_catalog_details	poi_002274	Food shop	food_shop	3038	3706	0	Runtime shop/travel enrichment and simple labels may make this intentional
generic_catalog_details	poi_002276	Sandpit	sandpit	2667	3707	0	Runtime shop/travel enrichment and simple labels may make this intentional
generic_catalog_details	poi_002279	Cooking range	cooking_range	3036	3708	0	Runtime shop/travel enrichment and simple labels may make this intentional
generic_catalog_details	poi_002282	Agility short-cut	agility_short-cut	2901	3712	0	Runtime shop/travel enrichment and simple labels may make this intentional
generic_catalog_details	poi_002285	Water source	water_source	1566	3717	0	Runtime shop/travel enrichment and simple labels may make this intentional
generic_catalog_details	poi_002287	Water source	water_source	1793	3718	0	Runtime shop/travel enrichment and simple labels may make this intentional
generic_catalog_details	poi_002289	Dairy cow	dairy_cow	1305	3719	0	Runtime shop/travel enrichment and simple labels may make this intentional
generic_catalog_details	poi_002290	Water source	water_source	1780	3719	0	Runtime shop/travel enrichment and simple labels may make this intentional
generic_catalog_details	poi_002292	Water source	water_source	1300	3721	0	Runtime shop/travel enrichment and simple labels may make this intentional
generic_catalog_details	poi_002293	Cooking range	cooking_range	1785	3722	0	Runtime shop/travel enrichment and simple labels may make this intentional
generic_catalog_details	poi_002294	General store	general_store	1809	3722	0	Runtime shop/travel enrichment and simple labels may make this intentional
generic_catalog_details	poi_002296	General store	general_store	1717	3724	0	Runtime shop/travel enrichment and simple labels may make this intentional
generic_catalog_details	poi_002297	Cooking range	cooking_range	1795	3725	0	Runtime shop/travel enrichment and simple labels may make this intentional
generic_catalog_details	poi_002298	Pub/bar	bar	1690	3726	0	Runtime shop/travel enrichment and simple labels may make this intentional
generic_catalog_details	poi_002300	Water source	water_source	1248	3729	0	Runtime shop/travel enrichment and simple labels may make this intentional
generic_catalog_details	poi_002304	Water source	water_source	1241	3731	0	Runtime shop/travel enrichment and simple labels may make this intentional
generic_catalog_details	poi_002305	Water source	water_source	1256	3731	0	Runtime shop/travel enrichment and simple labels may make this intentional
generic_catalog_details	poi_002307	Staff shop	staff_shop	1667	3731	0	Runtime shop/travel enrichment and simple labels may make this intentional
generic_catalog_details	poi_002309	Garden supplier	garden_supplier	1246	3734	0	Runtime shop/travel enrichment and simple labels may make this intentional
generic_catalog_details	poi_002310	Water source	water_source	1559	3734	0	Runtime shop/travel enrichment and simple labels may make this intentional
generic_catalog_details	poi_002311	Cooking range	cooking_range	1792	3734	0	Runtime shop/travel enrichment and simple labels may make this intentional
generic_catalog_details	poi_002312	Farming shop	farming_shop	1251	3735	0	Runtime shop/travel enrichment and simple labels may make this intentional
generic_catalog_details	poi_002313	Poll booth	poll_booth	1518	3735	0	Runtime shop/travel enrichment and simple labels may make this intentional
generic_catalog_details	poi_002314	Cooking range	cooking_range	1808	3735	0	Runtime shop/travel enrichment and simple labels may make this intentional
generic_catalog_details	poi_002318	Poll booth	poll_booth	1634	3736	0	Runtime shop/travel enrichment and simple labels may make this intentional
generic_catalog_details	poi_002319	Furnace	furnace	3144	3736	0	Runtime shop/travel enrichment and simple labels may make this intentional
generic_catalog_details	poi_002321	Water source	water_source	1801	3738	0	Runtime shop/travel enrichment and simple labels may make this intentional
generic_catalog_details	poi_002322	Poll booth	poll_booth	1252	3739	0	Runtime shop/travel enrichment and simple labels may make this intentional
generic_catalog_details	poi_002324	Farming shop	farming_shop	1243	3740	0	Runtime shop/travel enrichment and simple labels may make this intentional
generic_catalog_details	poi_002327	Water source	water_source	1794	3741	0	Runtime shop/travel enrichment and simple labels may make this intentional
generic_catalog_details	poi_002331	Water source	water_source	1246	3743	0	Runtime shop/travel enrichment and simple labels may make this intentional
generic_catalog_details	poi_002332	Bank	bank	1253	3743	0	Runtime shop/travel enrichment and simple labels may make this intentional
generic_catalog_details	poi_002333	Water source	water_source	1348	3743	0	Runtime shop/travel enrichment and simple labels may make this intentional
generic_catalog_details	poi_002334	Bank	bank	1527	3743	0	Runtime shop/travel enrichment and simple labels may make this intentional
generic_catalog_details	poi_002335	Dungeon	dungeon	2821	3744	0	Runtime shop/travel enrichment and simple labels may make this intentional
generic_catalog_details	poi_002337	Magic shop	magic_shop	1716	3745	0	Runtime shop/travel enrichment and simple labels may make this intentional
generic_catalog_details	poi_002342	Water source	water_source	1376	3748	0	Runtime shop/travel enrichment and simple labels may make this intentional
generic_catalog_details	poi_002345	Bank	bank	1628	3750	0	Runtime shop/travel enrichment and simple labels may make this intentional
generic_catalog_details	poi_002348	Water source	water_source	1512	3753	0	Runtime shop/travel enrichment and simple labels may make this intentional
generic_catalog_details	poi_002349	Cooking range	cooking_range	1786	3753	0	Runtime shop/travel enrichment and simple labels may make this intentional
generic_catalog_details	poi_002351	Water source	water_source	1248	3754	0	Runtime shop/travel enrichment and simple labels may make this intentional
generic_catalog_details	poi_002352	General store	general_store	1553	3754	0	Runtime shop/travel enrichment and simple labels may make this intentional
generic_catalog_details	poi_002353	Cooking range	cooking_range	1797	3754	0	Runtime shop/travel enrichment and simple labels may make this intentional
generic_catalog_details	poi_002354	Water source	water_source	1813	3754	0	Runtime shop/travel enrichment and simple labels may make this intentional
generic_catalog_details	poi_002356	Anvil	anvil	1402	3755	0	Runtime shop/travel enrichment and simple labels may make this intentional
generic_catalog_details	poi_002360	Food shop	food_shop	1782	3756	0	Runtime shop/travel enrichment and simple labels may make this intentional
generic_catalog_details	poi_002364	Bank	bank	1249	3760	0	Runtime shop/travel enrichment and simple labels may make this intentional
generic_catalog_details	poi_002365	Water source	water_source	1783	3760	0	Runtime shop/travel enrichment and simple labels may make this intentional
generic_catalog_details	poi_002366	Water source	water_source	1792	3760	0	Runtime shop/travel enrichment and simple labels may make this intentional
generic_catalog_details	poi_002368	Magic mushtree	magic_mushtree	3769	3762	0	Runtime shop/travel enrichment and simple labels may make this intentional
generic_catalog_details	poi_002369	Pub/bar	bar	1570	3763	0	Runtime shop/travel enrichment and simple labels may make this intentional
generic_catalog_details	poi_002371	Magic shop	magic_shop	1679	3764	0	Runtime shop/travel enrichment and simple labels may make this intentional
generic_catalog_details	poi_002378	Shipwright	shipwright	2312	3773	0	Runtime shop/travel enrichment and simple labels may make this intentional
generic_catalog_details	poi_002379	Furnace	furnace	1507	3774	0	Runtime shop/travel enrichment and simple labels may make this intentional
generic_catalog_details	poi_002382	Port task board	noticeboard	2307	3776	0	Runtime shop/travel enrichment and simple labels may make this intentional
generic_catalog_details	poi_002383	Cooking range	cooking_range	1757	3778	0	Runtime shop/travel enrichment and simple labels may make this intentional
generic_catalog_details	poi_002385	Water source	water_source	1555	3779	0	Runtime shop/travel enrichment and simple labels may make this intentional
generic_catalog_details	poi_002388	Water source	water_source	1753	3780	0	Runtime shop/travel enrichment and simple labels may make this intentional
generic_catalog_details	poi_002396	Water source	water_source	1544	3783	0	Runtime shop/travel enrichment and simple labels may make this intentional
generic_catalog_details	poi_002399	Slayer Master	slayer_master	1309	3784	0	Runtime shop/travel enrichment and simple labels may make this intentional
generic_catalog_details	poi_002400	Poll booth	poll_booth	1810	3784	0	Runtime shop/travel enrichment and simple labels may make this intentional
generic_catalog_details	poi_002401	Fishing shop	fishing_shop	1836	3784	0	Runtime shop/travel enrichment and simple labels may make this intentional
generic_catalog_details	poi_002402	Water source	water_source	1446	3788	0	Runtime shop/travel enrichment and simple labels may make this intentional
generic_catalog_details	poi_002403	Port task board	noticeboard	2401	3788	0	Runtime shop/travel enrichment and simple labels may make this intentional
generic_catalog_details	poi_002406	Cooking range	cooking_range	2221	3790	0	Runtime shop/travel enrichment and simple labels may make this intentional
generic_catalog_details	poi_002407	Shipwright	shipwright	2404	3790	0	Runtime shop/travel enrichment and simple labels may make this intentional
generic_catalog_details	poi_002409	Dungeon with map link	dungeon_link	1563	3791	0	Runtime shop/travel enrichment and simple labels may make this intentional
generic_catalog_details	poi_002410	Bank	bank	1803	3793	0	Runtime shop/travel enrichment and simple labels may make this intentional
generic_catalog_details	poi_002412	Spinning wheel	spinning_wheel	2353	3794	0	Runtime shop/travel enrichment and simple labels may make this intentional
generic_catalog_details	poi_002414	Axe shop	axe_shop	1296	3796	0	Runtime shop/travel enrichment and simple labels may make this intentional
generic_catalog_details	poi_002416	Anvil	anvil	2394	3796	0	Runtime shop/travel enrichment and simple labels may make this intentional
generic_catalog_details	poi_002417	Platebody shop	platebody_shop	2396	3798	0	Runtime shop/travel enrichment and simple labels may make this intentional
generic_catalog_details	poi_002418	Tannery	tannery	2334	3799	0	Runtime shop/travel enrichment and simple labels may make this intentional
generic_catalog_details	poi_002419	Bank	bank	2417	3799	0	Runtime shop/travel enrichment and simple labels may make this intentional
generic_catalog_details	poi_002423	Transportation	transportation	2203	3802	0	Runtime shop/travel enrichment and simple labels may make this intentional
generic_catalog_details	poi_002426	Poll booth	poll_booth	3740	3802	0	Runtime shop/travel enrichment and simple labels may make this intentional
generic_catalog_details	poi_002427	Water source	water_source	2343	3803	0	Runtime shop/travel enrichment and simple labels may make this intentional
generic_catalog_details	poi_002428	Poll booth	poll_booth	2415	3803	0	Runtime shop/travel enrichment and simple labels may make this intentional
generic_catalog_details	poi_002429	Poll booth	poll_booth	2338	3804	0	Runtime shop/travel enrichment and simple labels may make this intentional
generic_catalog_details	poi_002430	General store	general_store	2333	3805	0	Runtime shop/travel enrichment and simple labels may make this intentional
generic_catalog_details	poi_002431	Anvil	anvil	2397	3805	0	Runtime shop/travel enrichment and simple labels may make this intentional
generic_catalog_details	poi_002433	Bank	bank	3741	3806	0	Runtime shop/travel enrichment and simple labels may make this intentional
generic_catalog_details	poi_002437	Furnace	furnace	1325	3808	0	Runtime shop/travel enrichment and simple labels may make this intentional
generic_catalog_details	poi_002438	Altar	altar	1549	3808	0	Runtime shop/travel enrichment and simple labels may make this intentional
generic_catalog_details	poi_002440	Woodcutting stump	woodcutting_stump	2343	3808	0	Runtime shop/travel enrichment and simple labels may make this intentional
generic_catalog_details	poi_002443	Bank	bank	2336	3809	0	Runtime shop/travel enrichment and simple labels may make this intentional
generic_catalog_details	poi_002445	Bank	bank	3820	3809	0	Runtime shop/travel enrichment and simple labels may make this intentional
generic_catalog_details	poi_002448	Furnace	furnace	1504	3812	0	Runtime shop/travel enrichment and simple labels may make this intentional
generic_catalog_details	poi_002449	Cooking range	cooking_range	2341	3812	0	Runtime shop/travel enrichment and simple labels may make this intentional
generic_catalog_details	poi_002450	Furnace	furnace	2345	3812	0	Runtime shop/travel enrichment and simple labels may make this intentional
generic_catalog_details	poi_002452	Cooking range	cooking_range	3734	3812	0	Runtime shop/travel enrichment and simple labels may make this intentional
generic_catalog_details	poi_002453	Fishing shop	fishing_shop	2417	3813	0	Runtime shop/travel enrichment and simple labels may make this intentional
generic_catalog_details	poi_002455	Water source	water_source	3746	3813	0	Runtime shop/travel enrichment and simple labels may make this intentional
generic_catalog_details	poi_002458	Magic mushtree	magic_mushtree	3679	3816	0	Runtime shop/travel enrichment and simple labels may make this intentional
generic_catalog_details	poi_002460	General store	general_store	3726	3817	0	Runtime shop/travel enrichment and simple labels may make this intentional
generic_catalog_details	poi_002461	Bank	bank	1437	3820	0	Runtime shop/travel enrichment and simple labels may make this intentional
generic_catalog_details	poi_002464	Altar	altar	2948	3821	0	Runtime shop/travel enrichment and simple labels may make this intentional
generic_catalog_details	poi_002465	Loom	loom	3730	3822	0	Runtime shop/travel enrichment and simple labels may make this intentional
generic_catalog_details	poi_002467	Poll booth	poll_booth	1326	3823	0	Runtime shop/travel enrichment and simple labels may make this intentional
generic_catalog_details	poi_002468	Spinning wheel	spinning_wheel	3732	3823	0	Runtime shop/travel enrichment and simple labels may make this intentional
generic_catalog_details	poi_002469	Bank	bank	1322	3825	0	Runtime shop/travel enrichment and simple labels may make this intentional
generic_catalog_details	poi_002471	Anvil	anvil	1529	3826	0	Runtime shop/travel enrichment and simple labels may make this intentional
generic_catalog_details	poi_002474	Furnace	furnace	1385	3829	0	Runtime shop/travel enrichment and simple labels may make this intentional
generic_catalog_details	poi_002476	Polar Eagle Lair	dungeon	2744	3830	0	Runtime shop/travel enrichment and simple labels may make this intentional
generic_catalog_details	poi_002482	Mining shop	mining_shop	1518	3834	0	Runtime shop/travel enrichment and simple labels may make this intentional
generic_catalog_details	poi_002496	Ship boarding plank	mooring_point	2617	3850	0	Runtime shop/travel enrichment and simple labels may make this intentional
generic_catalog_details	poi_002502	Herbalist	herbalist	2529	3853	0	Runtime shop/travel enrichment and simple labels may make this intentional
generic_catalog_details	poi_002506	Mining shop	mining_shop	1450	3856	0	Runtime shop/travel enrichment and simple labels may make this intentional
generic_catalog_details	poi_002507	Bank	bank	1498	3856	0	Runtime shop/travel enrichment and simple labels may make this intentional
generic_catalog_details	poi_002508	Poll booth	poll_booth	2508	3856	0	Runtime shop/travel enrichment and simple labels may make this intentional
generic_catalog_details	poi_002509	Farming patch	farming_patch	2615	3856	0	Runtime shop/travel enrichment and simple labels may make this intentional
generic_catalog_details	poi_002512	Bank	bank	1455	3861	0	Runtime shop/travel enrichment and simple labels may make this intentional
generic_catalog_details	poi_002513	Dungeon	dungeon	2809	3861	0	Runtime shop/travel enrichment and simple labels may make this intentional
generic_catalog_details	poi_002514	Fishing shop	fishing_shop	2513	3862	0	Runtime shop/travel enrichment and simple labels may make this intentional
generic_catalog_details	poi_002515	Vegetable store	vegetable_store	2517	3862	0	Runtime shop/travel enrichment and simple labels may make this intentional
generic_catalog_details	poi_002518	Dungeon with map link	dungeon_link	1696	3865	0	Runtime shop/travel enrichment and simple labels may make this intentional
generic_catalog_details	poi_002520	Fishing shop	fishing_shop	2519	3866	0	Runtime shop/travel enrichment and simple labels may make this intentional
generic_catalog_details	poi_002523	Dungeon	dungeon	2854	3868	0	Runtime shop/travel enrichment and simple labels may make this intentional
generic_catalog_details	poi_002525	Dungeon	dungeon	2779	3869	0	Runtime shop/travel enrichment and simple labels may make this intentional
generic_catalog_details	poi_002530	Bank	bank	1477	3873	0	Runtime shop/travel enrichment and simple labels may make this intentional
generic_catalog_details	poi_002533	Vegetable store	vegetable_store	2600	3876	0	Runtime shop/travel enrichment and simple labels may make this intentional
generic_catalog_details	poi_002534	Fishing shop	fishing_shop	2600	3879	0	Runtime shop/travel enrichment and simple labels may make this intentional
generic_catalog_details	poi_002542	Poll booth	poll_booth	2618	3892	0	Runtime shop/travel enrichment and simple labels may make this intentional
generic_catalog_details	poi_002543	Cooking range	cooking_range	2137	3893	0	Runtime shop/travel enrichment and simple labels may make this intentional
generic_catalog_details	poi_002547	Anvil	anvil	2549	3896	0	Runtime shop/travel enrichment and simple labels may make this intentional
generic_catalog_details	poi_002548	Bank	bank	2620	3896	0	Runtime shop/travel enrichment and simple labels may make this intentional
generic_catalog_details	poi_002549	Water source	water_source	2087	3897	0	Runtime shop/travel enrichment and simple labels may make this intentional
generic_catalog_details	poi_002551	Bank	bank	3767	3899	0	Runtime shop/travel enrichment and simple labels may make this intentional
generic_catalog_details	poi_002553	General store	general_store	2097	3907	0	Runtime shop/travel enrichment and simple labels may make this intentional
generic_catalog_details	poi_002554	Clothes shop	clothes_shop	2105	3908	0	Runtime shop/travel enrichment and simple labels may make this intentional
generic_catalog_details	poi_002555	Water source	water_source	2086	3909	0	Runtime shop/travel enrichment and simple labels may make this intentional
generic_catalog_details	poi_002558	Poll booth	poll_booth	2104	3917	0	Runtime shop/travel enrichment and simple labels may make this intentional
generic_catalog_details	poi_002559	Cooking range	cooking_range	2092	3920	0	Runtime shop/travel enrichment and simple labels may make this intentional
generic_catalog_details	poi_002560	Bank	bank	2098	3920	0	Runtime shop/travel enrichment and simple labels may make this intentional
generic_catalog_details	poi_002561	Water source	water_source	2090	3922	0	Runtime shop/travel enrichment and simple labels may make this intentional
generic_catalog_details	poi_002567	Cooking range	cooking_range	3280	3930	0	Runtime shop/travel enrichment and simple labels may make this intentional
generic_catalog_details	poi_002569	Water source	water_source	2868	3932	0	Runtime shop/travel enrichment and simple labels may make this intentional
generic_catalog_details	poi_002572	Furnace	furnace	3192	3936	0	Runtime shop/travel enrichment and simple labels may make this intentional
generic_catalog_details	poi_002575	Anvil	anvil	3367	3938	0	Runtime shop/travel enrichment and simple labels may make this intentional
generic_catalog_details	poi_002576	Anvil	anvil	3190	3939	0	Runtime shop/travel enrichment and simple labels may make this intentional
generic_catalog_details	poi_002578	Bank	bank	1641	3944	0	Runtime shop/travel enrichment and simple labels may make this intentional
generic_catalog_details	poi_002582	Poll booth	poll_booth	1638	3946	0	Runtime shop/travel enrichment and simple labels may make this intentional
generic_catalog_details	poi_002584	Anvil	anvil	3063	3952	0	Runtime shop/travel enrichment and simple labels may make this intentional
generic_catalog_details	poi_002595	Fishing spot	fishing_spot	2815	4014	0	Runtime shop/travel enrichment and simple labels may make this intentional
generic_catalog_details	poi_002598	Fishing spot	fishing_spot	1935	4040	0	Runtime shop/travel enrichment and simple labels may make this intentional
generic_catalog_details	poi_002601	Bank	bank	3420	4057	0	Runtime shop/travel enrichment and simple labels may make this intentional
generic_catalog_details	poi_002602	Poll booth	poll_booth	3417	4060	0	Runtime shop/travel enrichment and simple labels may make this intentional
generic_catalog_details	poi_002605	Bank	bank	3426	4070	0	Runtime shop/travel enrichment and simple labels may make this intentional
generic_catalog_details	poi_002611	Singing bowl	singing_bowl	2793	4256	0	Runtime shop/travel enrichment and simple labels may make this intentional
generic_catalog_details	poi_002612	Transportation	transportation	3246	4315	0	Runtime shop/travel enrichment and simple labels may make this intentional
generic_catalog_details	poi_002613	Altar	altar	3744	4320	0	Runtime shop/travel enrichment and simple labels may make this intentional
generic_catalog_details	poi_002615	Dungeon	dungeon	2457	4381	0	Runtime shop/travel enrichment and simple labels may make this intentional
generic_catalog_details	poi_002616	Agility short-cut	agility_short-cut	2409	4401	0	Runtime shop/travel enrichment and simple labels may make this intentional
generic_catalog_details	poi_002617	Agility short-cut	agility_short-cut	2400	4403	0	Runtime shop/travel enrichment and simple labels may make this intentional
generic_catalog_details	poi_002621	Transportation	transportation	2328	4428	0	Runtime shop/travel enrichment and simple labels may make this intentional
generic_catalog_details	poi_002622	Slayer Master	slayer_master	2444	4432	0	Runtime shop/travel enrichment and simple labels may make this intentional
generic_catalog_details	poi_002627	Cooking range	cooking_range	2383	4439	0	Runtime shop/travel enrichment and simple labels may make this intentional
generic_catalog_details	poi_002628	Water source	water_source	2410	4442	0	Runtime shop/travel enrichment and simple labels may make this intentional
generic_catalog_details	poi_002629	Sandpit	sandpit	2439	4442	0	Runtime shop/travel enrichment and simple labels may make this intentional
generic_catalog_details	poi_002632	General store	general_store	2377	4447	0	Runtime shop/travel enrichment and simple labels may make this intentional
generic_catalog_details	poi_002633	Water source	water_source	2410	4450	0	Runtime shop/travel enrichment and simple labels may make this intentional
generic_catalog_details	poi_002634	Sword shop	sword_shop	2484	4450	0	Runtime shop/travel enrichment and simple labels may make this intentional
generic_catalog_details	poi_002635	Dairy cow	dairy_cow	2436	4451	0	Runtime shop/travel enrichment and simple labels may make this intentional
generic_catalog_details	poi_002636	Poll booth	poll_booth	2383	4455	0	Runtime shop/travel enrichment and simple labels may make this intentional
generic_catalog_details	poi_002637	Windmill	windmill	2403	4457	0	Runtime shop/travel enrichment and simple labels may make this intentional
generic_catalog_details	poi_002638	Dairy churn	dairy_churn	2406	4459	0	Runtime shop/travel enrichment and simple labels may make this intentional
generic_catalog_details	poi_002639	Bank	bank	2382	4460	0	Runtime shop/travel enrichment and simple labels may make this intentional
generic_catalog_details	poi_002641	Gem shop	gem_shop	2476	4468	0	Runtime shop/travel enrichment and simple labels may make this intentional
generic_catalog_details	poi_002644	Dungeon with map link	dungeon_link	2486	4471	0	Runtime shop/travel enrichment and simple labels may make this intentional
generic_catalog_details	poi_002645	Furnace	furnace	2400	4473	0	Runtime shop/travel enrichment and simple labels may make this intentional
generic_catalog_details	poi_002646	Dungeon with map link	dungeon_link	2452	4473	0	Runtime shop/travel enrichment and simple labels may make this intentional
generic_catalog_details	poi_002650	Bank	bank	3194	4571	0	Runtime shop/travel enrichment and simple labels may make this intentional
generic_catalog_details	poi_002653	Dungeon	dungeon	2445	4604	0	Runtime shop/travel enrichment and simple labels may make this intentional
generic_catalog_details	poi_002654	Minigame	minigame	3310	4639	0	Runtime shop/travel enrichment and simple labels may make this intentional
generic_catalog_details	poi_002655	Dungeon with map link	dungeon_link	1503	4643	0	Runtime shop/travel enrichment and simple labels may make this intentional
generic_catalog_details	poi_002656	Agility short-cut	agility_short-cut	2937	4672	0	Runtime shop/travel enrichment and simple labels may make this intentional
generic_catalog_details	poi_002657	Pub/bar	bar	2940	4678	0	Runtime shop/travel enrichment and simple labels may make this intentional
generic_catalog_details	poi_002658	House/POH portal	house_portal	2928	4697	0	Runtime shop/travel enrichment and simple labels may make this intentional
generic_catalog_details	poi_002659	Cooking range	cooking_range	2933	4698	0	Runtime shop/travel enrichment and simple labels may make this intentional
generic_catalog_details	poi_002662	Water source	water_source	2933	4702	0	Runtime shop/travel enrichment and simple labels may make this intentional
generic_catalog_details	poi_002663	Sandpit	sandpit	2927	4704	0	Runtime shop/travel enrichment and simple labels may make this intentional
generic_catalog_details	poi_002667	Bank	bank	2535	4713	0	Runtime shop/travel enrichment and simple labels may make this intentional
generic_catalog_details	poi_002668	Water source	water_source	2941	4714	0	Runtime shop/travel enrichment and simple labels may make this intentional
generic_catalog_details	poi_002669	Poll booth	poll_booth	2529	4715	0	Runtime shop/travel enrichment and simple labels may make this intentional
generic_catalog_details	poi_002670	Transportation	transportation	2912	4729	0	Runtime shop/travel enrichment and simple labels may make this intentional
generic_catalog_details	poi_002671	Cooking range	cooking_range	2630	4731	0	Runtime shop/travel enrichment and simple labels may make this intentional
generic_catalog_details	poi_002672	Cooking range	cooking_range	2758	4731	0	Runtime shop/travel enrichment and simple labels may make this intentional
generic_catalog_details	poi_002673	Transportation	transportation	2778	4732	0	Runtime shop/travel enrichment and simple labels may make this intentional
generic_catalog_details	poi_002674	Transportation	transportation	3032	4793	0	Runtime shop/travel enrichment and simple labels may make this intentional
generic_catalog_details	poi_002675	Transportation	transportation	2889	4813	0	Runtime shop/travel enrichment and simple labels may make this intentional
generic_catalog_details	poi_002676	Transportation	transportation	2933	4815	0	Runtime shop/travel enrichment and simple labels may make this intentional
generic_catalog_details	poi_002677	Transportation	transportation	2884	4851	0	Runtime shop/travel enrichment and simple labels may make this intentional
generic_catalog_details	poi_002678	Transportation	transportation	2932	4854	0	Runtime shop/travel enrichment and simple labels may make this intentional
generic_catalog_details	poi_002680	Dungeon	dungeon	2085	4891	0	Runtime shop/travel enrichment and simple labels may make this intentional
generic_catalog_details	poi_002682	Bank	bank	2134	4907	0	Runtime shop/travel enrichment and simple labels may make this intentional
generic_catalog_details	poi_002683	Cooking range	cooking_range	4144	4945	0	Runtime shop/travel enrichment and simple labels may make this intentional
generic_catalog_details	poi_002684	Water source	water_source	1942	4956	0	Runtime shop/travel enrichment and simple labels may make this intentional
generic_catalog_details	poi_002685	Bank	bank	1948	4957	0	Runtime shop/travel enrichment and simple labels may make this intentional
generic_catalog_details	poi_002686	Anvil	anvil	1939	4972	0	Runtime shop/travel enrichment and simple labels may make this intentional
generic_catalog_details	poi_002687	Water source	water_source	2152	5018	0	Runtime shop/travel enrichment and simple labels may make this intentional
generic_catalog_details	poi_002688	General store	general_store	2145	5024	0	Runtime shop/travel enrichment and simple labels may make this intentional
generic_catalog_details	poi_002691	Farming patch	farming_patch	2164	5068	0	Runtime shop/travel enrichment and simple labels may make this intentional
generic_catalog_details	poi_002692	Chainmail shop	chainmail_shop	2488	5070	0	Runtime shop/travel enrichment and simple labels may make this intentional
generic_catalog_details	poi_002693	Gem shop	gem_shop	2526	5073	0	Runtime shop/travel enrichment and simple labels may make this intentional
generic_catalog_details	poi_002697	Mining shop	mining_shop	2525	5075	0	Runtime shop/travel enrichment and simple labels may make this intentional
generic_catalog_details	poi_002700	Agility short-cut	agility_short-cut	2331	5096	0	Runtime shop/travel enrichment and simple labels may make this intentional
generic_catalog_details	poi_002703	Dungeon with map link	dungeon_link	2163	5115	0	Runtime shop/travel enrichment and simple labels may make this intentional
generic_catalog_details	poi_002706	Magic shop	magic_shop	2462	5124	0	Runtime shop/travel enrichment and simple labels may make this intentional
generic_catalog_details	poi_002707	Task Master	task_master	2453	5133	0	Runtime shop/travel enrichment and simple labels may make this intentional
generic_catalog_details	poi_002708	Dungeon with map link	dungeon_link	1752	5136	0	Runtime shop/travel enrichment and simple labels may make this intentional
generic_catalog_details	poi_002709	Bank	bank	3288	5136	0	Runtime shop/travel enrichment and simple labels may make this intentional
generic_catalog_details	poi_002710	Poll booth	poll_booth	2545	5138	0	Runtime shop/travel enrichment and simple labels may make this intentional
generic_catalog_details	poi_002711	Bank	bank	2540	5143	0	Runtime shop/travel enrichment and simple labels may make this intentional
generic_catalog_details	poi_002712	Sword shop	sword_shop	2477	5146	0	Runtime shop/travel enrichment and simple labels may make this intentional
generic_catalog_details	poi_002713	Gem shop	gem_shop	2464	5148	0	Runtime shop/travel enrichment and simple labels may make this intentional
generic_catalog_details	poi_002714	Furnace	furnace	2447	5153	0	Runtime shop/travel enrichment and simple labels may make this intentional
generic_catalog_details	poi_002715	Furnace	furnace	2528	5159	0	Runtime shop/travel enrichment and simple labels may make this intentional
generic_catalog_details	poi_002716	Stagnant water source	stagnant_water_source	2134	5163	0	Runtime shop/travel enrichment and simple labels may make this intentional
generic_catalog_details	poi_002717	Bank	bank	3308	5163	0	Runtime shop/travel enrichment and simple labels may make this intentional
generic_catalog_details	poi_002720	Bank	bank	3288	5168	0	Runtime shop/travel enrichment and simple labels may make this intentional
generic_catalog_details	poi_002721	Bank	bank	2798	5170	0	Runtime shop/travel enrichment and simple labels may make this intentional
generic_catalog_details	poi_002722	Poll booth	poll_booth	2804	5172	0	Runtime shop/travel enrichment and simple labels may make this intentional
generic_catalog_details	poi_002723	Poll booth	poll_booth	2448	5174	0	Runtime shop/travel enrichment and simple labels may make this intentional
generic_catalog_details	poi_002726	Bank	bank	2444	5181	0	Runtime shop/travel enrichment and simple labels may make this intentional
generic_catalog_details	poi_002727	Bank	bank	3333	5195	0	Runtime shop/travel enrichment and simple labels may make this intentional
generic_catalog_details	poi_002728	Bank	bank	3303	5199	0	Runtime shop/travel enrichment and simple labels may make this intentional
generic_catalog_details	poi_002729	Bank	bank	3278	5202	0	Runtime shop/travel enrichment and simple labels may make this intentional
generic_catalog_details	poi_002730	Altar	altar	2940	5203	0	Runtime shop/travel enrichment and simple labels may make this intentional
generic_catalog_details	poi_002731	Bank	bank	2904	5204	0	Runtime shop/travel enrichment and simple labels may make this intentional
generic_catalog_details	poi_002732	Dungeon	dungeon	2711	5206	0	Runtime shop/travel enrichment and simple labels may make this intentional
generic_catalog_details	poi_002733	Dungeon with map link	dungeon_link	2350	5215	0	Runtime shop/travel enrichment and simple labels may make this intentional
generic_catalog_details	poi_002734	Anvil	anvil	2882	5224	0	Runtime shop/travel enrichment and simple labels may make this intentional
generic_catalog_details	poi_002736	Dungeon with map link	dungeon_link	1913	5226	0	Runtime shop/travel enrichment and simple labels may make this intentional
generic_catalog_details	poi_002737	Furnace	furnace	2879	5227	0	Runtime shop/travel enrichment and simple labels may make this intentional
generic_catalog_details	poi_002739	Dungeon with map link	dungeon_link	2309	5240	0	Runtime shop/travel enrichment and simple labels may make this intentional
generic_catalog_details	poi_002741	Water source	water_source	2702	5253	0	Runtime shop/travel enrichment and simple labels may make this intentional
generic_catalog_details	poi_002742	Sandpit	sandpit	2714	5264	0	Runtime shop/travel enrichment and simple labels may make this intentional
generic_catalog_details	poi_002743	Altar	altar	2893	5269	0	Runtime shop/travel enrichment and simple labels may make this intentional
generic_catalog_details	poi_002744	Cooking range	cooking_range	2736	5274	0	Runtime shop/travel enrichment and simple labels may make this intentional
generic_catalog_details	poi_002745	Anvil	anvil	2709	5275	0	Runtime shop/travel enrichment and simple labels may make this intentional
generic_catalog_details	poi_002746	Furnace	furnace	2711	5277	0	Runtime shop/travel enrichment and simple labels may make this intentional
generic_catalog_details	poi_002747	Water source	water_source	2731	5277	0	Runtime shop/travel enrichment and simple labels may make this intentional
generic_catalog_details	poi_002748	Agility short-cut	agility_short-cut	3548	5277	0	Runtime shop/travel enrichment and simple labels may make this intentional
generic_catalog_details	poi_002749	Dungeon with map link	dungeon_link	3105	5279	0	Runtime shop/travel enrichment and simple labels may make this intentional
generic_catalog_details	poi_002750	Agility short-cut	agility_short-cut	3560	5280	0	Runtime shop/travel enrichment and simple labels may make this intentional
generic_catalog_details	poi_002751	Agility short-cut	agility_short-cut	3548	5283	0	Runtime shop/travel enrichment and simple labels may make this intentional
generic_catalog_details	poi_002752	General store	general_store	2717	5314	0	Runtime shop/travel enrichment and simple labels may make this intentional
generic_catalog_details	poi_002754	Water source	water_source	2718	5333	0	Runtime shop/travel enrichment and simple labels may make this intentional
generic_catalog_details	poi_002755	Water source	water_source	2705	5335	0	Runtime shop/travel enrichment and simple labels may make this intentional
generic_catalog_details	poi_002756	Water source	water_source	2730	5336	0	Runtime shop/travel enrichment and simple labels may make this intentional
generic_catalog_details	poi_002757	Water source	water_source	2718	5337	0	Runtime shop/travel enrichment and simple labels may make this intentional
generic_catalog_details	poi_002758	Farming patch	farming_patch	1962	5339	0	Runtime shop/travel enrichment and simple labels may make this intentional
generic_catalog_details	poi_002759	Anvil	anvil	1959	5341	0	Runtime shop/travel enrichment and simple labels may make this intentional
generic_catalog_details	poi_002760	Rare trees	rare_trees	3312	5347	0	Runtime shop/travel enrichment and simple labels may make this intentional
generic_catalog_details	poi_002761	Bank	bank	2699	5348	0	Runtime shop/travel enrichment and simple labels may make this intentional
generic_catalog_details	poi_002762	Rare trees	rare_trees	3286	5349	0	Runtime shop/travel enrichment and simple labels may make this intentional
generic_catalog_details	poi_002763	Poll booth	poll_booth	2705	5354	0	Runtime shop/travel enrichment and simple labels may make this intentional
generic_catalog_details	poi_002764	Rare trees	rare_trees	3315	5354	0	Runtime shop/travel enrichment and simple labels may make this intentional
generic_catalog_details	poi_002765	Rare trees	rare_trees	3338	5354	0	Runtime shop/travel enrichment and simple labels may make this intentional
generic_catalog_details	poi_002766	Bank	bank	3309	5356	0	Runtime shop/travel enrichment and simple labels may make this intentional
generic_catalog_details	poi_002768	Rare trees	rare_trees	3286	5361	0	Runtime shop/travel enrichment and simple labels may make this intentional
generic_catalog_details	poi_002769	Bank	bank	3337	5361	0	Runtime shop/travel enrichment and simple labels may make this intentional
generic_catalog_details	poi_002770	Rare trees	rare_trees	3331	5362	0	Runtime shop/travel enrichment and simple labels may make this intentional
generic_catalog_details	poi_002771	Bank	bank	3285	5367	0	Runtime shop/travel enrichment and simple labels may make this intentional
generic_catalog_details	poi_002772	Dungeon with map link	dungeon_link	2751	5375	0	Runtime shop/travel enrichment and simple labels may make this intentional
generic_catalog_details	poi_002773	Transportation	transportation	2351	5379	0	Runtime shop/travel enrichment and simple labels may make this intentional
generic_catalog_details	poi_002774	Bank	bank	3273	5387	0	Runtime shop/travel enrichment and simple labels may make this intentional
generic_catalog_details	poi_002775	Bank	bank	3315	5395	0	Runtime shop/travel enrichment and simple labels may make this intentional
generic_catalog_details	poi_002776	Bank	bank	3349	5401	0	Runtime shop/travel enrichment and simple labels may make this intentional
generic_catalog_details	poi_002778	Agility short-cut	agility_short-cut	2358	5435	0	Runtime shop/travel enrichment and simple labels may make this intentional
generic_catalog_details	poi_002779	Farming patch	farming_patch	3335	5447	0	Runtime shop/travel enrichment and simple labels may make this intentional
generic_catalog_details	poi_002780	Farming patch	farming_patch	3318	5448	0	Runtime shop/travel enrichment and simple labels may make this intentional
generic_catalog_details	poi_002781	Rare trees	rare_trees	3287	5452	0	Runtime shop/travel enrichment and simple labels may make this intentional
generic_catalog_details	poi_002783	Water source	water_source	3350	5454	0	Runtime shop/travel enrichment and simple labels may make this intentional
generic_catalog_details	poi_002784	Rare trees	rare_trees	3352	5455	0	Runtime shop/travel enrichment and simple labels may make this intentional
generic_catalog_details	poi_002787	Rare trees	rare_trees	3320	5457	0	Runtime shop/travel enrichment and simple labels may make this intentional
generic_catalog_details	poi_002788	Bank	bank	3334	5458	0	Runtime shop/travel enrichment and simple labels may make this intentional
generic_catalog_details	poi_002789	Water source	water_source	1772	5459	0	Runtime shop/travel enrichment and simple labels may make this intentional
generic_catalog_details	poi_002790	Farming patch	farming_patch	3287	5460	0	Runtime shop/travel enrichment and simple labels may make this intentional
generic_catalog_details	poi_002791	Water source	water_source	3269	5462	0	Runtime shop/travel enrichment and simple labels may make this intentional
generic_catalog_details	poi_002792	Water source	water_source	3304	5463	0	Runtime shop/travel enrichment and simple labels may make this intentional
generic_catalog_details	poi_002793	Bank	bank	3313	5463	0	Runtime shop/travel enrichment and simple labels may make this intentional
generic_catalog_details	poi_002794	Bank	bank	3275	5466	0	Runtime shop/travel enrichment and simple labels may make this intentional
generic_catalog_details	poi_002795	Transportation	transportation	2912	5472	0	Runtime shop/travel enrichment and simple labels may make this intentional
generic_catalog_details	poi_002796	Pub/bar	bar	1757	5484	0	Runtime shop/travel enrichment and simple labels may make this intentional
generic_catalog_details	poi_002797	Task Master	task_master	2018	5507	0	Runtime shop/travel enrichment and simple labels may make this intentional
generic_catalog_details	poi_002798	Transportation	transportation	2031	5507	0	Runtime shop/travel enrichment and simple labels may make this intentional
generic_catalog_details	poi_002799	Transportation	transportation	1921	5535	0	Runtime shop/travel enrichment and simple labels may make this intentional
generic_catalog_details	poi_002800	Minigame	minigame	1934	5536	0	Runtime shop/travel enrichment and simple labels may make this intentional
generic_catalog_details	poi_002802	Dungeon with map link	dungeon_link	2015	5544	0	Runtime shop/travel enrichment and simple labels may make this intentional
generic_catalog_details	poi_002805	Agility short-cut	agility_short-cut	2038	5563	0	Runtime shop/travel enrichment and simple labels may make this intentional
generic_catalog_details	poi_002806	Transportation	transportation	1503	5573	0	Runtime shop/travel enrichment and simple labels may make this intentional
generic_catalog_details	poi_002807	Agility course	agility_training	1500	5596	0	Runtime shop/travel enrichment and simple labels may make this intentional
generic_catalog_details	poi_002808	Agility training	agility_training	1485	5599	0	Runtime shop/travel enrichment and simple labels may make this intentional
generic_catalog_details	poi_002809	Agility training	agility_training	1520	5599	0	Runtime shop/travel enrichment and simple labels may make this intentional
generic_catalog_details	poi_002810	Dungeon	dungeon	2027	5612	0	Runtime shop/travel enrichment and simple labels may make this intentional
generic_catalog_details	poi_002811	Bank	bank	3016	5625	0	Runtime shop/travel enrichment and simple labels may make this intentional
generic_catalog_details	poi_002812	Transportation	transportation	2399	5629	0	Runtime shop/travel enrichment and simple labels may make this intentional
generic_catalog_details	poi_002813	Dungeon with map link	dungeon_link	3015	5630	0	Runtime shop/travel enrichment and simple labels may make this intentional
generic_catalog_details	poi_002814	Agility short-cut	agility_short-cut	3744	5641	0	Runtime shop/travel enrichment and simple labels may make this intentional
generic_catalog_details	poi_002815	Agility short-cut	agility_short-cut	3745	5646	0	Runtime shop/travel enrichment and simple labels may make this intentional
generic_catalog_details	poi_002816	Bank	bank	3761	5666	0	Runtime shop/travel enrichment and simple labels may make this intentional
generic_catalog_details	poi_002817	Agility short-cut	agility_short-cut	3759	5670	0	Runtime shop/travel enrichment and simple labels may make this intentional
generic_catalog_details	poi_002818	Agility short-cut	agility_short-cut	3765	5671	0	Runtime shop/travel enrichment and simple labels may make this intentional
generic_catalog_details	poi_002819	Transportation	transportation	2463	5693	0	Runtime shop/travel enrichment and simple labels may make this intentional
generic_catalog_details	poi_002820	Transportation	transportation	3169	5727	0	Runtime shop/travel enrichment and simple labels may make this intentional
generic_catalog_details	poi_002821	Dungeon with map link	dungeon_link	2952	5766	0	Runtime shop/travel enrichment and simple labels may make this intentional
generic_catalog_details	poi_002824	Bank	bank	2979	5798	0	Runtime shop/travel enrichment and simple labels may make this intentional
generic_catalog_details	poi_002825	Anvil	anvil	2958	5802	0	Runtime shop/travel enrichment and simple labels may make this intentional
generic_catalog_details	poi_002830	Anvil	anvil	2026	5856	0	Runtime shop/travel enrichment and simple labels may make this intentional
generic_catalog_details	poi_002832	Potters wheel	potters_wheel	1971	5877	0	Runtime shop/travel enrichment and simple labels may make this intentional
generic_catalog_details	poi_002833	Rare trees	rare_trees	2063	5880	0	Runtime shop/travel enrichment and simple labels may make this intentional
generic_catalog_details	poi_002834	Water source	water_source	1970	5884	0	Runtime shop/travel enrichment and simple labels may make this intentional
generic_catalog_details	poi_002835	Dungeon with map link	dungeon_link	3457	5885	0	Runtime shop/travel enrichment and simple labels may make this intentional
generic_catalog_details	poi_002836	Transportation	transportation	3340	5892	0	Runtime shop/travel enrichment and simple labels may make this intentional
generic_catalog_details	poi_002837	Hunter training	hunter_training	1967	5894	0	Runtime shop/travel enrichment and simple labels may make this intentional
generic_catalog_details	poi_002838	Water source	water_source	3362	5896	0	Runtime shop/travel enrichment and simple labels may make this intentional
generic_catalog_details	poi_002839	Poll booth	poll_booth	3351	5903	0	Runtime shop/travel enrichment and simple labels may make this intentional
generic_catalog_details	poi_002840	Bank	bank	3361	5908	0	Runtime shop/travel enrichment and simple labels may make this intentional
generic_catalog_details	poi_002842	Estate Agent	estate_agent	3343	5915	0	Runtime shop/travel enrichment and simple labels may make this intentional
generic_catalog_details	poi_002843	Dungeon with map link	dungeon_link	3336	5918	0	Runtime shop/travel enrichment and simple labels may make this intentional
generic_catalog_details	poi_002844	Platebody shop	platebody_shop	3357	5918	0	Runtime shop/travel enrichment and simple labels may make this intentional
generic_catalog_details	poi_002845	Spice shop	spice_shop	3363	5921	0	Runtime shop/travel enrichment and simple labels may make this intentional
generic_catalog_details	poi_002846	Cooking range	cooking_range	3352	5922	0	Runtime shop/travel enrichment and simple labels may make this intentional
generic_catalog_details	poi_002847	Agility training	agility_training	3378	5922	0	Runtime shop/travel enrichment and simple labels may make this intentional
generic_catalog_details	poi_002848	Minigame	minigame	2018	5927	0	Runtime shop/travel enrichment and simple labels may make this intentional
generic_catalog_details	poi_002849	Transportation	transportation	2013	5930	0	Runtime shop/travel enrichment and simple labels may make this intentional
generic_catalog_details	poi_002850	Poll booth	poll_booth	2024	5930	0	Runtime shop/travel enrichment and simple labels may make this intentional
generic_catalog_details	poi_002851	Bank	bank	2020	5932	0	Runtime shop/travel enrichment and simple labels may make this intentional
generic_catalog_details	poi_002852	Rare trees	rare_trees	1974	5935	0	Runtime shop/travel enrichment and simple labels may make this intentional
generic_catalog_details	poi_002853	Water source	water_source	3334	5935	0	Runtime shop/travel enrichment and simple labels may make this intentional
generic_catalog_details	poi_002854	Water source	water_source	3345	5935	0	Runtime shop/travel enrichment and simple labels may make this intentional
generic_catalog_details	poi_002855	Transportation	transportation	3386	5948	0	Runtime shop/travel enrichment and simple labels may make this intentional
generic_catalog_details	poi_002858	Bank	bank	2395	5985	0	Runtime shop/travel enrichment and simple labels may make this intentional
generic_catalog_details	poi_002859	Bank	bank	2405	5986	0	Runtime shop/travel enrichment and simple labels may make this intentional
generic_catalog_details	poi_002860	Dungeon	dungeon	2117	5991	0	Runtime shop/travel enrichment and simple labels may make this intentional
generic_catalog_details	poi_002862	Loom	loom	3223	6002	0	Runtime shop/travel enrichment and simple labels may make this intentional
generic_catalog_details	poi_002864	Agility short-cut	agility_short-cut	3362	6005	0	Runtime shop/travel enrichment and simple labels may make this intentional
generic_catalog_details	poi_002866	Water source	water_source	2879	6021	0	Runtime shop/travel enrichment and simple labels may make this intentional
generic_catalog_details	poi_002868	Hunter training	hunter_training	1936	6022	0	Runtime shop/travel enrichment and simple labels may make this intentional
generic_catalog_details	poi_002869	Dungeon with map link	dungeon_link	3263	6022	0	Runtime shop/travel enrichment and simple labels may make this intentional
generic_catalog_details	poi_002872	Cooking range	cooking_range	3273	6035	0	Runtime shop/travel enrichment and simple labels may make this intentional
generic_catalog_details	poi_002873	Hunter training	hunter_training	2016	6036	0	Runtime shop/travel enrichment and simple labels may make this intentional
generic_catalog_details	poi_002874	Water source	water_source	3270	6037	0	Runtime shop/travel enrichment and simple labels may make this intentional
generic_catalog_details	poi_002875	Cooking range	cooking_range	3237	6038	0	Runtime shop/travel enrichment and simple labels may make this intentional
generic_catalog_details	poi_002876	Cooking range	cooking_range	3254	6039	0	Runtime shop/travel enrichment and simple labels may make this intentional
generic_catalog_details	poi_002877	Agility short-cut	agility_short-cut	3362	6040	0	Runtime shop/travel enrichment and simple labels may make this intentional
generic_catalog_details	poi_002880	Singing bowl	singing_bowl	3295	6043	0	Runtime shop/travel enrichment and simple labels may make this intentional
generic_catalog_details	poi_002881	Rare trees	rare_trees	1956	6044	0	Runtime shop/travel enrichment and simple labels may make this intentional
generic_catalog_details	poi_002883	Mining shop	mining_shop	3291	6044	0	Runtime shop/travel enrichment and simple labels may make this intentional
generic_catalog_details	poi_002884	Water source	water_source	3257	6046	0	Runtime shop/travel enrichment and simple labels may make this intentional
generic_catalog_details	poi_002886	Dummy	dummy	3252	6047	0	Runtime shop/travel enrichment and simple labels may make this intentional
generic_catalog_details	poi_002887	Imbued altar	altar	3022	6049	0	Runtime shop/travel enrichment and simple labels may make this intentional
generic_catalog_details	poi_002888	Furnace	furnace	3045	6049	0	Runtime shop/travel enrichment and simple labels may make this intentional
generic_catalog_details	poi_002890	Water source	water_source	3285	6049	0	Runtime shop/travel enrichment and simple labels may make this intentional
generic_catalog_details	poi_002891	Furnace	furnace	3287	6052	0	Runtime shop/travel enrichment and simple labels may make this intentional
generic_catalog_details	poi_002892	General store	general_store	3301	6052	0	Runtime shop/travel enrichment and simple labels may make this intentional
generic_catalog_details	poi_002893	Agility short-cut	agility_short-cut	3370	6052	0	Runtime shop/travel enrichment and simple labels may make this intentional
generic_catalog_details	poi_002894	Spinning wheel	spinning_wheel	1978	6054	0	Runtime shop/travel enrichment and simple labels may make this intentional
generic_catalog_details	poi_002895	Anvil	anvil	3285	6055	0	Runtime shop/travel enrichment and simple labels may make this intentional
generic_catalog_details	poi_002896	Estate Agent	estate_agent	3219	6057	0	Runtime shop/travel enrichment and simple labels may make this intentional
generic_catalog_details	poi_002897	Poll booth	poll_booth	3297	6057	0	Runtime shop/travel enrichment and simple labels may make this intentional
generic_catalog_details	poi_002900	Dye trader	dye_trader	3230	6058	0	Runtime shop/travel enrichment and simple labels may make this intentional
generic_catalog_details	poi_002901	Platebody shop	platebody_shop	3253	6059	0	Runtime shop/travel enrichment and simple labels may make this intentional
generic_catalog_details	poi_002903	Sword shop	sword_shop	3259	6060	0	Runtime shop/travel enrichment and simple labels may make this intentional
generic_catalog_details	poi_002904	Bank	bank	3294	6061	0	Runtime shop/travel enrichment and simple labels may make this intentional
generic_catalog_details	poi_002905	Rare trees	rare_trees	2003	6063	0	Runtime shop/travel enrichment and simple labels may make this intentional
generic_catalog_details	poi_002906	Dungeon	dungeon	1939	6066	0	Runtime shop/travel enrichment and simple labels may make this intentional
generic_catalog_details	poi_002907	Singing bowl	singing_bowl	3239	6066	0	Runtime shop/travel enrichment and simple labels may make this intentional
generic_catalog_details	poi_002909	Dungeon with map link	dungeon_link	3033	6069	0	Runtime shop/travel enrichment and simple labels may make this intentional
generic_catalog_details	poi_002910	Clothes shop	clothes_shop	3231	6069	0	Runtime shop/travel enrichment and simple labels may make this intentional
generic_catalog_details	poi_002911	Crafting shop	crafting_shop	3222	6072	0	Runtime shop/travel enrichment and simple labels may make this intentional
generic_catalog_details	poi_002912	Water source	water_source	2816	6074	0	Runtime shop/travel enrichment and simple labels may make this intentional
generic_catalog_details	poi_002913	Spinning wheel	spinning_wheel	3226	6074	0	Runtime shop/travel enrichment and simple labels may make this intentional
generic_catalog_details	poi_002914	Archery shop	archery_shop	3306	6074	0	Runtime shop/travel enrichment and simple labels may make this intentional
generic_catalog_details	poi_002915	Loom	loom	3218	6075	0	Runtime shop/travel enrichment and simple labels may make this intentional
generic_catalog_details	poi_002916	Mooring point	mooring_point	3183	6076	0	Runtime shop/travel enrichment and simple labels may make this intentional
generic_catalog_details	poi_002917	Shipwright	shipwright	3195	6076	0	Runtime shop/travel enrichment and simple labels may make this intentional
generic_catalog_details	poi_002919	Dungeon with map link	dungeon_link	3207	6079	0	Runtime shop/travel enrichment and simple labels may make this intentional
generic_catalog_details	poi_002920	Dungeon with map link	dungeon_link	3321	6079	0	Runtime shop/travel enrichment and simple labels may make this intentional
generic_catalog_details	poi_002921	Port task board	noticeboard	3194	6080	0	Runtime shop/travel enrichment and simple labels may make this intentional
generic_catalog_details	poi_002922	Dungeon	dungeon	2464	6082	0	Runtime shop/travel enrichment and simple labels may make this intentional
generic_catalog_details	poi_002923	Rare trees	rare_trees	2733	6085	0	Runtime shop/travel enrichment and simple labels may make this intentional
generic_catalog_details	poi_002924	Anvil	anvil	2441	6086	0	Runtime shop/travel enrichment and simple labels may make this intentional
generic_catalog_details	poi_002925	Cargo bay	cargo_bay	3197	6087	0	Runtime shop/travel enrichment and simple labels may make this intentional
generic_catalog_details	poi_002927	Farming shop	farming_shop	3295	6088	0	Runtime shop/travel enrichment and simple labels may make this intentional
generic_catalog_details	poi_002928	Cooking range	cooking_range	3285	6089	0	Runtime shop/travel enrichment and simple labels may make this intentional
generic_catalog_details	poi_002930	Water source	water_source	3240	6092	0	Runtime shop/travel enrichment and simple labels may make this intentional
generic_catalog_details	poi_002931	Spice shop	spice_shop	3277	6094	0	Runtime shop/travel enrichment and simple labels may make this intentional
generic_catalog_details	poi_002932	Silk trader	silk_trader	3282	6094	0	Runtime shop/travel enrichment and simple labels may make this intentional
generic_catalog_details	poi_002933	Silver shop	silver_shop	3282	6098	0	Runtime shop/travel enrichment and simple labels may make this intentional
generic_catalog_details	poi_002935	Gem shop	gem_shop	3276	6099	0	Runtime shop/travel enrichment and simple labels may make this intentional
generic_catalog_details	poi_002938	Shipwreck salvaging	salvaging	3167	6102	0	Runtime shop/travel enrichment and simple labels may make this intentional
generic_catalog_details	poi_002941	Food shop	food_shop	3275	6103	0	Runtime shop/travel enrichment and simple labels may make this intentional
generic_catalog_details	poi_002942	Farming patch	farming_patch	2792	6104	0	Runtime shop/travel enrichment and simple labels may make this intentional
generic_catalog_details	poi_002943	Bank	bank	3257	6104	0	Runtime shop/travel enrichment and simple labels may make this intentional
generic_catalog_details	poi_002944	Poll booth	poll_booth	2802	6105	0	Runtime shop/travel enrichment and simple labels may make this intentional
generic_catalog_details	poi_002945	Dairy churn	dairy_churn	3271	6105	0	Runtime shop/travel enrichment and simple labels may make this intentional
generic_catalog_details	poi_002946	Archery shop	archery_shop	2772	6107	0	Runtime shop/travel enrichment and simple labels may make this intentional
generic_catalog_details	poi_002947	Cooking range	cooking_range	3274	6107	0	Runtime shop/travel enrichment and simple labels may make this intentional
generic_catalog_details	poi_002948	Bank	bank	2799	6109	0	Runtime shop/travel enrichment and simple labels may make this intentional
generic_catalog_details	poi_002950	Water source	water_source	3284	6111	0	Runtime shop/travel enrichment and simple labels may make this intentional
generic_catalog_details	poi_002951	Cooking range	cooking_range	3271	6113	0	Runtime shop/travel enrichment and simple labels may make this intentional
generic_catalog_details	poi_002952	Altar	altar	1713	6115	0	Runtime shop/travel enrichment and simple labels may make this intentional
generic_catalog_details	poi_002953	Water source	water_source	2785	6115	0	Runtime shop/travel enrichment and simple labels may make this intentional
generic_catalog_details	poi_002954	Sandpit	sandpit	3240	6115	0	Runtime shop/travel enrichment and simple labels may make this intentional
generic_catalog_details	poi_002957	Altar	altar	3246	6116	0	Runtime shop/travel enrichment and simple labels may make this intentional
generic_catalog_details	poi_002958	Sawmill	sawmill	3316	6117	0	Runtime shop/travel enrichment and simple labels may make this intentional
generic_catalog_details	poi_002959	Water source	water_source	1682	6118	0	Runtime shop/travel enrichment and simple labels may make this intentional
generic_catalog_details	poi_002960	Canoe station	canoe_station	3256	6118	0	Runtime shop/travel enrichment and simple labels may make this intentional
generic_catalog_details	poi_002961	Herbalist	herbalist	3286	6118	0	Runtime shop/travel enrichment and simple labels may make this intentional
generic_catalog_details	poi_002962	Crafting shop	crafting_shop	2775	6120	0	Runtime shop/travel enrichment and simple labels may make this intentional
generic_catalog_details	poi_002966	Spinning wheel	spinning_wheel	2771	6124	0	Runtime shop/travel enrichment and simple labels may make this intentional
generic_catalog_details	poi_002968	Cooking range	cooking_range	3271	6125	0	Runtime shop/travel enrichment and simple labels may make this intentional
generic_catalog_details	poi_002969	Noticeboard	noticeboard	3303	6125	0	Runtime shop/travel enrichment and simple labels may make this intentional
generic_catalog_details	poi_002970	Pub/bar	bar	3238	6126	0	Runtime shop/travel enrichment and simple labels may make this intentional
generic_catalog_details	poi_002971	Mace shop	mace_shop	3253	6126	0	Runtime shop/travel enrichment and simple labels may make this intentional
generic_catalog_details	poi_002972	Dungeon	dungeon	1680	6127	0	Runtime shop/travel enrichment and simple labels may make this intentional
generic_catalog_details	poi_002973	Water source	water_source	3269	6127	0	Runtime shop/travel enrichment and simple labels may make this intentional
generic_catalog_details	poi_002974	Poll booth	poll_booth	1710	6128	0	Runtime shop/travel enrichment and simple labels may make this intentional
generic_catalog_details	poi_002975	General store	general_store	2783	6129	0	Runtime shop/travel enrichment and simple labels may make this intentional
generic_catalog_details	poi_002978	Bank	bank	1714	6133	0	Runtime shop/travel enrichment and simple labels may make this intentional
generic_catalog_details	poi_002979	Dungeon	dungeon	1703	6134	0	Runtime shop/travel enrichment and simple labels may make this intentional
generic_catalog_details	poi_002980	Dungeon with map link	dungeon_link	3263	6136	0	Runtime shop/travel enrichment and simple labels may make this intentional
generic_catalog_details	poi_002981	Water source	water_source	3226	6151	0	Runtime shop/travel enrichment and simple labels may make this intentional
generic_catalog_details	poi_002982	Water source	water_source	2078	6154	0	Runtime shop/travel enrichment and simple labels may make this intentional
generic_catalog_details	poi_002983	Cooking range	cooking_range	3229	6155	0	Runtime shop/travel enrichment and simple labels may make this intentional
generic_catalog_details	poi_002984	Cooking range	cooking_range	2049	6156	0	Runtime shop/travel enrichment and simple labels may make this intentional
generic_catalog_details	poi_002985	Cooking range	cooking_range	2081	6156	0	Runtime shop/travel enrichment and simple labels may make this intentional
generic_catalog_details	poi_002986	Vegetable store	vegetable_store	2059	6157	0	Runtime shop/travel enrichment and simple labels may make this intentional
generic_catalog_details	poi_002987	Gem shop	gem_shop	2064	6157	0	Runtime shop/travel enrichment and simple labels may make this intentional
generic_catalog_details	poi_002988	Canoe station	canoe_station	2075	6158	0	Runtime shop/travel enrichment and simple labels may make this intentional
generic_catalog_details	poi_002989	Rare trees	rare_trees	2067	6159	0	Runtime shop/travel enrichment and simple labels may make this intentional
generic_catalog_details	poi_002990	Rare trees	rare_trees	2099	6159	0	Runtime shop/travel enrichment and simple labels may make this intentional
generic_catalog_details	poi_002991	Dungeon	dungeon	2761	6159	0	Runtime shop/travel enrichment and simple labels may make this intentional
generic_catalog_details	poi_002992	Silver shop	silver_shop	2079	6160	0	Runtime shop/travel enrichment and simple labels may make this intentional
generic_catalog_details	poi_002994	Windmill	windmill	3222	6163	0	Runtime shop/travel enrichment and simple labels may make this intentional
generic_catalog_details	poi_002995	Cooking range	cooking_range	3234	6163	0	Runtime shop/travel enrichment and simple labels may make this intentional
generic_catalog_details	poi_002996	Water source	water_source	2108	6164	0	Runtime shop/travel enrichment and simple labels may make this intentional
generic_catalog_details	poi_002997	Rare trees	rare_trees	2050	6165	0	Runtime shop/travel enrichment and simple labels may make this intentional
generic_catalog_details	poi_002998	Rare trees	rare_trees	2082	6165	0	Runtime shop/travel enrichment and simple labels may make this intentional
generic_catalog_details	poi_003000	Farming patch	farming_patch	2920	6168	0	Runtime shop/travel enrichment and simple labels may make this intentional
generic_catalog_details	poi_003001	Dungeon with map link	dungeon_link	2061	6169	0	Runtime shop/travel enrichment and simple labels may make this intentional
generic_catalog_details	poi_003002	Dungeon with map link	dungeon_link	2093	6169	0	Runtime shop/travel enrichment and simple labels may make this intentional
generic_catalog_details	poi_003003	Poll booth	poll_booth	2930	6169	0	Runtime shop/travel enrichment and simple labels may make this intentional
generic_catalog_details	poi_003004	Archery shop	archery_shop	2900	6171	0	Runtime shop/travel enrichment and simple labels may make this intentional
generic_catalog_details	poi_003005	Dairy cow	dairy_cow	3221	6172	0	Runtime shop/travel enrichment and simple labels may make this intentional
generic_catalog_details	poi_003006	Rare trees	rare_trees	2050	6173	0	Runtime shop/travel enrichment and simple labels may make this intentional
generic_catalog_details	poi_003007	Rare trees	rare_trees	2082	6173	0	Runtime shop/travel enrichment and simple labels may make this intentional
generic_catalog_details	poi_003008	Bank	bank	2927	6173	0	Runtime shop/travel enrichment and simple labels may make this intentional
generic_catalog_details	poi_003009	Water source	water_source	2108	6174	0	Runtime shop/travel enrichment and simple labels may make this intentional
generic_catalog_details	poi_003010	Transportation	transportation	3242	6177	0	Runtime shop/travel enrichment and simple labels may make this intentional
generic_catalog_details	poi_003011	Silk trader	silk_trader	2079	6178	0	Runtime shop/travel enrichment and simple labels may make this intentional
generic_catalog_details	poi_003012	Rare trees	rare_trees	2067	6179	0	Runtime shop/travel enrichment and simple labels may make this intentional
generic_catalog_details	poi_003013	Rare trees	rare_trees	2099	6179	0	Runtime shop/travel enrichment and simple labels may make this intentional
generic_catalog_details	poi_003014	Water source	water_source	2913	6179	0	Runtime shop/travel enrichment and simple labels may make this intentional
generic_catalog_details	poi_003016	Altar	altar	3308	6179	0	Runtime shop/travel enrichment and simple labels may make this intentional
generic_catalog_details	poi_003019	Gem shop	gem_shop	2058	6181	0	Runtime shop/travel enrichment and simple labels may make this intentional
generic_catalog_details	poi_003020	Food shop	food_shop	2063	6181	0	Runtime shop/travel enrichment and simple labels may make this intentional
generic_catalog_details	poi_003022	Crafting shop	crafting_shop	2903	6184	0	Runtime shop/travel enrichment and simple labels may make this intentional
generic_catalog_details	poi_003023	Spinning wheel	spinning_wheel	2899	6188	0	Runtime shop/travel enrichment and simple labels may make this intentional
generic_catalog_details	poi_003024	General store	general_store	2911	6193	0	Runtime shop/travel enrichment and simple labels may make this intentional
generic_catalog_details	poi_003025	Shipwreck salvaging	salvaging	3247	6196	0	Runtime shop/travel enrichment and simple labels may make this intentional
generic_catalog_details	poi_003027	Agility short-cut	agility_short-cut	2786	6197	0	Runtime shop/travel enrichment and simple labels may make this intentional
generic_catalog_details	poi_003029	Dungeon	dungeon	2433	6203	0	Runtime shop/travel enrichment and simple labels may make this intentional
generic_catalog_details	poi_003030	Bank	bank	2190	6227	0	Runtime shop/travel enrichment and simple labels may make this intentional
generic_catalog_details	poi_003031	Pub/bar	bar	2206	6241	0	Runtime shop/travel enrichment and simple labels may make this intentional
generic_catalog_details	poi_003032	Water source	water_source	2348	6338	0	Runtime shop/travel enrichment and simple labels may make this intentional
generic_catalog_details	poi_003033	Cooking range	cooking_range	2350	6338	0	Runtime shop/travel enrichment and simple labels may make this intentional
generic_catalog_details	poi_003034	Water source	water_source	2604	6338	0	Runtime shop/travel enrichment and simple labels may make this intentional
generic_catalog_details	poi_003035	Cooking range	cooking_range	2606	6338	0	Runtime shop/travel enrichment and simple labels may make this intentional
generic_catalog_details	poi_003036	Transportation	transportation	2343	6341	0	Runtime shop/travel enrichment and simple labels may make this intentional
generic_catalog_details	poi_003038	Cooking range	cooking_range	2335	6344	0	Runtime shop/travel enrichment and simple labels may make this intentional
generic_catalog_details	poi_003039	Cooking range	cooking_range	2591	6344	0	Runtime shop/travel enrichment and simple labels may make this intentional
generic_catalog_details	poi_003040	Water source	water_source	2338	6345	0	Runtime shop/travel enrichment and simple labels may make this intentional
generic_catalog_details	poi_003041	Water source	water_source	2594	6345	0	Runtime shop/travel enrichment and simple labels may make this intentional
generic_catalog_details	poi_003042	Transportation	transportation	1952	6348	0	Runtime shop/travel enrichment and simple labels may make this intentional
generic_catalog_details	poi_003043	Water source	water_source	2345	6350	0	Runtime shop/travel enrichment and simple labels may make this intentional
generic_catalog_details	poi_003044	Water source	water_source	2601	6350	0	Runtime shop/travel enrichment and simple labels may make this intentional
generic_catalog_details	poi_003045	Furnace	furnace	2352	6351	0	Runtime shop/travel enrichment and simple labels may make this intentional
generic_catalog_details	poi_003046	Furnace	furnace	2608	6351	0	Runtime shop/travel enrichment and simple labels may make this intentional
generic_catalog_details	poi_003049	Agility short-cut	agility_short-cut	2070	6368	0	Runtime shop/travel enrichment and simple labels may make this intentional
generic_catalog_details	poi_003050	Furnace	furnace	2352	6369	0	Runtime shop/travel enrichment and simple labels may make this intentional
generic_catalog_details	poi_003051	Furnace	furnace	2608	6369	0	Runtime shop/travel enrichment and simple labels may make this intentional
generic_catalog_details	poi_003052	Water source	water_source	2345	6370	0	Runtime shop/travel enrichment and simple labels may make this intentional
generic_catalog_details	poi_003053	Water source	water_source	2601	6370	0	Runtime shop/travel enrichment and simple labels may make this intentional
generic_catalog_details	poi_003054	Transportation	transportation	2066	6371	0	Runtime shop/travel enrichment and simple labels may make this intentional
generic_catalog_details	poi_003056	Cooking range	cooking_range	2327	6375	0	Runtime shop/travel enrichment and simple labels may make this intentional
generic_catalog_details	poi_003057	Cooking range	cooking_range	2583	6375	0	Runtime shop/travel enrichment and simple labels may make this intentional
generic_catalog_details	poi_003058	Water source	water_source	2326	6377	0	Runtime shop/travel enrichment and simple labels may make this intentional
generic_catalog_details	poi_003059	Water source	water_source	2582	6377	0	Runtime shop/travel enrichment and simple labels may make this intentional
generic_catalog_details	poi_003060	Transportation	transportation	2355	6379	0	Runtime shop/travel enrichment and simple labels may make this intentional
generic_catalog_details	poi_003062	Agility short-cut	agility_short-cut	2091	6380	0	Runtime shop/travel enrichment and simple labels may make this intentional
generic_catalog_details	poi_003063	Water source	water_source	2343	6380	0	Runtime shop/travel enrichment and simple labels may make this intentional
generic_catalog_details	poi_003064	Water source	water_source	2599	6380	0	Runtime shop/travel enrichment and simple labels may make this intentional
generic_catalog_details	poi_003065	Agility short-cut	agility_short-cut	2096	6383	0	Runtime shop/travel enrichment and simple labels may make this intentional
generic_catalog_details	poi_003066	Cooking range	cooking_range	2328	6383	0	Runtime shop/travel enrichment and simple labels may make this intentional
generic_catalog_details	poi_003067	Cooking range	cooking_range	2584	6383	0	Runtime shop/travel enrichment and simple labels may make this intentional
generic_catalog_details	poi_003068	Water source	water_source	2327	6387	0	Runtime shop/travel enrichment and simple labels may make this intentional
generic_catalog_details	poi_003069	Water source	water_source	2583	6387	0	Runtime shop/travel enrichment and simple labels may make this intentional
generic_catalog_details	poi_003070	Water source	water_source	2343	6390	0	Runtime shop/travel enrichment and simple labels may make this intentional
generic_catalog_details	poi_003071	Water source	water_source	2599	6390	0	Runtime shop/travel enrichment and simple labels may make this intentional
generic_catalog_details	poi_003072	Transportation	transportation	1740	6403	0	Runtime shop/travel enrichment and simple labels may make this intentional
generic_catalog_details	poi_003073	Transportation	transportation	2177	6403	0	Runtime shop/travel enrichment and simple labels may make this intentional
generic_catalog_details	poi_003074	Transportation	transportation	1918	6405	0	Runtime shop/travel enrichment and simple labels may make this intentional
generic_catalog_details	poi_003075	Transportation	transportation	2396	6405	0	Runtime shop/travel enrichment and simple labels may make this intentional
generic_catalog_details	poi_003077	Dungeon	dungeon	1790	6406	0	Runtime shop/travel enrichment and simple labels may make this intentional
generic_catalog_details	poi_003078	Cooking range	cooking_range	2394	6408	0	Runtime shop/travel enrichment and simple labels may make this intentional
generic_catalog_details	poi_003079	Cooking range	cooking_range	2650	6408	0	Runtime shop/travel enrichment and simple labels may make this intentional
generic_catalog_details	poi_003080	Water source	water_source	2393	6410	0	Runtime shop/travel enrichment and simple labels may make this intentional
generic_catalog_details	poi_003081	Water source	water_source	2407	6410	0	Runtime shop/travel enrichment and simple labels may make this intentional
generic_catalog_details	poi_003082	Cooking range	cooking_range	2410	6410	0	Runtime shop/travel enrichment and simple labels may make this intentional
generic_catalog_details	poi_003083	Water source	water_source	2649	6410	0	Runtime shop/travel enrichment and simple labels may make this intentional
generic_catalog_details	poi_003084	Water source	water_source	2663	6410	0	Runtime shop/travel enrichment and simple labels may make this intentional
generic_catalog_details	poi_003085	Cooking range	cooking_range	2666	6410	0	Runtime shop/travel enrichment and simple labels may make this intentional
generic_catalog_details	poi_003086	Transportation	transportation	1862	6411	0	Runtime shop/travel enrichment and simple labels may make this intentional
generic_catalog_details	poi_003087	Transportation	transportation	2435	6415	0	Runtime shop/travel enrichment and simple labels may make this intentional
generic_catalog_details	poi_003089	Transportation	transportation	2361	6417	0	Runtime shop/travel enrichment and simple labels may make this intentional
generic_catalog_details	poi_003091	Transportation	transportation	1790	6418	0	Runtime shop/travel enrichment and simple labels may make this intentional
generic_catalog_details	poi_003092	Transportation	transportation	2040	6423	0	Runtime shop/travel enrichment and simple labels may make this intentional
generic_catalog_details	poi_003093	Transportation	transportation	2337	6424	0	Runtime shop/travel enrichment and simple labels may make this intentional
generic_catalog_details	poi_003095	Transportation	transportation	2180	6425	0	Runtime shop/travel enrichment and simple labels may make this intentional
generic_catalog_details	poi_003096	Agility short-cut	agility_short-cut	2040	6427	0	Runtime shop/travel enrichment and simple labels may make this intentional
generic_catalog_details	poi_003097	Dungeon	dungeon	2047	6427	0	Runtime shop/travel enrichment and simple labels may make this intentional
generic_catalog_details	poi_003098	Pub/bar	bar	2380	6427	0	Runtime shop/travel enrichment and simple labels may make this intentional
generic_catalog_details	poi_003099	Pub/bar	bar	2636	6427	0	Runtime shop/travel enrichment and simple labels may make this intentional
generic_catalog_details	poi_003100	Water source	water_source	2373	6428	0	Runtime shop/travel enrichment and simple labels may make this intentional
generic_catalog_details	poi_003101	Cooking range	cooking_range	2375	6428	0	Runtime shop/travel enrichment and simple labels may make this intentional
generic_catalog_details	poi_003102	Water source	water_source	2629	6428	0	Runtime shop/travel enrichment and simple labels may make this intentional
generic_catalog_details	poi_003103	Cooking range	cooking_range	2631	6428	0	Runtime shop/travel enrichment and simple labels may make this intentional
generic_catalog_details	poi_003104	Agility short-cut	agility_short-cut	2032	6430	0	Runtime shop/travel enrichment and simple labels may make this intentional
generic_catalog_details	poi_003105	Water source	water_source	2433	6433	0	Runtime shop/travel enrichment and simple labels may make this intentional
generic_catalog_details	poi_003106	Water source	water_source	2689	6433	0	Runtime shop/travel enrichment and simple labels may make this intentional
generic_catalog_details	poi_003107	Dungeon	dungeon	2051	6434	0	Runtime shop/travel enrichment and simple labels may make this intentional
generic_catalog_details	poi_003108	Transportation	transportation	2387	6434	0	Runtime shop/travel enrichment and simple labels may make this intentional
generic_catalog_details	poi_003110	Transportation	transportation	1729	6435	0	Runtime shop/travel enrichment and simple labels may make this intentional
generic_catalog_details	poi_003111	Transportation	transportation	2010	6435	0	Runtime shop/travel enrichment and simple labels may make this intentional
generic_catalog_details	poi_003112	Dungeon	dungeon	1878	6436	0	Runtime shop/travel enrichment and simple labels may make this intentional
generic_catalog_details	poi_003113	Transportation	transportation	2065	6436	0	Runtime shop/travel enrichment and simple labels may make this intentional
generic_catalog_details	poi_003114	Cooking range	cooking_range	2435	6436	0	Runtime shop/travel enrichment and simple labels may make this intentional
generic_catalog_details	poi_003115	Cooking range	cooking_range	2691	6436	0	Runtime shop/travel enrichment and simple labels may make this intentional
generic_catalog_details	poi_003116	Apothecary	apothecary	3035	6438	0	Runtime shop/travel enrichment and simple labels may make this intentional
generic_catalog_details	poi_003117	Apothecary	apothecary	3043	6438	0	Runtime shop/travel enrichment and simple labels may make this intentional
generic_catalog_details	poi_003118	Dungeon	dungeon	2043	6441	0	Runtime shop/travel enrichment and simple labels may make this intentional
generic_catalog_details	poi_003119	Cooking range	cooking_range	2419	6443	0	Runtime shop/travel enrichment and simple labels may make this intentional
generic_catalog_details	poi_003120	Cooking range	cooking_range	2675	6443	0	Runtime shop/travel enrichment and simple labels may make this intentional
generic_catalog_details	poi_003121	Transportation	transportation	2238	6444	0	Runtime shop/travel enrichment and simple labels may make this intentional
generic_catalog_details	poi_003122	Water source	water_source	2418	6445	0	Runtime shop/travel enrichment and simple labels may make this intentional
generic_catalog_details	poi_003123	Water source	water_source	2674	6445	0	Runtime shop/travel enrichment and simple labels may make this intentional
generic_catalog_details	poi_003126	Farming patch	farming_patch	3031	6453	0	Runtime shop/travel enrichment and simple labels may make this intentional
generic_catalog_details	poi_003127	Farming patch	farming_patch	3047	6453	0	Runtime shop/travel enrichment and simple labels may make this intentional
generic_catalog_details	poi_003128	Transportation	transportation	1892	6458	0	Runtime shop/travel enrichment and simple labels may make this intentional
generic_catalog_details	poi_003129	Transportation	transportation	1729	6459	0	Runtime shop/travel enrichment and simple labels may make this intentional
generic_catalog_details	poi_003130	Dungeon	dungeon	2177	6460	0	Runtime shop/travel enrichment and simple labels may make this intentional
generic_catalog_details	poi_003131	Transportation	transportation	1872	6461	0	Runtime shop/travel enrichment and simple labels may make this intentional
generic_catalog_details	poi_003132	Transportation	transportation	2234	6462	0	Runtime shop/travel enrichment and simple labels may make this intentional
generic_catalog_details	poi_003133	Transportation	transportation	3161	7711	0	Runtime shop/travel enrichment and simple labels may make this intentional
generic_catalog_details	poi_003136	Agility short-cut	agility_short-cut	2577	7768	0	Runtime shop/travel enrichment and simple labels may make this intentional
generic_catalog_details	poi_003139	Agility short-cut	agility_short-cut	2572	7797	0	Runtime shop/travel enrichment and simple labels may make this intentional
generic_catalog_details	poi_003140	Anvil	anvil	2580	7815	0	Runtime shop/travel enrichment and simple labels may make this intentional
generic_catalog_details	poi_003141	Agility short-cut	agility_short-cut	2657	7816	0	Runtime shop/travel enrichment and simple labels may make this intentional
generic_catalog_details	poi_003142	Transportation	transportation	2576	7818	0	Runtime shop/travel enrichment and simple labels may make this intentional
generic_catalog_details	poi_003143	Transportation	transportation	2654	7818	0	Runtime shop/travel enrichment and simple labels may make this intentional
generic_catalog_details	poi_003145	Agility short-cut	agility_short-cut	2556	7821	0	Runtime shop/travel enrichment and simple labels may make this intentional
generic_catalog_details	poi_003148	Water source	water_source	2592	7826	0	Runtime shop/travel enrichment and simple labels may make this intentional
generic_catalog_details	poi_003149	Bank	bank	2579	7833	0	Runtime shop/travel enrichment and simple labels may make this intentional
generic_catalog_details	poi_003150	Agility short-cut	agility_short-cut	2667	7837	0	Runtime shop/travel enrichment and simple labels may make this intentional
generic_catalog_details	poi_003151	Transportation	transportation	2526	7838	0	Runtime shop/travel enrichment and simple labels may make this intentional
generic_catalog_details	poi_003153	Water source	water_source	2711	7845	0	Runtime shop/travel enrichment and simple labels may make this intentional
generic_catalog_details	poi_003154	Altar	altar	2581	7848	0	Runtime shop/travel enrichment and simple labels may make this intentional
generic_catalog_details	poi_003157	Dungeon with map link	dungeon_link	2564	8606	0	Runtime shop/travel enrichment and simple labels may make this intentional
generic_catalog_details	poi_003158	Mooring point	mooring_point	2582	8607	0	Runtime shop/travel enrichment and simple labels may make this intentional
generic_catalog_details	poi_003159	Mortimer	slayer_master	2590	8614	0	Runtime shop/travel enrichment and simple labels may make this intentional
generic_catalog_details	poi_003161	Dungeon with map link	dungeon_link	2577	8657	0	Runtime shop/travel enrichment and simple labels may make this intentional
generic_catalog_details	poi_003169	Dungeon with map link	dungeon_link	3126	8880	0	Runtime shop/travel enrichment and simple labels may make this intentional
generic_catalog_details	poi_003170	Dungeon with map link	dungeon_link	3237	8882	0	Runtime shop/travel enrichment and simple labels may make this intentional
generic_catalog_details	poi_003171	Hunter training	hunter_training	2905	9110	0	Runtime shop/travel enrichment and simple labels may make this intentional
generic_catalog_details	poi_003172	Dungeon	dungeon	3359	9112	0	Runtime shop/travel enrichment and simple labels may make this intentional
generic_catalog_details	poi_003173	Hunter training	hunter_training	2914	9119	0	Runtime shop/travel enrichment and simple labels may make this intentional
generic_catalog_details	poi_003174	Bank	bank	3353	9119	0	Runtime shop/travel enrichment and simple labels may make this intentional
generic_catalog_details	poi_003175	Raids Lobby	raids_lobby	3359	9121	0	Runtime shop/travel enrichment and simple labels may make this intentional
generic_catalog_details	poi_003176	Hunter training	hunter_training	2906	9127	0	Runtime shop/travel enrichment and simple labels may make this intentional
generic_catalog_details	poi_003178	Hunter training	hunter_training	2915	9135	0	Runtime shop/travel enrichment and simple labels may make this intentional
generic_catalog_details	poi_003179	General store	general_store	1955	9172	0	Runtime shop/travel enrichment and simple labels may make this intentional
generic_catalog_details	poi_003182	Bank	bank	2012	9186	0	Runtime shop/travel enrichment and simple labels may make this intentional
generic_catalog_details	poi_003183	Bank	bank	2093	9197	0	Runtime shop/travel enrichment and simple labels may make this intentional
generic_catalog_details	poi_003185	Agility short-cut	agility_short-cut	2076	9203	0	Runtime shop/travel enrichment and simple labels may make this intentional
generic_catalog_details	poi_003186	Agility short-cut	agility_short-cut	2082	9203	0	Runtime shop/travel enrichment and simple labels may make this intentional
generic_catalog_details	poi_003194	Bank	bank	1398	9312	0	Runtime shop/travel enrichment and simple labels may make this intentional
generic_catalog_details	poi_003195	Dungeon with map link	dungeon_link	1389	9316	0	Runtime shop/travel enrichment and simple labels may make this intentional
generic_catalog_details	poi_003196	Dungeon with map link	dungeon_link	1358	9320	0	Runtime shop/travel enrichment and simple labels may make this intentional
generic_catalog_details	poi_003197	Transportation	transportation	2522	9321	0	Runtime shop/travel enrichment and simple labels may make this intentional
generic_catalog_details	poi_003199	Dungeon with map link	dungeon_link	1470	9327	0	Runtime shop/travel enrichment and simple labels may make this intentional
generic_catalog_details	poi_003200	Dungeon with map link	dungeon_link	1448	9338	0	Runtime shop/travel enrichment and simple labels may make this intentional
generic_catalog_details	poi_003201	Agility short-cut	agility_short-cut	2769	9340	0	Runtime shop/travel enrichment and simple labels may make this intentional
generic_catalog_details	poi_003204	Agility short-cut	agility_short-cut	1315	9379	0	Runtime shop/travel enrichment and simple labels may make this intentional
generic_catalog_details	poi_003206	Dungeon with map link	dungeon_link	3042	9397	0	Runtime shop/travel enrichment and simple labels may make this intentional
generic_catalog_details	poi_003207	Agility short-cut	agility_short-cut	1304	9399	0	Runtime shop/travel enrichment and simple labels may make this intentional
generic_catalog_details	poi_003208	Dungeon with map link	dungeon_link	2404	9414	0	Runtime shop/travel enrichment and simple labels may make this intentional
generic_catalog_details	poi_003209	Dungeon	dungeon	2696	9436	0	Runtime shop/travel enrichment and simple labels may make this intentional
generic_catalog_details	poi_003210	Dungeon with map link	dungeon_link	1941	9451	0	Runtime shop/travel enrichment and simple labels may make this intentional
generic_catalog_details	poi_003212	Dungeon with map link	dungeon_link	1378	9454	0	Runtime shop/travel enrichment and simple labels may make this intentional
generic_catalog_details	poi_003213	Dungeon with map link	dungeon_link	3815	9462	0	Runtime shop/travel enrichment and simple labels may make this intentional
generic_catalog_details	poi_003214	Dungeon with map link	dungeon_link	3830	9462	0	Runtime shop/travel enrichment and simple labels may make this intentional
generic_catalog_details	poi_003215	Transportation	transportation	3615	9469	0	Runtime shop/travel enrichment and simple labels may make this intentional
generic_catalog_details	poi_003216	Bank	bank	3619	9472	0	Runtime shop/travel enrichment and simple labels may make this intentional
generic_catalog_details	poi_003217	Magic shop	magic_shop	3620	9475	0	Runtime shop/travel enrichment and simple labels may make this intentional
generic_catalog_details	poi_003218	Dungeon with map link	dungeon_link	2734	9477	0	Runtime shop/travel enrichment and simple labels may make this intentional
generic_catalog_details	poi_003219	Dungeon with map link	dungeon_link	2603	9479	0	Runtime shop/travel enrichment and simple labels may make this intentional
generic_catalog_details	poi_003220	Dungeon with map link	dungeon_link	1692	9480	0	Runtime shop/travel enrichment and simple labels may make this intentional
generic_catalog_details	poi_003221	Water source	water_source	1693	9483	0	Runtime shop/travel enrichment and simple labels may make this intentional
generic_catalog_details	poi_003222	Minigame	minigame	3615	9483	0	Runtime shop/travel enrichment and simple labels may make this intentional
generic_catalog_details	poi_003223	Dungeon with map link	dungeon_link	2594	9486	0	Runtime shop/travel enrichment and simple labels may make this intentional
generic_catalog_details	poi_003224	Anvil	anvil	1801	9489	0	Runtime shop/travel enrichment and simple labels may make this intentional
generic_catalog_details	poi_003225	Water source	water_source	1693	9490	0	Runtime shop/travel enrichment and simple labels may make this intentional
generic_catalog_details	poi_003226	Dungeon with map link	dungeon_link	1642	9492	0	Runtime shop/travel enrichment and simple labels may make this intentional
generic_catalog_details	poi_003227	Dungeon with map link	dungeon_link	1692	9492	0	Runtime shop/travel enrichment and simple labels may make this intentional
generic_catalog_details	poi_003228	Furnace	furnace	3079	9496	0	Runtime shop/travel enrichment and simple labels may make this intentional
generic_catalog_details	poi_003229	Dungeon with map link	dungeon_link	3305	9497	0	Runtime shop/travel enrichment and simple labels may make this intentional
generic_catalog_details	poi_003230	Anvil	anvil	3075	9498	0	Runtime shop/travel enrichment and simple labels may make this intentional
generic_catalog_details	poi_003231	Anvil	anvil	3083	9498	0	Runtime shop/travel enrichment and simple labels may make this intentional
generic_catalog_details	poi_003232	Altar	altar	2571	9499	0	Runtime shop/travel enrichment and simple labels may make this intentional
generic_catalog_details	poi_003234	Bank	bank	1805	9501	0	Runtime shop/travel enrichment and simple labels may make this intentional
generic_catalog_details	poi_003235	Water source	water_source	1360	9504	0	Runtime shop/travel enrichment and simple labels may make this intentional
generic_catalog_details	poi_003236	Water source	water_source	1366	9504	0	Runtime shop/travel enrichment and simple labels may make this intentional
generic_catalog_details	poi_003242	Dungeon with map link	dungeon_link	2829	9522	0	Runtime shop/travel enrichment and simple labels may make this intentional
generic_catalog_details	poi_003243	Dungeon with map link	dungeon_link	1245	9528	0	Runtime shop/travel enrichment and simple labels may make this intentional
generic_catalog_details	poi_003244	Agility short-cut	agility_short-cut	2694	9529	0	Runtime shop/travel enrichment and simple labels may make this intentional
generic_catalog_details	poi_003246	Agility short-cut	agility_short-cut	2686	9547	0	Runtime shop/travel enrichment and simple labels may make this intentional
generic_catalog_details	poi_003247	Agility short-cut	agility_short-cut	2969	9549	0	Runtime shop/travel enrichment and simple labels may make this intentional
generic_catalog_details	poi_003248	Agility short-cut	agility_short-cut	3023	9553	0	Runtime shop/travel enrichment and simple labels may make this intentional
generic_catalog_details	poi_003249	Cooking range	cooking_range	1450	9555	0	Runtime shop/travel enrichment and simple labels may make this intentional
generic_catalog_details	poi_003250	Cooking range	cooking_range	1424	9558	0	Runtime shop/travel enrichment and simple labels may make this intentional
generic_catalog_details	poi_003251	Agility short-cut	agility_short-cut	3034	9559	0	Runtime shop/travel enrichment and simple labels may make this intentional
generic_catalog_details	poi_003252	Dungeon with map link	dungeon_link	1623	9563	0	Runtime shop/travel enrichment and simple labels may make this intentional
generic_catalog_details	poi_003257	Water source	water_source	1637	9569	0	Runtime shop/travel enrichment and simple labels may make this intentional
generic_catalog_details	poi_003258	Water source	water_source	1644	9569	0	Runtime shop/travel enrichment and simple labels may make this intentional
generic_catalog_details	poi_003259	Agility short-cut	agility_short-cut	2655	9569	0	Runtime shop/travel enrichment and simple labels may make this intentional
generic_catalog_details	poi_003261	Transportation	transportation	3423	9569	0	Runtime shop/travel enrichment and simple labels may make this intentional
generic_catalog_details	poi_003262	Agility short-cut	agility_short-cut	3026	9570	0	Runtime shop/travel enrichment and simple labels may make this intentional
generic_catalog_details	poi_003265	Transportation	transportation	3104	9572	0	Runtime shop/travel enrichment and simple labels may make this intentional
generic_catalog_details	poi_003267	Dungeon with map link	dungeon_link	1615	9574	0	Runtime shop/travel enrichment and simple labels may make this intentional
generic_catalog_details	poi_003271	Cooking range	cooking_range	1349	9580	0	Runtime shop/travel enrichment and simple labels may make this intentional
generic_catalog_details	poi_003272	Agility short-cut	agility_short-cut	2673	9582	0	Runtime shop/travel enrichment and simple labels may make this intentional
generic_catalog_details	poi_003276	Dungeon with map link	dungeon_link	3318	9602	0	Runtime shop/travel enrichment and simple labels may make this intentional
generic_catalog_details	poi_003277	Dungeon	dungeon	2388	9605	0	Runtime shop/travel enrichment and simple labels may make this intentional
generic_catalog_details	poi_003278	Dungeon	dungeon	2413	9605	0	Runtime shop/travel enrichment and simple labels may make this intentional
generic_catalog_details	poi_003279	Dungeon	dungeon	2418	9605	0	Runtime shop/travel enrichment and simple labels may make this intentional
generic_catalog_details	poi_003280	Sword shop	sword_shop	3324	9607	0	Runtime shop/travel enrichment and simple labels may make this intentional
generic_catalog_details	poi_003281	Dungeon	dungeon	2376	9611	0	Runtime shop/travel enrichment and simple labels may make this intentional
generic_catalog_details	poi_003282	Dungeon	dungeon	2401	9611	0	Runtime shop/travel enrichment and simple labels may make this intentional
generic_catalog_details	poi_003288	Transportation	transportation	2341	9622	0	Runtime shop/travel enrichment and simple labels may make this intentional
generic_catalog_details	poi_003289	Dungeon	dungeon	2313	9624	0	Runtime shop/travel enrichment and simple labels may make this intentional
generic_catalog_details	poi_003290	Water source	water_source	3212	9624	0	Runtime shop/travel enrichment and simple labels may make this intentional
generic_catalog_details	poi_003291	Altar	altar	2341	9628	0	Runtime shop/travel enrichment and simple labels may make this intentional
generic_catalog_details	poi_003295	Transportation	transportation	3363	9629	0	Runtime shop/travel enrichment and simple labels may make this intentional
generic_catalog_details	poi_003297	Dungeon with map link	dungeon_link	3490	9631	0	Runtime shop/travel enrichment and simple labels may make this intentional
generic_catalog_details	poi_003298	Transportation	transportation	3353	9640	0	Runtime shop/travel enrichment and simple labels may make this intentional
generic_catalog_details	poi_003299	Transportation	transportation	3374	9640	0	Runtime shop/travel enrichment and simple labels may make this intentional
generic_catalog_details	poi_003300	Dungeon with map link	dungeon_link	2661	9641	0	Runtime shop/travel enrichment and simple labels may make this intentional
generic_catalog_details	poi_003301	Dungeon with map link	dungeon_link	3118	9642	0	Runtime shop/travel enrichment and simple labels may make this intentional
generic_catalog_details	poi_003305	Transportation	transportation	3363	9650	0	Runtime shop/travel enrichment and simple labels may make this intentional
generic_catalog_details	poi_003308	Water source	water_source	1436	9657	0	Runtime shop/travel enrichment and simple labels may make this intentional
generic_catalog_details	poi_003309	Water source	water_source	1444	9657	0	Runtime shop/travel enrichment and simple labels may make this intentional
generic_catalog_details	poi_003311	Dungeon with map link	dungeon_link	2555	9658	0	Runtime shop/travel enrichment and simple labels may make this intentional
generic_catalog_details	poi_003313	Dungeon	dungeon	2423	9661	0	Runtime shop/travel enrichment and simple labels may make this intentional
generic_catalog_details	poi_003314	Dungeon	dungeon	2370	9665	0	Runtime shop/travel enrichment and simple labels may make this intentional
generic_catalog_details	poi_003316	Dungeon	dungeon	2416	9675	0	Runtime shop/travel enrichment and simple labels may make this intentional
generic_catalog_details	poi_003317	Altar	altar	2414	9680	0	Runtime shop/travel enrichment and simple labels may make this intentional
generic_catalog_details	poi_003319	Hunter training	hunter_training	1379	9682	0	Runtime shop/travel enrichment and simple labels may make this intentional
generic_catalog_details	poi_003321	Dungeon with map link	dungeon_link	3732	9683	0	Runtime shop/travel enrichment and simple labels may make this intentional
generic_catalog_details	poi_003322	Furnace	furnace	2455	9684	0	Runtime shop/travel enrichment and simple labels may make this intentional
generic_catalog_details	poi_003323	Dungeon with map link	dungeon_link	2571	9685	0	Runtime shop/travel enrichment and simple labels may make this intentional
generic_catalog_details	poi_003324	Altar	altar	1685	9686	0	Runtime shop/travel enrichment and simple labels may make this intentional
generic_catalog_details	poi_003325	Anvil	anvil	3112	9688	0	Runtime shop/travel enrichment and simple labels may make this intentional
generic_catalog_details	poi_003326	Transportation	transportation	3353	9690	0	Runtime shop/travel enrichment and simple labels may make this intentional
generic_catalog_details	poi_003327	Agility short-cut	agility_short-cut	2451	9691	0	Runtime shop/travel enrichment and simple labels may make this intentional
generic_catalog_details	poi_003329	Transportation	transportation	3374	9697	0	Runtime shop/travel enrichment and simple labels may make this intentional
generic_catalog_details	poi_003332	Hunter training	hunter_training	1391	9709	0	Runtime shop/travel enrichment and simple labels may make this intentional
generic_catalog_details	poi_003333	Cooking range	cooking_range	1374	9710	0	Runtime shop/travel enrichment and simple labels may make this intentional
generic_catalog_details	poi_003334	Water source	water_source	2925	9710	0	Runtime shop/travel enrichment and simple labels may make this intentional
generic_catalog_details	poi_003336	Cooking range	cooking_range	1667	9712	0	Runtime shop/travel enrichment and simple labels may make this intentional
generic_catalog_details	poi_003337	Cooking range	cooking_range	2923	9713	0	Runtime shop/travel enrichment and simple labels may make this intentional
generic_catalog_details	poi_003338	Dungeon with map link	dungeon_link	3158	9714	0	Runtime shop/travel enrichment and simple labels may make this intentional
generic_catalog_details	poi_003339	Poll booth	poll_booth	3014	9715	0	Runtime shop/travel enrichment and simple labels may make this intentional
generic_catalog_details	poi_003340	Dungeon	dungeon	2497	9716	0	Runtime shop/travel enrichment and simple labels may make this intentional
generic_catalog_details	poi_003341	Transportation	transportation	3380	9716	0	Runtime shop/travel enrichment and simple labels may make this intentional
generic_catalog_details	poi_003342	Transportation	transportation	3335	9718	0	Runtime shop/travel enrichment and simple labels may make this intentional
generic_catalog_details	poi_003343	Dungeon	dungeon	2369	9719	0	Runtime shop/travel enrichment and simple labels may make this intentional
generic_catalog_details	poi_003344	Bank	bank	3011	9719	0	Runtime shop/travel enrichment and simple labels may make this intentional
generic_catalog_details	poi_003348	Canoe station	canoe_station	2978	9737	0	Runtime shop/travel enrichment and simple labels may make this intentional
generic_catalog_details	poi_003352	Mining shop	mining_shop	3031	9747	0	Runtime shop/travel enrichment and simple labels may make this intentional
generic_catalog_details	poi_003356	Agility short-cut	agility_short-cut	1686	9755	0	Runtime shop/travel enrichment and simple labels may make this intentional
generic_catalog_details	poi_003358	Dungeon with map link	dungeon_link	3190	9758	0	Runtime shop/travel enrichment and simple labels may make this intentional
generic_catalog_details	poi_003359	Dungeon	dungeon	2518	9759	0	Runtime shop/travel enrichment and simple labels may make this intentional
generic_catalog_details	poi_003364	Dungeon with map link	dungeon_link	1325	9766	0	Runtime shop/travel enrichment and simple labels may make this intentional
generic_catalog_details	poi_003367	Agility short-cut	agility_short-cut	3534	9768	0	Runtime shop/travel enrichment and simple labels may make this intentional
generic_catalog_details	poi_003368	Agility short-cut	agility_short-cut	3541	9772	0	Runtime shop/travel enrichment and simple labels may make this intentional
generic_catalog_details	poi_003369	Dungeon with map link	dungeon_link	3081	9774	0	Runtime shop/travel enrichment and simple labels may make this intentional
generic_catalog_details	poi_003370	Dungeon with map link	dungeon_link	2724	9775	0	Runtime shop/travel enrichment and simple labels may make this intentional
generic_catalog_details	poi_003373	Dungeon with map link	dungeon_link	3244	9783	0	Runtime shop/travel enrichment and simple labels may make this intentional
generic_catalog_details	poi_003374	Agility short-cut	agility_short-cut	1309	9784	0	Runtime shop/travel enrichment and simple labels may make this intentional
generic_catalog_details	poi_003376	Agility short-cut	agility_short-cut	3555	9786	0	Runtime shop/travel enrichment and simple labels may make this intentional
generic_catalog_details	poi_003377	Dungeon	dungeon	2336	9794	0	Runtime shop/travel enrichment and simple labels may make this intentional
generic_catalog_details	poi_003379	Dungeon with map link	dungeon_link	3679	9796	0	Runtime shop/travel enrichment and simple labels may make this intentional
generic_catalog_details	poi_003381	Anvil	anvil	2313	9798	0	Runtime shop/travel enrichment and simple labels may make this intentional
generic_catalog_details	poi_003382	Agility short-cut	agility_short-cut	2887	9798	0	Runtime shop/travel enrichment and simple labels may make this intentional
generic_catalog_details	poi_003383	Archery shop	archery_shop	3003	9799	0	Runtime shop/travel enrichment and simple labels may make this intentional
generic_catalog_details	poi_003385	Agility short-cut	agility_short-cut	1705	9800	0	Runtime shop/travel enrichment and simple labels may make this intentional
generic_catalog_details	poi_003386	Agility short-cut	agility_short-cut	1688	9802	0	Runtime shop/travel enrichment and simple labels may make this intentional
generic_catalog_details	poi_003387	Agility short-cut	agility_short-cut	3500	9802	0	Runtime shop/travel enrichment and simple labels may make this intentional
generic_catalog_details	poi_003388	Agility short-cut	agility_short-cut	2432	9806	0	Runtime shop/travel enrichment and simple labels may make this intentional
generic_catalog_details	poi_003389	Agility short-cut	agility_short-cut	3035	9806	0	Runtime shop/travel enrichment and simple labels may make this intentional
generic_catalog_details	poi_003392	Agility short-cut	agility_short-cut	2936	9811	0	Runtime shop/travel enrichment and simple labels may make this intentional
generic_catalog_details	poi_003393	Agility short-cut	agility_short-cut	3560	9811	0	Runtime shop/travel enrichment and simple labels may make this intentional
generic_catalog_details	poi_003394	Singing bowl	singing_bowl	2388	9813	0	Runtime shop/travel enrichment and simple labels may make this intentional
generic_catalog_details	poi_003395	Agility short-cut	agility_short-cut	2878	9813	0	Runtime shop/travel enrichment and simple labels may make this intentional
generic_catalog_details	poi_003396	Anvil	anvil	3012	9813	0	Runtime shop/travel enrichment and simple labels may make this intentional
generic_catalog_details	poi_003398	Transportation	transportation	2411	9815	0	Runtime shop/travel enrichment and simple labels may make this intentional
generic_catalog_details	poi_003402	Agility short-cut	agility_short-cut	3680	9820	0	Runtime shop/travel enrichment and simple labels may make this intentional
generic_catalog_details	poi_003403	Agility short-cut	agility_short-cut	1711	9822	0	Runtime shop/travel enrichment and simple labels may make this intentional
generic_catalog_details	poi_003404	Agility short-cut	agility_short-cut	2888	9823	0	Runtime shop/travel enrichment and simple labels may make this intentional
generic_catalog_details	poi_003406	Dungeon with map link	dungeon_link	2842	9824	0	Runtime shop/travel enrichment and simple labels may make this intentional
generic_catalog_details	poi_003407	General store	general_store	2994	9828	0	Runtime shop/travel enrichment and simple labels may make this intentional
generic_catalog_details	poi_003410	Agility short-cut	agility_short-cut	3692	9837	0	Runtime shop/travel enrichment and simple labels may make this intentional
generic_catalog_details	poi_003412	Mining shop	mining_shop	2998	9844	0	Runtime shop/travel enrichment and simple labels may make this intentional
generic_catalog_details	poi_003413	Mining shop	mining_shop	3036	9846	0	Runtime shop/travel enrichment and simple labels may make this intentional
generic_catalog_details	poi_003414	Dungeon with map link	dungeon_link	3477	9846	0	Runtime shop/travel enrichment and simple labels may make this intentional
generic_catalog_details	poi_003415	Agility short-cut	agility_short-cut	3678	9846	0	Runtime shop/travel enrichment and simple labels may make this intentional
generic_catalog_details	poi_003416	Dungeon	dungeon	2874	9847	0	Runtime shop/travel enrichment and simple labels may make this intentional
generic_catalog_details	poi_003419	Dungeon with map link	dungeon_link	3116	9852	0	Runtime shop/travel enrichment and simple labels may make this intentional
generic_catalog_details	poi_003422	Dungeon with map link	dungeon_link	3549	9864	0	Runtime shop/travel enrichment and simple labels may make this intentional
generic_catalog_details	poi_003425	Archery shop	archery_shop	2864	9872	0	Runtime shop/travel enrichment and simple labels may make this intentional
generic_catalog_details	poi_003426	Bank	bank	1550	9874	0	Runtime shop/travel enrichment and simple labels may make this intentional
generic_catalog_details	poi_003428	Pub/bar	bar	2865	9876	0	Runtime shop/travel enrichment and simple labels may make this intentional
generic_catalog_details	poi_003431	Agility short-cut	agility_short-cut	3122	9882	0	Runtime shop/travel enrichment and simple labels may make this intentional
generic_catalog_details	poi_003432	Dungeon with map link	dungeon_link	2820	9884	0	Runtime shop/travel enrichment and simple labels may make this intentional
generic_catalog_details	poi_003434	Dungeon with map link	dungeon_link	3440	9886	0	Runtime shop/travel enrichment and simple labels may make this intentional
generic_catalog_details	poi_003436	Water source	water_source	3423	9890	0	Runtime shop/travel enrichment and simple labels may make this intentional
generic_catalog_details	poi_003439	Agility short-cut	agility_short-cut	2914	9895	0	Runtime shop/travel enrichment and simple labels may make this intentional
generic_catalog_details	poi_003443	Agility short-cut	agility_short-cut	2899	9901	0	Runtime shop/travel enrichment and simple labels may make this intentional
generic_catalog_details	poi_003445	Dungeon with map link	dungeon_link	3230	9904	0	Runtime shop/travel enrichment and simple labels may make this intentional
generic_catalog_details	poi_003446	Agility short-cut	agility_short-cut	3153	9905	0	Runtime shop/travel enrichment and simple labels may make this intentional
generic_catalog_details	poi_003449	Dungeon with map link	dungeon_link	2823	9910	0	Runtime shop/travel enrichment and simple labels may make this intentional
generic_catalog_details	poi_003452	Slayer Master	slayer_master	3146	9914	0	Runtime shop/travel enrichment and simple labels may make this intentional
generic_catalog_details	poi_003458	Agility short-cut	agility_short-cut	1820	9946	0	Runtime shop/travel enrichment and simple labels may make this intentional
generic_catalog_details	poi_003459	Brewery	brewery	3680	9959	0	Runtime shop/travel enrichment and simple labels may make this intentional
generic_catalog_details	poi_003460	Water source	water_source	1435	9962	0	Runtime shop/travel enrichment and simple labels may make this intentional
generic_catalog_details	poi_003462	Cooking range	cooking_range	1438	9964	0	Runtime shop/travel enrichment and simple labels may make this intentional
generic_catalog_details	poi_003463	Dungeon with map link	dungeon_link	1800	9968	0	Runtime shop/travel enrichment and simple labels may make this intentional
generic_catalog_details	poi_003465	Dungeon with map link	dungeon_link	3088	9971	0	Runtime shop/travel enrichment and simple labels may make this intentional
generic_catalog_details	poi_003466	Dungeon with map link	dungeon_link	1830	9973	0	Runtime shop/travel enrichment and simple labels may make this intentional
generic_catalog_details	poi_003468	Dungeon with map link	dungeon_link	1650	9986	0	Runtime shop/travel enrichment and simple labels may make this intentional
generic_catalog_details	poi_003469	Dungeon with map link	dungeon_link	2275	9987	0	Runtime shop/travel enrichment and simple labels may make this intentional
generic_catalog_details	poi_003470	Agility short-cut	agility_short-cut	1646	10001	0	Runtime shop/travel enrichment and simple labels may make this intentional
generic_catalog_details	poi_003472	Agility short-cut	agility_short-cut	2771	10003	0	Runtime shop/travel enrichment and simple labels may make this intentional
generic_catalog_details	poi_003473	Agility short-cut	agility_short-cut	1648	10008	0	Runtime shop/travel enrichment and simple labels may make this intentional
generic_catalog_details	poi_003474	Agility short-cut	agility_short-cut	2730	10008	0	Runtime shop/travel enrichment and simple labels may make this intentional
generic_catalog_details	poi_003477	Dungeon with map link	dungeon_link	2824	10050	0	Runtime shop/travel enrichment and simple labels may make this intentional
generic_catalog_details	poi_003478	Dungeon with map link	dungeon_link	3384	10050	0	Runtime shop/travel enrichment and simple labels may make this intentional
generic_catalog_details	poi_003479	Agility short-cut	agility_short-cut	1716	10057	0	Runtime shop/travel enrichment and simple labels may make this intentional
generic_catalog_details	poi_003481	Agility short-cut	agility_short-cut	1610	10060	0	Runtime shop/travel enrichment and simple labels may make this intentional
generic_catalog_details	poi_003482	Agility short-cut	agility_short-cut	1614	10071	0	Runtime shop/travel enrichment and simple labels may make this intentional
generic_catalog_details	poi_003483	Agility short-cut	agility_short-cut	1706	10077	0	Runtime shop/travel enrichment and simple labels may make this intentional
generic_catalog_details	poi_003485	Farming patch	farming_patch	1247	10084	0	Runtime shop/travel enrichment and simple labels may make this intentional
generic_catalog_details	poi_003486	Agility short-cut	agility_short-cut	3221	10086	0	Runtime shop/travel enrichment and simple labels may make this intentional
generic_catalog_details	poi_003487	Dungeon with map link	dungeon_link	2074	10089	0	Runtime shop/travel enrichment and simple labels may make this intentional
generic_catalog_details	poi_003488	Furnace	furnace	1473	10093	0	Runtime shop/travel enrichment and simple labels may make this intentional
generic_catalog_details	poi_003489	Agility short-cut	agility_short-cut	3434	10093	0	Runtime shop/travel enrichment and simple labels may make this intentional
generic_catalog_details	poi_003490	Anvil	anvil	1474	10098	0	Runtime shop/travel enrichment and simple labels may make this intentional
generic_catalog_details	poi_003492	Dungeon with map link	dungeon_link	1617	10102	0	Runtime shop/travel enrichment and simple labels may make this intentional
generic_catalog_details	poi_003493	Dungeon with map link	dungeon_link	1719	10102	0	Runtime shop/travel enrichment and simple labels may make this intentional
generic_catalog_details	poi_003494	Agility short-cut	agility_short-cut	3435	10115	0	Runtime shop/travel enrichment and simple labels may make this intentional
generic_catalog_details	poi_003496	Agility short-cut	agility_short-cut	3334	10119	0	Runtime shop/travel enrichment and simple labels may make this intentional
generic_catalog_details	poi_003498	Pub/bar	bar	1764	10132	0	Runtime shop/travel enrichment and simple labels may make this intentional
generic_catalog_details	poi_003499	Dungeon with map link	dungeon_link	2800	10135	0	Runtime shop/travel enrichment and simple labels may make this intentional
generic_catalog_details	poi_003500	Agility short-cut	agility_short-cut	3200	10135	0	Runtime shop/travel enrichment and simple labels may make this intentional
generic_catalog_details	poi_003501	Water source	water_source	1761	10136	0	Runtime shop/travel enrichment and simple labels may make this intentional
generic_catalog_details	poi_003502	Cooking range	cooking_range	1765	10137	0	Runtime shop/travel enrichment and simple labels may make this intentional
generic_catalog_details	poi_003505	Agility short-cut	agility_short-cut	3241	10144	0	Runtime shop/travel enrichment and simple labels may make this intentional
generic_catalog_details	poi_003506	Fishing shop	fishing_shop	1761	10145	0	Runtime shop/travel enrichment and simple labels may make this intentional
generic_catalog_details	poi_003507	Dungeon with map link	dungeon_link	1813	10145	0	Runtime shop/travel enrichment and simple labels may make this intentional
generic_catalog_details	poi_003508	General store	general_store	1776	10146	0	Runtime shop/travel enrichment and simple labels may make this intentional
generic_catalog_details	poi_003510	Dungeon with map link	dungeon_link	3405	10146	0	Runtime shop/travel enrichment and simple labels may make this intentional
generic_catalog_details	poi_003511	Poll booth	poll_booth	1775	10149	0	Runtime shop/travel enrichment and simple labels may make this intentional
generic_catalog_details	poi_003512	Agility short-cut	agility_short-cut	3342	10149	0	Runtime shop/travel enrichment and simple labels may make this intentional
generic_catalog_details	poi_003514	Anvil	anvil	1766	10157	0	Runtime shop/travel enrichment and simple labels may make this intentional
generic_catalog_details	poi_003521	Stonemason	stonemason	2849	10184	0	Runtime shop/travel enrichment and simple labels may make this intentional
generic_catalog_details	poi_003522	Dungeon with map link	dungeon_link	1312	10188	0	Runtime shop/travel enrichment and simple labels may make this intentional
generic_catalog_details	poi_003523	Silk trader	silk_trader	2888	10188	0	Runtime shop/travel enrichment and simple labels may make this intentional
generic_catalog_details	poi_003525	General store	general_store	2870	10189	0	Runtime shop/travel enrichment and simple labels may make this intentional
generic_catalog_details	poi_003526	Furnace	furnace	2930	10192	0	Runtime shop/travel enrichment and simple labels may make this intentional
generic_catalog_details	poi_003527	Pub/bar	bar	2914	10193	0	Runtime shop/travel enrichment and simple labels may make this intentional
generic_catalog_details	poi_003528	Brewery	brewery	2916	10193	0	Runtime shop/travel enrichment and simple labels may make this intentional
generic_catalog_details	poi_003529	Pub/bar	bar	2839	10195	0	Runtime shop/travel enrichment and simple labels may make this intentional
generic_catalog_details	poi_003530	Agility short-cut	agility_short-cut	3202	10195	0	Runtime shop/travel enrichment and simple labels may make this intentional
generic_catalog_details	poi_003531	Shield shop	shield_shop	2825	10196	0	Runtime shop/travel enrichment and simple labels may make this intentional
generic_catalog_details	poi_003532	Silver shop	silver_shop	2887	10196	0	Runtime shop/travel enrichment and simple labels may make this intentional
generic_catalog_details	poi_003533	Anvil	anvil	2828	10201	0	Runtime shop/travel enrichment and simple labels may make this intentional
generic_catalog_details	poi_003534	Anvil	anvil	2869	10201	0	Runtime shop/travel enrichment and simple labels may make this intentional
generic_catalog_details	poi_003535	Farming patch	farming_patch	2852	10202	0	Runtime shop/travel enrichment and simple labels may make this intentional
generic_catalog_details	poi_003536	Archery shop	archery_shop	2887	10202	0	Runtime shop/travel enrichment and simple labels may make this intentional
generic_catalog_details	poi_003537	Bank	bank	2838	10207	0	Runtime shop/travel enrichment and simple labels may make this intentional
generic_catalog_details	poi_003538	Crafting shop	crafting_shop	2887	10207	0	Runtime shop/travel enrichment and simple labels may make this intentional
generic_catalog_details	poi_003539	Clothes shop	clothes_shop	2868	10209	0	Runtime shop/travel enrichment and simple labels may make this intentional
generic_catalog_details	poi_003540	Agility short-cut	agility_short-cut	3181	10209	0	Runtime shop/travel enrichment and simple labels may make this intentional
generic_catalog_details	poi_003541	Poll booth	poll_booth	2834	10210	0	Runtime shop/travel enrichment and simple labels may make this intentional
generic_catalog_details	poi_003542	Sword shop	sword_shop	2873	10210	0	Runtime shop/travel enrichment and simple labels may make this intentional
generic_catalog_details	poi_003543	Gem shop	gem_shop	2888	10211	0	Runtime shop/travel enrichment and simple labels may make this intentional
generic_catalog_details	poi_003544	Food shop	food_shop	2892	10211	0	Runtime shop/travel enrichment and simple labels may make this intentional
generic_catalog_details	poi_003545	Mining shop	mining_shop	2924	10211	0	Runtime shop/travel enrichment and simple labels may make this intentional
generic_catalog_details	poi_003546	Agility short-cut	agility_short-cut	1317	10214	0	Runtime shop/travel enrichment and simple labels may make this intentional
generic_catalog_details	poi_003549	Kebab seller	kebab_seller	2906	10217	0	Runtime shop/travel enrichment and simple labels may make this intentional
generic_catalog_details	poi_003550	Transportation	transportation	2730	10218	0	Runtime shop/travel enrichment and simple labels may make this intentional
generic_catalog_details	poi_003551	Water source	water_source	2922	10219	0	Runtime shop/travel enrichment and simple labels may make this intentional
generic_catalog_details	poi_003552	Water source	water_source	2898	10220	0	Runtime shop/travel enrichment and simple labels may make this intentional
generic_catalog_details	poi_003553	Transportation	transportation	1552	10224	0	Runtime shop/travel enrichment and simple labels may make this intentional
generic_catalog_details	poi_003554	Agility short-cut	agility_short-cut	1346	10230	0	Runtime shop/travel enrichment and simple labels may make this intentional
generic_catalog_details	poi_003555	Sword shop	sword_shop	2827	10230	0	Runtime shop/travel enrichment and simple labels may make this intentional
generic_catalog_details	poi_003558	Dungeon with map link	dungeon_link	3359	10244	0	Runtime shop/travel enrichment and simple labels may make this intentional
generic_catalog_details	poi_003560	Dungeon with map link	dungeon_link	3017	10249	0	Runtime shop/travel enrichment and simple labels may make this intentional
generic_catalog_details	poi_003561	Clothes shop	clothes_shop	2507	10250	0	Runtime shop/travel enrichment and simple labels may make this intentional
generic_catalog_details	poi_003562	Food shop	food_shop	2520	10251	0	Runtime shop/travel enrichment and simple labels may make this intentional
generic_catalog_details	poi_003564	Pub/bar	bar	2528	10258	0	Runtime shop/travel enrichment and simple labels may make this intentional
generic_catalog_details	poi_003565	General store	general_store	2508	10259	0	Runtime shop/travel enrichment and simple labels may make this intentional
generic_catalog_details	poi_003566	Agility short-cut	agility_short-cut	3633	10262	0	Runtime shop/travel enrichment and simple labels may make this intentional
generic_catalog_details	poi_003567	Dungeon with map link	dungeon_link	2618	10265	0	Runtime shop/travel enrichment and simple labels may make this intentional
generic_catalog_details	poi_003568	Water source	water_source	1191	10271	0	Runtime shop/travel enrichment and simple labels may make this intentional
generic_catalog_details	poi_003569	Cooking range	cooking_range	1187	10272	0	Runtime shop/travel enrichment and simple labels may make this intentional
generic_catalog_details	poi_003570	Dungeon with map link	dungeon_link	3360	10273	0	Runtime shop/travel enrichment and simple labels may make this intentional
generic_catalog_details	poi_003571	Dungeon with map link	dungeon_link	3336	10286	0	Runtime shop/travel enrichment and simple labels may make this intentional
generic_catalog_details	poi_003573	Dungeon with map link	dungeon_link	3383	10288	0	Runtime shop/travel enrichment and simple labels may make this intentional
generic_catalog_details	poi_003574	Agility short-cut	agility_short-cut	3605	10290	0	Runtime shop/travel enrichment and simple labels may make this intentional
generic_catalog_details	poi_003575	Dungeon with map link	dungeon_link	3596	10292	0	Runtime shop/travel enrichment and simple labels may make this intentional
generic_catalog_details	poi_003576	Agility short-cut	agility_short-cut	2539	10298	0	Runtime shop/travel enrichment and simple labels may make this intentional
generic_catalog_details	poi_003578	Dungeon with map link	dungeon_link	3359	10313	0	Runtime shop/travel enrichment and simple labels may make this intentional
generic_catalog_details	poi_003579	Agility short-cut	agility_short-cut	3046	10327	0	Runtime shop/travel enrichment and simple labels may make this intentional
generic_catalog_details	poi_003581	Dungeon with map link	dungeon_link	3233	10331	0	Runtime shop/travel enrichment and simple labels may make this intentional
generic_catalog_details	poi_003582	Dungeon with map link	dungeon_link	2857	10333	0	Runtime shop/travel enrichment and simple labels may make this intentional
generic_catalog_details	poi_003584	Agility short-cut	agility_short-cut	3048	10335	0	Runtime shop/travel enrichment and simple labels may make this intentional
generic_catalog_details	poi_003589	Dungeon with map link	dungeon_link	2461	10418	0	Runtime shop/travel enrichment and simple labels may make this intentional
generic_catalog_details	poi_003590	Agility short-cut	agility_short-cut	2902	10454	0	Runtime shop/travel enrichment and simple labels may make this intentional
generic_catalog_details	poi_003591	Furnace	furnace	2929	10461	0	Runtime shop/travel enrichment and simple labels may make this intentional
generic_catalog_details	poi_003592	Cooking range	cooking_range	2588	2257	1	Runtime shop/travel enrichment and simple labels may make this intentional
generic_catalog_details	poi_003593	Transportation	transportation	3187	2367	1	Runtime shop/travel enrichment and simple labels may make this intentional
generic_catalog_details	poi_003594	Ship boarding plank	mooring_point	3184	2368	1	Runtime shop/travel enrichment and simple labels may make this intentional
generic_catalog_details	poi_003595	Port task board	noticeboard	3173	2370	1	Runtime shop/travel enrichment and simple labels may make this intentional
generic_catalog_details	poi_003596	Shipwright	shipwright	3180	2370	1	Runtime shop/travel enrichment and simple labels may make this intentional
generic_catalog_details	poi_003597	Transportation	transportation	2806	2502	1	Runtime shop/travel enrichment and simple labels may make this intentional
generic_catalog_details	poi_003598	Ship boarding plank	mooring_point	2806	2512	1	Runtime shop/travel enrichment and simple labels may make this intentional
generic_catalog_details	poi_003599	Port task board	noticeboard	2802	2513	1	Runtime shop/travel enrichment and simple labels may make this intentional
generic_catalog_details	poi_003600	Shipwright	shipwright	2793	2515	1	Runtime shop/travel enrichment and simple labels may make this intentional
generic_catalog_details	poi_003601	Bank	bank	2809	2521	1	Runtime shop/travel enrichment and simple labels may make this intentional
generic_catalog_details	poi_003602	Cargo bay	cargo_bay	2804	2523	1	Runtime shop/travel enrichment and simple labels may make this intentional
generic_catalog_details	poi_003603	Port task board	noticeboard	2652	2673	1	Runtime shop/travel enrichment and simple labels may make this intentional
generic_catalog_details	poi_003604	Ship boarding plank	mooring_point	2659	2673	1	Runtime shop/travel enrichment and simple labels may make this intentional
generic_catalog_details	poi_003605	Shipwright	shipwright	2656	2676	1	Runtime shop/travel enrichment and simple labels may make this intentional
generic_catalog_details	poi_003606	Dungeon with map link	dungeon_link	3358	2711	1	Runtime shop/travel enrichment and simple labels may make this intentional
generic_catalog_details	poi_003607	Raids Lobby	raids_lobby	3355	2714	1	Runtime shop/travel enrichment and simple labels may make this intentional
generic_catalog_details	poi_003608	Transportation	transportation	1944	2753	1	Runtime shop/travel enrichment and simple labels may make this intentional
generic_catalog_details	poi_003609	Bank	bank	1936	2754	1	Runtime shop/travel enrichment and simple labels may make this intentional
generic_catalog_details	poi_003610	Furnace	furnace	1950	2755	1	Runtime shop/travel enrichment and simple labels may make this intentional
generic_catalog_details	poi_003611	Cargo bay	cargo_bay	1937	2759	1	Runtime shop/travel enrichment and simple labels may make this intentional
generic_catalog_details	poi_003612	Port task board	noticeboard	1927	2761	1	Runtime shop/travel enrichment and simple labels may make this intentional
generic_catalog_details	poi_003613	Ship boarding plank	mooring_point	1932	2761	1	Runtime shop/travel enrichment and simple labels may make this intentional
generic_catalog_details	poi_003614	Pub/bar	bar	1939	2761	1	Runtime shop/travel enrichment and simple labels may make this intentional
generic_catalog_details	poi_003615	Anvil	anvil	1949	2761	1	Runtime shop/travel enrichment and simple labels may make this intentional
generic_catalog_details	poi_003616	Mining shop	mining_shop	1946	2762	1	Runtime shop/travel enrichment and simple labels may make this intentional
generic_catalog_details	poi_003617	Cooking range	cooking_range	1940	2763	1	Runtime shop/travel enrichment and simple labels may make this intentional
generic_catalog_details	poi_003618	Shipwright	shipwright	1941	2766	1	Runtime shop/travel enrichment and simple labels may make this intentional
generic_catalog_details	poi_003619	Altar	altar	2797	2800	1	Runtime shop/travel enrichment and simple labels may make this intentional
generic_catalog_details	poi_003620	Agility short-cut	agility_short-cut	1153	2804	1	Runtime shop/travel enrichment and simple labels may make this intentional
generic_catalog_details	poi_003621	Furnace	furnace	3404	2825	1	Runtime shop/travel enrichment and simple labels may make this intentional
generic_catalog_details	poi_003622	Port task board	noticeboard	3148	2826	1	Runtime shop/travel enrichment and simple labels may make this intentional
generic_catalog_details	poi_003623	Ship boarding plank	mooring_point	3146	2828	1	Runtime shop/travel enrichment and simple labels may make this intentional
generic_catalog_details	poi_003624	Water source	water_source	3401	2829	1	Runtime shop/travel enrichment and simple labels may make this intentional
generic_catalog_details	poi_003625	Anvil	anvil	3406	2834	1	Runtime shop/travel enrichment and simple labels may make this intentional
generic_catalog_details	poi_003626	Transportation	transportation	2578	2839	1	Runtime shop/travel enrichment and simple labels may make this intentional
generic_catalog_details	poi_003627	Cooking range	cooking_range	2467	2848	1	Runtime shop/travel enrichment and simple labels may make this intentional
generic_catalog_details	poi_003628	Port task board	noticeboard	2581	2848	1	Runtime shop/travel enrichment and simple labels may make this intentional
generic_catalog_details	poi_003629	Dungeon	dungeon	3408	2848	1	Runtime shop/travel enrichment and simple labels may make this intentional
generic_catalog_details	poi_003630	Bank	bank	2463	2849	1	Runtime shop/travel enrichment and simple labels may make this intentional
generic_catalog_details	poi_003631	Shipwright	shipwright	2576	2849	1	Runtime shop/travel enrichment and simple labels may make this intentional
generic_catalog_details	poi_003632	Transportation	transportation	2590	2851	1	Runtime shop/travel enrichment and simple labels may make this intentional
generic_catalog_details	poi_003633	Herbalist	herbalist	2452	2852	1	Runtime shop/travel enrichment and simple labels may make this intentional
generic_catalog_details	poi_003634	Ship boarding plank	mooring_point	2580	2853	1	Runtime shop/travel enrichment and simple labels may make this intentional
generic_catalog_details	poi_003635	Water source	water_source	2455	2855	1	Runtime shop/travel enrichment and simple labels may make this intentional
generic_catalog_details	poi_003636	Water source	water_source	1448	2928	1	Runtime shop/travel enrichment and simple labels may make this intentional
generic_catalog_details	poi_003637	Transportation	transportation	3670	2931	1	Runtime shop/travel enrichment and simple labels may make this intentional
generic_catalog_details	poi_003638	Transportation	transportation	3684	2952	1	Runtime shop/travel enrichment and simple labels may make this intentional
generic_catalog_details	poi_003639	Transportation	transportation	2764	2957	1	Runtime shop/travel enrichment and simple labels may make this intentional
generic_catalog_details	poi_003640	Shipwright	shipwright	1444	2963	1	Runtime shop/travel enrichment and simple labels may make this intentional
generic_catalog_details	poi_003641	Water source	water_source	3052	2965	1	Runtime shop/travel enrichment and simple labels may make this intentional
generic_catalog_details	poi_003643	Cargo bay	cargo_bay	1445	2968	1	Runtime shop/travel enrichment and simple labels may make this intentional
generic_catalog_details	poi_003644	Transportation	transportation	1456	2968	1	Runtime shop/travel enrichment and simple labels may make this intentional
generic_catalog_details	poi_003645	Ship boarding plank	mooring_point	1439	2969	1	Runtime shop/travel enrichment and simple labels may make this intentional
generic_catalog_details	poi_003646	Port task board	noticeboard	1449	2969	1	Runtime shop/travel enrichment and simple labels may make this intentional
generic_catalog_details	poi_003647	Transportation	transportation	1514	2970	1	Runtime shop/travel enrichment and simple labels may make this intentional
generic_catalog_details	poi_003648	Pub/bar	bar	3048	2971	1	Runtime shop/travel enrichment and simple labels may make this intentional
generic_catalog_details	poi_003650	Dungeon	dungeon	3511	2971	1	Runtime shop/travel enrichment and simple labels may make this intentional
generic_catalog_details	poi_003651	Lookout point	lookout_point	3058	2974	1	Runtime shop/travel enrichment and simple labels may make this intentional
generic_catalog_details	poi_003652	Transportation	transportation	1444	2977	1	Runtime shop/travel enrichment and simple labels may make this intentional
generic_catalog_details	poi_003653	Port task board	noticeboard	1515	2977	1	Runtime shop/travel enrichment and simple labels may make this intentional
generic_catalog_details	poi_003654	Shipwright	shipwright	1518	2978	1	Runtime shop/travel enrichment and simple labels may make this intentional
generic_catalog_details	poi_003655	Cargo bay	cargo_bay	3060	2979	1	Runtime shop/travel enrichment and simple labels may make this intentional
generic_catalog_details	poi_003656	Dungeon with map link	dungeon_link	3046	2980	1	Runtime shop/travel enrichment and simple labels may make this intentional
generic_catalog_details	poi_003657	Water source	water_source	3064	2980	1	Runtime shop/travel enrichment and simple labels may make this intentional
generic_catalog_details	poi_003659	Fishing shop	fishing_shop	3047	2984	1	Runtime shop/travel enrichment and simple labels may make this intentional
generic_catalog_details	poi_003660	Transportation	transportation	1493	2985	1	Runtime shop/travel enrichment and simple labels may make this intentional
generic_catalog_details	poi_003661	Cooking range	cooking_range	1517	2985	1	Runtime shop/travel enrichment and simple labels may make this intentional
generic_catalog_details	poi_003662	Port task board	noticeboard	3061	2985	1	Runtime shop/travel enrichment and simple labels may make this intentional
generic_catalog_details	poi_003663	Ship boarding plank	mooring_point	3058	2986	1	Runtime shop/travel enrichment and simple labels may make this intentional
generic_catalog_details	poi_003664	General store	general_store	1515	2987	1	Runtime shop/travel enrichment and simple labels may make this intentional
generic_catalog_details	poi_003665	Shipwright	shipwright	3063	2991	1	Runtime shop/travel enrichment and simple labels may make this intentional
generic_catalog_details	poi_003666	Helmet shop	helmet_shop	1514	2994	1	Runtime shop/travel enrichment and simple labels may make this intentional
generic_catalog_details	poi_003667	Anvil	anvil	1517	2995	1	Runtime shop/travel enrichment and simple labels may make this intentional
generic_catalog_details	poi_003668	Pub/bar	bar	2863	2996	1	Runtime shop/travel enrichment and simple labels may make this intentional
generic_catalog_details	poi_003669	Transportation	transportation	3000	3032	1	Runtime shop/travel enrichment and simple labels may make this intentional
generic_catalog_details	poi_003670	Altar	altar	2431	3078	1	Runtime shop/travel enrichment and simple labels may make this intentional
generic_catalog_details	poi_003671	Magic shop	magic_shop	2595	3087	1	Runtime shop/travel enrichment and simple labels may make this intentional
generic_catalog_details	poi_003673	Minigame	minigame	1799	3107	1	Runtime shop/travel enrichment and simple labels may make this intentional
generic_catalog_details	poi_003674	Transportation	transportation	2142	3123	1	Runtime shop/travel enrichment and simple labels may make this intentional
generic_catalog_details	poi_003675	Ship boarding plank	mooring_point	2147	3123	1	Runtime shop/travel enrichment and simple labels may make this intentional
generic_catalog_details	poi_003676	Port task board	noticeboard	2151	3123	1	Runtime shop/travel enrichment and simple labels may make this intentional
generic_catalog_details	poi_003677	Altar	altar	2368	3130	1	Runtime shop/travel enrichment and simple labels may make this intentional
generic_catalog_details	poi_003678	Transportation	transportation	1744	3136	1	Runtime shop/travel enrichment and simple labels may make this intentional
generic_catalog_details	poi_003679	Transportation	transportation	2674	3143	1	Runtime shop/travel enrichment and simple labels may make this intentional
generic_catalog_details	poi_003680	Shipwright	shipwright	2956	3149	1	Runtime shop/travel enrichment and simple labels may make this intentional
generic_catalog_details	poi_003681	Port task board	noticeboard	2952	3150	1	Runtime shop/travel enrichment and simple labels may make this intentional
generic_catalog_details	poi_003682	Cooking range	cooking_range	2341	3155	1	Runtime shop/travel enrichment and simple labels may make this intentional
generic_catalog_details	poi_003683	Transportation	transportation	2955	3158	1	Runtime shop/travel enrichment and simple labels may make this intentional
generic_catalog_details	poi_003684	Food shop	food_shop	2337	3159	1	Runtime shop/travel enrichment and simple labels may make this intentional
generic_catalog_details	poi_003685	Cooking range	cooking_range	2341	3160	1	Runtime shop/travel enrichment and simple labels may make this intentional
generic_catalog_details	poi_003686	Shipwright	shipwright	2666	3160	1	Runtime shop/travel enrichment and simple labels may make this intentional
generic_catalog_details	poi_003687	Ship boarding plank	mooring_point	2679	3162	1	Runtime shop/travel enrichment and simple labels may make this intentional
generic_catalog_details	poi_003688	Port task board	noticeboard	2684	3164	1	Runtime shop/travel enrichment and simple labels may make this intentional
generic_catalog_details	poi_003689	Altar	altar	2356	3172	1	Runtime shop/travel enrichment and simple labels may make this intentional
generic_catalog_details	poi_003690	Altar	altar	3421	3180	1	Runtime shop/travel enrichment and simple labels may make this intentional
generic_catalog_details	poi_003691	Transportation	transportation	3038	3191	1	Runtime shop/travel enrichment and simple labels may make this intentional
generic_catalog_details	poi_003692	Port task board	noticeboard	3028	3194	1	Runtime shop/travel enrichment and simple labels may make this intentional
generic_catalog_details	poi_003693	Ship boarding plank	mooring_point	3030	3198	1	Runtime shop/travel enrichment and simple labels may make this intentional
generic_catalog_details	poi_003694	Cargo bay	cargo_bay	3024	3204	1	Runtime shop/travel enrichment and simple labels may make this intentional
generic_catalog_details	poi_003695	Shipwright	shipwright	3029	3206	1	Runtime shop/travel enrichment and simple labels may make this intentional
generic_catalog_details	poi_003697	Spinning wheel	spinning_wheel	3208	3212	1	Runtime shop/travel enrichment and simple labels may make this intentional
generic_catalog_details	poi_003698	Crafting Tutor	crafting_tutor	3212	3212	1	Runtime shop/travel enrichment and simple labels may make this intentional
generic_catalog_details	poi_003699	Raids Lobby	raids_lobby	3662	3219	1	Runtime shop/travel enrichment and simple labels may make this intentional
generic_catalog_details	poi_003702	Port task board	noticeboard	2769	3225	1	Runtime shop/travel enrichment and simple labels may make this intentional
generic_catalog_details	poi_003703	Shipwright	shipwright	2919	3226	1	Runtime shop/travel enrichment and simple labels may make this intentional
generic_catalog_details	poi_003704	Ship boarding plank	mooring_point	2765	3227	1	Runtime shop/travel enrichment and simple labels may make this intentional
generic_catalog_details	poi_003705	Cargo bay	cargo_bay	2770	3228	1	Runtime shop/travel enrichment and simple labels may make this intentional
generic_catalog_details	poi_003706	Shipwright	shipwright	2761	3233	1	Runtime shop/travel enrichment and simple labels may make this intentional
generic_catalog_details	poi_003707	Transportation	transportation	2773	3234	1	Runtime shop/travel enrichment and simple labels may make this intentional
generic_catalog_details	poi_003708	Transportation	transportation	2761	3238	1	Runtime shop/travel enrichment and simple labels may make this intentional
generic_catalog_details	poi_003709	Transportation	transportation	3055	3244	1	Runtime shop/travel enrichment and simple labels may make this intentional
generic_catalog_details	poi_003710	Cooking range	cooking_range	3214	3248	1	Runtime shop/travel enrichment and simple labels may make this intentional
generic_catalog_details	poi_003711	Agility short-cut	agility_short-cut	1577	3251	1	Runtime shop/travel enrichment and simple labels may make this intentional
generic_catalog_details	poi_003712	Shipwright	shipwright	2668	3266	1	Runtime shop/travel enrichment and simple labels may make this intentional
generic_catalog_details	poi_003713	Port task board	noticeboard	2673	3269	1	Runtime shop/travel enrichment and simple labels may make this intentional
generic_catalog_details	poi_003714	Magic carpet	magic_carpet	1885	3274	1	Runtime shop/travel enrichment and simple labels may make this intentional
generic_catalog_details	poi_003715	Transportation	transportation	2681	3275	1	Runtime shop/travel enrichment and simple labels may make this intentional
generic_catalog_details	poi_003716	Tannery	tannery	2936	3283	1	Runtime shop/travel enrichment and simple labels may make this intentional
generic_catalog_details	poi_003717	Cooking range	cooking_range	1905	3284	1	Runtime shop/travel enrichment and simple labels may make this intentional
generic_catalog_details	poi_003718	Spinning wheel	spinning_wheel	2936	3287	1	Runtime shop/travel enrichment and simple labels may make this intentional
generic_catalog_details	poi_003719	Silver shop	silver_shop	1867	3288	1	Runtime shop/travel enrichment and simple labels may make this intentional
generic_catalog_details	poi_003720	Spice shop	spice_shop	1864	3289	1	Runtime shop/travel enrichment and simple labels may make this intentional
generic_catalog_details	poi_003721	Gem shop	gem_shop	1870	3289	1	Runtime shop/travel enrichment and simple labels may make this intentional
generic_catalog_details	poi_003722	Water source	water_source	1904	3289	1	Runtime shop/travel enrichment and simple labels may make this intentional
generic_catalog_details	poi_003723	Shipwright	shipwright	1884	3291	1	Runtime shop/travel enrichment and simple labels may make this intentional
generic_catalog_details	poi_003724	Fishing shop	fishing_shop	1862	3292	1	Runtime shop/travel enrichment and simple labels may make this intentional
generic_catalog_details	poi_003725	Fur trader	fur_trader	1871	3292	1	Runtime shop/travel enrichment and simple labels may make this intentional
generic_catalog_details	poi_003726	Magic carpet	magic_carpet	1866	3293	1	Runtime shop/travel enrichment and simple labels may make this intentional
generic_catalog_details	poi_003728	Mining shop	mining_shop	1862	3295	1	Runtime shop/travel enrichment and simple labels may make this intentional
generic_catalog_details	poi_003729	Silk trader	silk_trader	1870	3295	1	Runtime shop/travel enrichment and simple labels may make this intentional
generic_catalog_details	poi_003731	Vegetable store	vegetable_store	1864	3297	1	Runtime shop/travel enrichment and simple labels may make this intentional
generic_catalog_details	poi_003732	Archery shop	archery_shop	1867	3297	1	Runtime shop/travel enrichment and simple labels may make this intentional
generic_catalog_details	poi_003733	Cargo bay	cargo_bay	1883	3297	1	Runtime shop/travel enrichment and simple labels may make this intentional
generic_catalog_details	poi_003734	General store	general_store	1888	3298	1	Runtime shop/travel enrichment and simple labels may make this intentional
generic_catalog_details	poi_003735	Lookout point	lookout_point	1882	3301	1	Runtime shop/travel enrichment and simple labels may make this intentional
generic_catalog_details	poi_003736	Cooking range	cooking_range	1906	3301	1	Runtime shop/travel enrichment and simple labels may make this intentional
generic_catalog_details	poi_003737	Water source	water_source	1909	3301	1	Runtime shop/travel enrichment and simple labels may make this intentional
generic_catalog_details	poi_003738	Ship boarding plank	mooring_point	1871	3304	1	Runtime shop/travel enrichment and simple labels may make this intentional
generic_catalog_details	poi_003739	Port task board	noticeboard	1866	3306	1	Runtime shop/travel enrichment and simple labels may make this intentional
generic_catalog_details	poi_003740	Transportation	transportation	1871	3312	1	Runtime shop/travel enrichment and simple labels may make this intentional
generic_catalog_details	poi_003741	Cooking range	cooking_range	1908	3312	1	Runtime shop/travel enrichment and simple labels may make this intentional
generic_catalog_details	poi_003742	Poll booth	poll_booth	1885	3313	1	Runtime shop/travel enrichment and simple labels may make this intentional
generic_catalog_details	poi_003743	Water source	water_source	1905	3313	1	Runtime shop/travel enrichment and simple labels may make this intentional
generic_catalog_details	poi_003744	Pub/bar	bar	1892	3316	1	Runtime shop/travel enrichment and simple labels may make this intentional
generic_catalog_details	poi_003745	Bank	bank	1883	3317	1	Runtime shop/travel enrichment and simple labels may make this intentional
generic_catalog_details	poi_003746	Bank	bank	3366	3318	1	Runtime shop/travel enrichment and simple labels may make this intentional
generic_catalog_details	poi_003747	Ship boarding plank	mooring_point	2164	3326	1	Runtime shop/travel enrichment and simple labels may make this intentional
generic_catalog_details	poi_003748	Transportation	transportation	2157	3331	1	Runtime shop/travel enrichment and simple labels may make this intentional
generic_catalog_details	poi_003749	Transportation	transportation	2834	3334	1	Runtime shop/travel enrichment and simple labels may make this intentional
generic_catalog_details	poi_003750	Port task board	noticeboard	2874	3339	1	Runtime shop/travel enrichment and simple labels may make this intentional
generic_catalog_details	poi_003751	Dungeon with map link	dungeon_link	3725	3356	1	Runtime shop/travel enrichment and simple labels may make this intentional
generic_catalog_details	poi_003752	Cooking range	cooking_range	3726	3361	1	Runtime shop/travel enrichment and simple labels may make this intentional
generic_catalog_details	poi_003753	Water source	water_source	3728	3363	1	Runtime shop/travel enrichment and simple labels may make this intentional
generic_catalog_details	poi_003754	Poll booth	poll_booth	2730	3374	1	Runtime shop/travel enrichment and simple labels may make this intentional
generic_catalog_details	poi_003755	Agility short-cut	agility_short-cut	3670	3375	1	Runtime shop/travel enrichment and simple labels may make this intentional
generic_catalog_details	poi_003756	Transportation	transportation	1504	3398	1	Runtime shop/travel enrichment and simple labels may make this intentional
generic_catalog_details	poi_003757	Cooking range	cooking_range	3202	3401	1	Runtime shop/travel enrichment and simple labels may make this intentional
generic_catalog_details	poi_003758	Transportation	transportation	1495	3403	1	Runtime shop/travel enrichment and simple labels may make this intentional
generic_catalog_details	poi_003759	Shipwright	shipwright	1499	3405	1	Runtime shop/travel enrichment and simple labels may make this intentional
generic_catalog_details	poi_003760	Port task board	noticeboard	1506	3407	1	Runtime shop/travel enrichment and simple labels may make this intentional
generic_catalog_details	poi_003761	Ship boarding plank	mooring_point	1502	3408	1	Runtime shop/travel enrichment and simple labels may make this intentional
generic_catalog_details	poi_003762	Cargo bay	cargo_bay	1509	3410	1	Runtime shop/travel enrichment and simple labels may make this intentional
generic_catalog_details	poi_003763	Shipwright	shipwright	2804	3412	1	Runtime shop/travel enrichment and simple labels may make this intentional
generic_catalog_details	poi_003764	Port task board	noticeboard	2800	3413	1	Runtime shop/travel enrichment and simple labels may make this intentional
generic_catalog_details	poi_003765	Transportation	transportation	2792	3415	1	Runtime shop/travel enrichment and simple labels may make this intentional
generic_catalog_details	poi_003766	Ship boarding plank	mooring_point	2803	3419	1	Runtime shop/travel enrichment and simple labels may make this intentional
generic_catalog_details	poi_003768	Cargo bay	cargo_bay	2805	3427	1	Runtime shop/travel enrichment and simple labels may make this intentional
generic_catalog_details	poi_003769	Dairy churn	dairy_churn	3148	3449	1	Runtime shop/travel enrichment and simple labels may make this intentional
generic_catalog_details	poi_003770	Cooking range	cooking_range	3144	3453	1	Runtime shop/travel enrichment and simple labels may make this intentional
generic_catalog_details	poi_003771	Spinning wheel	spinning_wheel	2710	3471	1	Runtime shop/travel enrichment and simple labels may make this intentional
generic_catalog_details	poi_003772	Dummy	dummy	3204	3471	1	Runtime shop/travel enrichment and simple labels may make this intentional
generic_catalog_details	poi_003773	Poll booth	poll_booth	3514	3476	1	Runtime shop/travel enrichment and simple labels may make this intentional
generic_catalog_details	poi_003774	Cooking range	cooking_range	2480	3479	1	Runtime shop/travel enrichment and simple labels may make this intentional
generic_catalog_details	poi_003775	Bank	bank	2451	3480	1	Runtime shop/travel enrichment and simple labels may make this intentional
generic_catalog_details	poi_003776	Pricing expert (herbs)	pricing_expert_herbs	3156	3481	1	Runtime shop/travel enrichment and simple labels may make this intentional
generic_catalog_details	poi_003777	Pricing expert (runes)	pricing_expert_runes	3173	3481	1	Runtime shop/travel enrichment and simple labels may make this intentional
generic_catalog_details	poi_003778	Bank	bank	3512	3481	1	Runtime shop/travel enrichment and simple labels may make this intentional
generic_catalog_details	poi_003779	Cookery shop	cookery_shop	2480	3482	1	Runtime shop/travel enrichment and simple labels may make this intentional
generic_catalog_details	poi_003780	Rare trees	rare_trees	1570	3483	1	Runtime shop/travel enrichment and simple labels may make this intentional
generic_catalog_details	poi_003781	Taxidermist	taxidermist	3479	3484	1	Runtime shop/travel enrichment and simple labels may make this intentional
generic_catalog_details	poi_003782	Bank	bank	2440	3486	1	Runtime shop/travel enrichment and simple labels may make this intentional
generic_catalog_details	poi_003783	Grand Exchange	grand_exchange	3167	3487	1	Runtime shop/travel enrichment and simple labels may make this intentional
generic_catalog_details	poi_003784	Poll booth	poll_booth	2449	3488	1	Runtime shop/travel enrichment and simple labels may make this intentional
generic_catalog_details	poi_003785	Pub/bar	bar	2479	3489	1	Runtime shop/travel enrichment and simple labels may make this intentional
generic_catalog_details	poi_003786	Pricing expert (logs)	pricing_expert_logs	3152	3489	1	Runtime shop/travel enrichment and simple labels may make this intentional
generic_catalog_details	poi_003787	Bank	bank	3162	3492	1	Runtime shop/travel enrichment and simple labels may make this intentional
generic_catalog_details	poi_003788	Rare trees	rare_trees	1570	3493	1	Runtime shop/travel enrichment and simple labels may make this intentional
generic_catalog_details	poi_003789	Altar	altar	3208	3494	1	Runtime shop/travel enrichment and simple labels may make this intentional
generic_catalog_details	poi_003790	Food shop	food_shop	3509	3495	1	Runtime shop/travel enrichment and simple labels may make this intentional
generic_catalog_details	poi_003791	Transportation	transportation	3710	3497	1	Runtime shop/travel enrichment and simple labels may make this intentional
generic_catalog_details	poi_003792	Altar	altar	3052	3498	1	Runtime shop/travel enrichment and simple labels may make this intentional
generic_catalog_details	poi_003793	Pricing expert (weapons and armours)	pricing_expert_weapons_and_armours	3156	3498	1	Runtime shop/travel enrichment and simple labels may make this intentional
generic_catalog_details	poi_003794	Pricing expert (ores)	pricing_expert_ores	3173	3498	1	Runtime shop/travel enrichment and simple labels may make this intentional
generic_catalog_details	poi_003795	Water source	water_source	2441	3499	1	Runtime shop/travel enrichment and simple labels may make this intentional
generic_catalog_details	poi_003796	Pub/bar	bar	2418	3500	1	Runtime shop/travel enrichment and simple labels may make this intentional
generic_catalog_details	poi_003797	Poll booth	poll_booth	3162	3500	1	Runtime shop/travel enrichment and simple labels may make this intentional
generic_catalog_details	poi_003798	Food shop	food_shop	2445	3501	1	Runtime shop/travel enrichment and simple labels may make this intentional
generic_catalog_details	poi_003799	Altar	altar	2750	3501	1	Runtime shop/travel enrichment and simple labels may make this intentional
generic_catalog_details	poi_003800	Minigame	minigame	2437	3502	1	Runtime shop/travel enrichment and simple labels may make this intentional
generic_catalog_details	poi_003801	Transportation	transportation	3703	3503	1	Runtime shop/travel enrichment and simple labels may make this intentional
generic_catalog_details	poi_003802	Clothes shop	clothes_shop	3503	3505	1	Runtime shop/travel enrichment and simple labels may make this intentional
generic_catalog_details	poi_003803	Cooking range	cooking_range	3081	3508	1	Runtime shop/travel enrichment and simple labels may make this intentional
generic_catalog_details	poi_003804	Cookery shop	cookery_shop	2446	3509	1	Runtime shop/travel enrichment and simple labels may make this intentional
generic_catalog_details	poi_003805	Cooking range	cooking_range	2452	3510	1	Runtime shop/travel enrichment and simple labels may make this intentional
generic_catalog_details	poi_003806	Altar	altar	3028	3510	1	Runtime shop/travel enrichment and simple labels may make this intentional
generic_catalog_details	poi_003807	Altar	altar	2889	3511	1	Runtime shop/travel enrichment and simple labels may make this intentional
generic_catalog_details	poi_003808	Cooking range	cooking_range	2446	3512	1	Runtime shop/travel enrichment and simple labels may make this intentional
generic_catalog_details	poi_003809	Clothes shop	clothes_shop	2482	3513	1	Runtime shop/travel enrichment and simple labels may make this intentional
generic_catalog_details	poi_003810	Axe shop	axe_shop	2856	3535	1	Runtime shop/travel enrichment and simple labels may make this intentional
generic_catalog_details	poi_003811	Sword shop	sword_shop	2854	3537	1	Runtime shop/travel enrichment and simple labels may make this intentional
generic_catalog_details	poi_003812	Minigame	minigame	2843	3545	1	Runtime shop/travel enrichment and simple labels may make this intentional
generic_catalog_details	poi_003813	Minigame	minigame	2864	3550	1	Runtime shop/travel enrichment and simple labels may make this intentional
generic_catalog_details	poi_003815	Water source	water_source	1495	3574	1	Runtime shop/travel enrichment and simple labels may make this intentional
generic_catalog_details	poi_003817	Water source	water_source	1507	3590	1	Runtime shop/travel enrichment and simple labels may make this intentional
generic_catalog_details	poi_003818	Water source	water_source	1522	3592	1	Runtime shop/travel enrichment and simple labels may make this intentional
generic_catalog_details	poi_003819	Transportation	transportation	1587	3622	1	Runtime shop/travel enrichment and simple labels may make this intentional
generic_catalog_details	poi_003820	General store	general_store	2509	3640	1	Runtime shop/travel enrichment and simple labels may make this intentional
generic_catalog_details	poi_003821	Transportation	transportation	1809	3679	1	Runtime shop/travel enrichment and simple labels may make this intentional
generic_catalog_details	poi_003822	Cargo bay	cargo_bay	1822	3680	1	Runtime shop/travel enrichment and simple labels may make this intentional
generic_catalog_details	poi_003823	Ship boarding plank	mooring_point	2629	3686	1	Runtime shop/travel enrichment and simple labels may make this intentional
generic_catalog_details	poi_003824	Shipwright	shipwright	1841	3688	1	Runtime shop/travel enrichment and simple labels may make this intentional
generic_catalog_details	poi_003826	Port task board	noticeboard	1837	3691	1	Runtime shop/travel enrichment and simple labels may make this intentional
generic_catalog_details	poi_003827	Ship boarding plank	mooring_point	1840	3691	1	Runtime shop/travel enrichment and simple labels may make this intentional
generic_catalog_details	poi_003828	Transportation	transportation	1824	3692	1	Runtime shop/travel enrichment and simple labels may make this intentional
generic_catalog_details	poi_003829	Transportation	transportation	2628	3692	1	Runtime shop/travel enrichment and simple labels may make this intentional
generic_catalog_details	poi_003830	Shipwright	shipwright	2632	3696	1	Runtime shop/travel enrichment and simple labels may make this intentional
generic_catalog_details	poi_003831	Port task board	noticeboard	2629	3699	1	Runtime shop/travel enrichment and simple labels may make this intentional
generic_catalog_details	poi_003832	Food shop	food_shop	1829	3723	1	Runtime shop/travel enrichment and simple labels may make this intentional
generic_catalog_details	poi_003833	Transportation	transportation	1525	3725	1	Runtime shop/travel enrichment and simple labels may make this intentional
generic_catalog_details	poi_003834	Cooking range	cooking_range	1777	3733	1	Runtime shop/travel enrichment and simple labels may make this intentional
generic_catalog_details	poi_003835	Cooking range	cooking_range	1768	3734	1	Runtime shop/travel enrichment and simple labels may make this intentional
generic_catalog_details	poi_003836	Cooking range	cooking_range	1745	3735	1	Runtime shop/travel enrichment and simple labels may make this intentional
generic_catalog_details	poi_003837	Water source	water_source	1750	3736	1	Runtime shop/travel enrichment and simple labels may make this intentional
generic_catalog_details	poi_003838	Water source	water_source	1774	3736	1	Runtime shop/travel enrichment and simple labels may make this intentional
generic_catalog_details	poi_003839	Water source	water_source	1763	3738	1	Runtime shop/travel enrichment and simple labels may make this intentional
generic_catalog_details	poi_003840	Water source	water_source	1750	3747	1	Runtime shop/travel enrichment and simple labels may make this intentional
generic_catalog_details	poi_003841	Cooking range	cooking_range	1766	3751	1	Runtime shop/travel enrichment and simple labels may make this intentional
generic_catalog_details	poi_003842	Water source	water_source	1773	3751	1	Runtime shop/travel enrichment and simple labels may make this intentional
generic_catalog_details	poi_003843	Cooking range	cooking_range	1750	3752	1	Runtime shop/travel enrichment and simple labels may make this intentional
generic_catalog_details	poi_003844	Magic carpet	magic_carpet	1846	3753	1	Runtime shop/travel enrichment and simple labels may make this intentional
generic_catalog_details	poi_003845	Water source	water_source	1753	3759	1	Runtime shop/travel enrichment and simple labels may make this intentional
generic_catalog_details	poi_003846	Cooking range	cooking_range	1750	3764	1	Runtime shop/travel enrichment and simple labels may make this intentional
generic_catalog_details	poi_003847	Agility short-cut	agility_short-cut	1633	3807	1	Runtime shop/travel enrichment and simple labels may make this intentional
generic_catalog_details	poi_003848	Hunting Tutor	hunting_tutor	2710	3829	1	Runtime shop/travel enrichment and simple labels may make this intentional
generic_catalog_details	poi_003849	Transportation	transportation	1674	3832	1	Runtime shop/travel enrichment and simple labels may make this intentional
generic_catalog_details	poi_003850	Shipwright	shipwright	2618	3845	1	Runtime shop/travel enrichment and simple labels may make this intentional
generic_catalog_details	poi_003851	Transportation	transportation	2580	3846	1	Runtime shop/travel enrichment and simple labels may make this intentional
generic_catalog_details	poi_003852	Port task board	noticeboard	2612	3846	1	Runtime shop/travel enrichment and simple labels may make this intentional
generic_catalog_details	poi_003855	Port task board	noticeboard	2146	3879	1	Runtime shop/travel enrichment and simple labels may make this intentional
generic_catalog_details	poi_003856	Transportation	transportation	3763	3879	1	Runtime shop/travel enrichment and simple labels may make this intentional
generic_catalog_details	poi_003857	Agility short-cut	agility_short-cut	3765	3883	1	Runtime shop/travel enrichment and simple labels may make this intentional
generic_catalog_details	poi_003858	Ship boarding plank	mooring_point	2140	3884	1	Runtime shop/travel enrichment and simple labels may make this intentional
generic_catalog_details	poi_003859	Shipwright	shipwright	2146	3884	1	Runtime shop/travel enrichment and simple labels may make this intentional
generic_catalog_details	poi_003860	Water source	water_source	2094	3905	1	Runtime shop/travel enrichment and simple labels may make this intentional
generic_catalog_details	poi_003861	Cooking range	cooking_range	2094	3909	1	Runtime shop/travel enrichment and simple labels may make this intentional
generic_catalog_details	poi_003862	Transportation	transportation	2658	3988	1	Runtime shop/travel enrichment and simple labels may make this intentional
generic_catalog_details	poi_003865	Minigame	minigame	3423	4064	1	Runtime shop/travel enrichment and simple labels may make this intentional
generic_catalog_details	poi_003866	Dungeon	dungeon	2150	4545	1	Runtime shop/travel enrichment and simple labels may make this intentional
generic_catalog_details	poi_003867	Cooking range	cooking_range	3610	4603	1	Runtime shop/travel enrichment and simple labels may make this intentional
generic_catalog_details	poi_003868	Transportation	transportation	2137	4648	1	Runtime shop/travel enrichment and simple labels may make this intentional
generic_catalog_details	poi_003869	Transportation	transportation	2009	4712	1	Runtime shop/travel enrichment and simple labels may make this intentional
generic_catalog_details	poi_003870	Dungeon	dungeon	2174	4725	1	Runtime shop/travel enrichment and simple labels may make this intentional
generic_catalog_details	poi_003871	Dungeon	dungeon	2113	4729	1	Runtime shop/travel enrichment and simple labels may make this intentional
generic_catalog_details	poi_003872	Transportation	transportation	1818	4834	1	Runtime shop/travel enrichment and simple labels may make this intentional
generic_catalog_details	poi_003873	Transportation	transportation	2075	4850	1	Runtime shop/travel enrichment and simple labels may make this intentional
generic_catalog_details	poi_003874	Raids Lobby	raids_lobby	2070	4891	1	Runtime shop/travel enrichment and simple labels may make this intentional
generic_catalog_details	poi_003875	Clothes shop	clothes_shop	3051	4961	1	Runtime shop/travel enrichment and simple labels may make this intentional
generic_catalog_details	poi_003876	Poll booth	poll_booth	3039	4967	1	Runtime shop/travel enrichment and simple labels may make this intentional
generic_catalog_details	poi_003877	Bank	bank	3041	4972	1	Runtime shop/travel enrichment and simple labels may make this intentional
generic_catalog_details	poi_003878	Water source	water_source	2142	5107	1	Runtime shop/travel enrichment and simple labels may make this intentional
generic_catalog_details	poi_003879	Agility short-cut	agility_short-cut	2920	5275	1	Runtime shop/travel enrichment and simple labels may make this intentional
generic_catalog_details	poi_003880	Transportation	transportation	2696	5277	1	Runtime shop/travel enrichment and simple labels may make this intentional
generic_catalog_details	poi_003881	Rare trees	rare_trees	3351	5317	1	Runtime shop/travel enrichment and simple labels may make this intentional
generic_catalog_details	poi_003882	Rare trees	rare_trees	3269	5320	1	Runtime shop/travel enrichment and simple labels may make this intentional
generic_catalog_details	poi_003883	Rare trees	rare_trees	3302	5320	1	Runtime shop/travel enrichment and simple labels may make this intentional
generic_catalog_details	poi_003891	Bank	bank	2323	5400	1	Runtime shop/travel enrichment and simple labels may make this intentional
generic_catalog_details	poi_003892	Cookery shop	cookery_shop	2352	5402	1	Runtime shop/travel enrichment and simple labels may make this intentional
generic_catalog_details	poi_003893	Transportation	transportation	2065	5404	1	Runtime shop/travel enrichment and simple labels may make this intentional
generic_catalog_details	poi_003894	Bank	bank	2312	5406	1	Runtime shop/travel enrichment and simple labels may make this intentional
generic_catalog_details	poi_003895	Pub/bar	bar	2351	5409	1	Runtime shop/travel enrichment and simple labels may make this intentional
generic_catalog_details	poi_003896	Food shop	food_shop	2317	5421	1	Runtime shop/travel enrichment and simple labels may make this intentional
generic_catalog_details	poi_003897	Minigame	minigame	2309	5422	1	Runtime shop/travel enrichment and simple labels may make this intentional
generic_catalog_details	poi_003898	Cookery shop	cookery_shop	2318	5429	1	Runtime shop/travel enrichment and simple labels may make this intentional
generic_catalog_details	poi_003899	Cooking range	cooking_range	2324	5430	1	Runtime shop/travel enrichment and simple labels may make this intentional
generic_catalog_details	poi_003900	Cooking range	cooking_range	2318	5432	1	Runtime shop/travel enrichment and simple labels may make this intentional
generic_catalog_details	poi_003901	Clothes shop	clothes_shop	2354	5433	1	Runtime shop/travel enrichment and simple labels may make this intentional
generic_catalog_details	poi_003902	Farming patch	farming_patch	3317	5448	1	Runtime shop/travel enrichment and simple labels may make this intentional
generic_catalog_details	poi_003903	Farming patch	farming_patch	3344	5451	1	Runtime shop/travel enrichment and simple labels may make this intentional
generic_catalog_details	poi_003904	Rare trees	rare_trees	3353	5452	1	Runtime shop/travel enrichment and simple labels may make this intentional
generic_catalog_details	poi_003905	Water source	water_source	3304	5453	1	Runtime shop/travel enrichment and simple labels may make this intentional
generic_catalog_details	poi_003906	Rare trees	rare_trees	3275	5454	1	Runtime shop/travel enrichment and simple labels may make this intentional
generic_catalog_details	poi_003907	Hunter training	hunter_training	3301	5456	1	Runtime shop/travel enrichment and simple labels may make this intentional
generic_catalog_details	poi_003908	Bank	bank	3341	5456	1	Runtime shop/travel enrichment and simple labels may make this intentional
generic_catalog_details	poi_003909	Bank	bank	3318	5457	1	Runtime shop/travel enrichment and simple labels may make this intentional
generic_catalog_details	poi_003910	Hunter training	hunter_training	3287	5459	1	Runtime shop/travel enrichment and simple labels may make this intentional
generic_catalog_details	poi_003911	Water source	water_source	3334	5460	1	Runtime shop/travel enrichment and simple labels may make this intentional
generic_catalog_details	poi_003912	Water source	water_source	3290	5461	1	Runtime shop/travel enrichment and simple labels may make this intentional
generic_catalog_details	poi_003913	Cooking range	cooking_range	1748	5464	1	Runtime shop/travel enrichment and simple labels may make this intentional
generic_catalog_details	poi_003914	Hunter training	hunter_training	3342	5464	1	Runtime shop/travel enrichment and simple labels may make this intentional
generic_catalog_details	poi_003915	Bank	bank	3275	5465	1	Runtime shop/travel enrichment and simple labels may make this intentional
generic_catalog_details	poi_003916	Water source	water_source	1744	5467	1	Runtime shop/travel enrichment and simple labels may make this intentional
generic_catalog_details	poi_003917	Farming patch	farming_patch	3282	5467	1	Runtime shop/travel enrichment and simple labels may make this intentional
generic_catalog_details	poi_003918	Altar	altar	1775	5468	1	Runtime shop/travel enrichment and simple labels may make this intentional
generic_catalog_details	poi_003919	Rare trees	rare_trees	3308	5469	1	Runtime shop/travel enrichment and simple labels may make this intentional
generic_catalog_details	poi_003920	Poll booth	poll_booth	1745	5472	1	Runtime shop/travel enrichment and simple labels may make this intentional
generic_catalog_details	poi_003921	Bank	bank	1747	5477	1	Runtime shop/travel enrichment and simple labels may make this intentional
generic_catalog_details	poi_003922	Bank	bank	2003	5528	1	Runtime shop/travel enrichment and simple labels may make this intentional
generic_catalog_details	poi_003923	Transportation	transportation	2442	5528	1	Runtime shop/travel enrichment and simple labels may make this intentional
generic_catalog_details	poi_003924	Cookery shop	cookery_shop	2032	5530	1	Runtime shop/travel enrichment and simple labels may make this intentional
generic_catalog_details	poi_003925	Bank	bank	1992	5534	1	Runtime shop/travel enrichment and simple labels may make this intentional
generic_catalog_details	poi_003926	Poll booth	poll_booth	2001	5536	1	Runtime shop/travel enrichment and simple labels may make this intentional
generic_catalog_details	poi_003927	Pub/bar	bar	2031	5537	1	Runtime shop/travel enrichment and simple labels may make this intentional
generic_catalog_details	poi_003928	Transportation	transportation	2481	5544	1	Runtime shop/travel enrichment and simple labels may make this intentional
generic_catalog_details	poi_003929	Pub/bar	bar	1970	5548	1	Runtime shop/travel enrichment and simple labels may make this intentional
generic_catalog_details	poi_003930	Food shop	food_shop	1997	5549	1	Runtime shop/travel enrichment and simple labels may make this intentional
generic_catalog_details	poi_003931	Minigame	minigame	1989	5550	1	Runtime shop/travel enrichment and simple labels may make this intentional
generic_catalog_details	poi_003932	Cookery shop	cookery_shop	1998	5557	1	Runtime shop/travel enrichment and simple labels may make this intentional
generic_catalog_details	poi_003933	Cooking range	cooking_range	2004	5558	1	Runtime shop/travel enrichment and simple labels may make this intentional
generic_catalog_details	poi_003934	Cooking range	cooking_range	1998	5560	1	Runtime shop/travel enrichment and simple labels may make this intentional
generic_catalog_details	poi_003935	Clothes shop	clothes_shop	2034	5561	1	Runtime shop/travel enrichment and simple labels may make this intentional
generic_catalog_details	poi_003936	Transportation	transportation	3380	5899	1	Runtime shop/travel enrichment and simple labels may make this intentional
generic_catalog_details	poi_003937	Altar	altar	2879	6022	1	Runtime shop/travel enrichment and simple labels may make this intentional
generic_catalog_details	poi_003938	Altar	altar	2816	6074	1	Runtime shop/travel enrichment and simple labels may make this intentional
generic_catalog_details	poi_003939	Ship boarding plank	mooring_point	3188	6078	1	Runtime shop/travel enrichment and simple labels may make this intentional
generic_catalog_details	poi_003940	Transportation	transportation	3181	6083	1	Runtime shop/travel enrichment and simple labels may make this intentional
generic_catalog_details	poi_003941	Water source	water_source	3233	6087	1	Runtime shop/travel enrichment and simple labels may make this intentional
generic_catalog_details	poi_003942	Transportation	transportation	2623	6088	1	Runtime shop/travel enrichment and simple labels may make this intentional
generic_catalog_details	poi_003943	Staff shop	staff_shop	3218	6089	1	Runtime shop/travel enrichment and simple labels may make this intentional
generic_catalog_details	poi_003944	Cooking range	cooking_range	3230	6090	1	Runtime shop/travel enrichment and simple labels may make this intentional
generic_catalog_details	poi_003945	Cooking range	cooking_range	2789	6099	1	Runtime shop/travel enrichment and simple labels may make this intentional
generic_catalog_details	poi_003946	Food shop	food_shop	2785	6103	1	Runtime shop/travel enrichment and simple labels may make this intentional
generic_catalog_details	poi_003947	Cooking range	cooking_range	2789	6104	1	Runtime shop/travel enrichment and simple labels may make this intentional
generic_catalog_details	poi_003948	Magic shop	magic_shop	3222	6112	1	Runtime shop/travel enrichment and simple labels may make this intentional
generic_catalog_details	poi_003949	Altar	altar	2804	6116	1	Runtime shop/travel enrichment and simple labels may make this intentional
generic_catalog_details	poi_003950	Dungeon with map link	dungeon_link	3032	6123	1	Runtime shop/travel enrichment and simple labels may make this intentional
generic_catalog_details	poi_003951	Minigame	minigame	3032	6129	1	Runtime shop/travel enrichment and simple labels may make this intentional
generic_catalog_details	poi_003952	Cooking range	cooking_range	2917	6163	1	Runtime shop/travel enrichment and simple labels may make this intentional
generic_catalog_details	poi_003953	Food shop	food_shop	2913	6167	1	Runtime shop/travel enrichment and simple labels may make this intentional
generic_catalog_details	poi_003954	Cooking range	cooking_range	2917	6168	1	Runtime shop/travel enrichment and simple labels may make this intentional
generic_catalog_details	poi_003955	Altar	altar	2932	6180	1	Runtime shop/travel enrichment and simple labels may make this intentional
generic_catalog_details	poi_003956	Agility short-cut	agility_short-cut	2070	6368	1	Runtime shop/travel enrichment and simple labels may make this intentional
generic_catalog_details	poi_003957	Agility short-cut	agility_short-cut	2091	6380	1	Runtime shop/travel enrichment and simple labels may make this intentional
generic_catalog_details	poi_003958	Water source	water_source	3157	7825	1	Runtime shop/travel enrichment and simple labels may make this intentional
generic_catalog_details	poi_003959	Cooking range	cooking_range	3161	7827	1	Runtime shop/travel enrichment and simple labels may make this intentional
generic_catalog_details	poi_003960	Anvil	anvil	3179	7842	1	Runtime shop/travel enrichment and simple labels may make this intentional
generic_catalog_details	poi_003961	Farming patch	farming_patch	3297	8861	1	Runtime shop/travel enrichment and simple labels may make this intentional
generic_catalog_details	poi_003963	Dungeon with map link	dungeon_link	1939	8966	1	Runtime shop/travel enrichment and simple labels may make this intentional
generic_catalog_details	poi_003964	Agility short-cut	agility_short-cut	1981	8996	1	Runtime shop/travel enrichment and simple labels may make this intentional
generic_catalog_details	poi_003965	Dungeon with map link	dungeon_link	2012	9005	1	Runtime shop/travel enrichment and simple labels may make this intentional
generic_catalog_details	poi_003966	Dungeon with map link	dungeon_link	1937	9009	1	Runtime shop/travel enrichment and simple labels may make this intentional
generic_catalog_details	poi_003970	Anvil	anvil	1962	9072	1	Runtime shop/travel enrichment and simple labels may make this intentional
generic_catalog_details	poi_003971	Water source	water_source	3092	9307	1	Runtime shop/travel enrichment and simple labels may make this intentional
generic_catalog_details	poi_003972	Furnace	furnace	3116	9323	1	Runtime shop/travel enrichment and simple labels may make this intentional
generic_catalog_details	poi_003973	Hunter training	hunter_training	1560	9420	1	Runtime shop/travel enrichment and simple labels may make this intentional
generic_catalog_details	poi_003974	Dungeon with map link	dungeon_link	1558	9449	1	Runtime shop/travel enrichment and simple labels may make this intentional
generic_catalog_details	poi_003975	Pub/bar	bar	1558	9465	1	Runtime shop/travel enrichment and simple labels may make this intentional
generic_catalog_details	poi_003976	Dungeon with map link	dungeon_link	1488	9502	1	Runtime shop/travel enrichment and simple labels may make this intentional
generic_catalog_details	poi_003977	Agility short-cut	agility_short-cut	1311	9508	1	Runtime shop/travel enrichment and simple labels may make this intentional
generic_catalog_details	poi_003979	Rare trees	rare_trees	1296	9513	1	Runtime shop/travel enrichment and simple labels may make this intentional
generic_catalog_details	poi_003980	Rare trees	rare_trees	1326	9513	1	Runtime shop/travel enrichment and simple labels may make this intentional
generic_catalog_details	poi_003982	Agility short-cut	agility_short-cut	2990	9547	1	Runtime shop/travel enrichment and simple labels may make this intentional
generic_catalog_details	poi_003983	Agility short-cut	agility_short-cut	3013	9549	1	Runtime shop/travel enrichment and simple labels may make this intentional
generic_catalog_details	poi_003984	Dungeon with map link	dungeon_link	3007	9550	1	Runtime shop/travel enrichment and simple labels may make this intentional
generic_catalog_details	poi_003985	Herbalist	herbalist	1436	9551	1	Runtime shop/travel enrichment and simple labels may make this intentional
generic_catalog_details	poi_003986	Cooking range	cooking_range	1402	9553	1	Runtime shop/travel enrichment and simple labels may make this intentional
generic_catalog_details	poi_003987	Mining shop	mining_shop	1443	9554	1	Runtime shop/travel enrichment and simple labels may make this intentional
generic_catalog_details	poi_003988	Cooking range	cooking_range	1466	9555	1	Runtime shop/travel enrichment and simple labels may make this intentional
generic_catalog_details	poi_003989	Cooking range	cooking_range	1474	9555	1	Runtime shop/travel enrichment and simple labels may make this intentional
generic_catalog_details	poi_003990	General store	general_store	1425	9556	1	Runtime shop/travel enrichment and simple labels may make this intentional
generic_catalog_details	poi_003991	hairdresser	hairdresser	1455	9556	1	Runtime shop/travel enrichment and simple labels may make this intentional
generic_catalog_details	poi_003992	Water source	water_source	1415	9559	1	Runtime shop/travel enrichment and simple labels may make this intentional
generic_catalog_details	poi_003993	Jewellery	jewellery	1437	9560	1	Runtime shop/travel enrichment and simple labels may make this intentional
generic_catalog_details	poi_003994	Food shop	food_shop	1441	9560	1	Runtime shop/travel enrichment and simple labels may make this intentional
generic_catalog_details	poi_003995	Water source	water_source	1415	9564	1	Runtime shop/travel enrichment and simple labels may make this intentional
generic_catalog_details	poi_003996	Poll booth	poll_booth	1450	9564	1	Runtime shop/travel enrichment and simple labels may make this intentional
generic_catalog_details	poi_003997	Cooking range	cooking_range	1413	9567	1	Runtime shop/travel enrichment and simple labels may make this intentional
generic_catalog_details	poi_003998	Cooking range	cooking_range	1470	9567	1	Runtime shop/travel enrichment and simple labels may make this intentional
generic_catalog_details	poi_003999	Magic shop	magic_shop	1425	9568	1	Runtime shop/travel enrichment and simple labels may make this intentional
generic_catalog_details	poi_004000	Bank	bank	1455	9568	1	Runtime shop/travel enrichment and simple labels may make this intentional
generic_catalog_details	poi_004001	Cooking range	cooking_range	1404	9569	1	Runtime shop/travel enrichment and simple labels may make this intentional
generic_catalog_details	poi_004002	Cooking range	cooking_range	1476	9569	1	Runtime shop/travel enrichment and simple labels may make this intentional
generic_catalog_details	poi_004003	Water source	water_source	1461	9572	1	Runtime shop/travel enrichment and simple labels may make this intentional
generic_catalog_details	poi_004004	Anvil	anvil	1445	9584	1	Runtime shop/travel enrichment and simple labels may make this intentional
generic_catalog_details	poi_004005	Furnace	furnace	1454	9584	1	Runtime shop/travel enrichment and simple labels may make this intentional
generic_catalog_details	poi_004006	Pub/bar	bar	1429	9585	1	Runtime shop/travel enrichment and simple labels may make this intentional
generic_catalog_details	poi_004007	Sword shop	sword_shop	1449	9585	1	Runtime shop/travel enrichment and simple labels may make this intentional
generic_catalog_details	poi_004008	Water source	water_source	1447	9587	1	Runtime shop/travel enrichment and simple labels may make this intentional
generic_catalog_details	poi_004009	Water source	water_source	1424	9590	1	Runtime shop/travel enrichment and simple labels may make this intentional
generic_catalog_details	poi_004012	Water source	water_source	1437	9623	1	Runtime shop/travel enrichment and simple labels may make this intentional
generic_catalog_details	poi_004013	Water source	water_source	1443	9623	1	Runtime shop/travel enrichment and simple labels may make this intentional
generic_catalog_details	poi_004015	Transportation	transportation	3363	9640	1	Runtime shop/travel enrichment and simple labels may make this intentional
generic_catalog_details	poi_004017	Cooking range	cooking_range	1510	9693	1	Runtime shop/travel enrichment and simple labels may make this intentional
generic_catalog_details	poi_004018	Transportation	transportation	3356	9693	1	Runtime shop/travel enrichment and simple labels may make this intentional
generic_catalog_details	poi_004019	Transportation	transportation	3383	9698	1	Runtime shop/travel enrichment and simple labels may make this intentional
generic_catalog_details	poi_004021	Transportation	transportation	3377	9706	1	Runtime shop/travel enrichment and simple labels may make this intentional
generic_catalog_details	poi_004022	Water source	water_source	1404	9713	1	Runtime shop/travel enrichment and simple labels may make this intentional
generic_catalog_details	poi_004023	Transportation	transportation	3363	9713	1	Runtime shop/travel enrichment and simple labels may make this intentional
generic_catalog_details	poi_004024	Water source	water_source	1404	9720	1	Runtime shop/travel enrichment and simple labels may make this intentional
generic_catalog_details	poi_004026	Dungeon with map link	dungeon_link	3726	9756	1	Runtime shop/travel enrichment and simple labels may make this intentional
generic_catalog_details	poi_004027	Hot air balloon	hot_air_balloon	3186	9758	1	Runtime shop/travel enrichment and simple labels may make this intentional
generic_catalog_details	poi_004028	Agility short-cut	agility_short-cut	2888	9823	1	Runtime shop/travel enrichment and simple labels may make this intentional
generic_catalog_details	poi_004029	Agility short-cut	agility_short-cut	2772	10003	1	Runtime shop/travel enrichment and simple labels may make this intentional
generic_catalog_details	poi_004030	Minigame	minigame	3157	10027	1	Runtime shop/travel enrichment and simple labels may make this intentional
generic_catalog_details	poi_004032	Dungeon with map link	dungeon_link	1292	10057	1	Runtime shop/travel enrichment and simple labels may make this intentional
generic_catalog_details	poi_004034	Dungeon with map link	dungeon_link	1314	10063	1	Runtime shop/travel enrichment and simple labels may make this intentional
generic_catalog_details	poi_004036	Dungeon with map link	dungeon_link	1330	10069	1	Runtime shop/travel enrichment and simple labels may make this intentional
generic_catalog_details	poi_004037	Dungeon with map link	dungeon_link	1293	10077	1	Runtime shop/travel enrichment and simple labels may make this intentional
generic_catalog_details	poi_004038	Dungeon with map link	dungeon_link	1312	10086	1	Runtime shop/travel enrichment and simple labels may make this intentional
generic_catalog_details	poi_004039	Agility short-cut	agility_short-cut	1443	10098	1	Runtime shop/travel enrichment and simple labels may make this intentional
generic_catalog_details	poi_004040	Dungeon with map link	dungeon_link	3295	10189	1	Runtime shop/travel enrichment and simple labels may make this intentional
generic_catalog_details	poi_004041	Brewery	brewery	2916	10193	1	Runtime shop/travel enrichment and simple labels may make this intentional
generic_catalog_details	poi_004042	Farming patch	farming_patch	3731	10271	1	Runtime shop/travel enrichment and simple labels may make this intentional
generic_catalog_details	poi_004043	Dungeon with map link	dungeon_link	3732	10281	1	Runtime shop/travel enrichment and simple labels may make this intentional
generic_catalog_details	poi_004044	Hunter training	hunter_training	3744	10295	1	Runtime shop/travel enrichment and simple labels may make this intentional
generic_catalog_details	poi_004045	Dungeon with map link	dungeon_link	2394	10297	1	Runtime shop/travel enrichment and simple labels may make this intentional
generic_catalog_details	poi_004047	Altar	altar	2457	2839	2	Runtime shop/travel enrichment and simple labels may make this intentional
generic_catalog_details	poi_004048	Platebody shop	platebody_shop	2462	2845	2	Runtime shop/travel enrichment and simple labels may make this intentional
generic_catalog_details	poi_004049	Sword shop	sword_shop	2467	2846	2	Runtime shop/travel enrichment and simple labels may make this intentional
generic_catalog_details	poi_004050	Clothes shop	clothes_shop	2448	2847	2	Runtime shop/travel enrichment and simple labels may make this intentional
generic_catalog_details	poi_004051	Anvil	anvil	2464	2849	2	Runtime shop/travel enrichment and simple labels may make this intentional
generic_catalog_details	poi_004052	Transportation	transportation	2457	2856	2	Runtime shop/travel enrichment and simple labels may make this intentional
generic_catalog_details	poi_004053	Water source	water_source	1438	2929	2	Runtime shop/travel enrichment and simple labels may make this intentional
generic_catalog_details	poi_004056	Poll booth	poll_booth	3209	3215	2	Runtime shop/travel enrichment and simple labels may make this intentional
generic_catalog_details	poi_004057	Bank Tutor	bank_tutor	3206	3221	2	Runtime shop/travel enrichment and simple labels may make this intentional
generic_catalog_details	poi_004058	Bank	bank	3210	3221	2	Runtime shop/travel enrichment and simple labels may make this intentional
generic_catalog_details	poi_004061	Bank	bank	2730	3379	2	Runtime shop/travel enrichment and simple labels may make this intentional
generic_catalog_details	poi_004062	Rare trees	rare_trees	1570	3483	2	Runtime shop/travel enrichment and simple labels may make this intentional
generic_catalog_details	poi_004063	Sword shop	sword_shop	2467	3486	2	Runtime shop/travel enrichment and simple labels may make this intentional
generic_catalog_details	poi_004064	Dummy	dummy	3213	3490	2	Runtime shop/travel enrichment and simple labels may make this intentional
generic_catalog_details	poi_004065	Rare trees	rare_trees	1570	3493	2	Runtime shop/travel enrichment and simple labels may make this intentional
generic_catalog_details	poi_004066	Agility short-cut	agility_short-cut	3420	3534	2	Runtime shop/travel enrichment and simple labels may make this intentional
generic_catalog_details	poi_004068	Altar	altar	1617	3673	2	Runtime shop/travel enrichment and simple labels may make this intentional
generic_catalog_details	poi_004069	Bank	bank	1611	3679	2	Runtime shop/travel enrichment and simple labels may make this intentional
generic_catalog_details	poi_004070	Poll booth	poll_booth	1612	3684	2	Runtime shop/travel enrichment and simple labels may make this intentional
generic_catalog_details	poi_004071	Cooking range	cooking_range	1787	3753	2	Runtime shop/travel enrichment and simple labels may make this intentional
generic_catalog_details	poi_004072	Water source	water_source	1782	3758	2	Runtime shop/travel enrichment and simple labels may make this intentional
generic_catalog_details	poi_004073	Altar	altar	1688	3794	2	Runtime shop/travel enrichment and simple labels may make this intentional
generic_catalog_details	poi_004074	Transportation	transportation	2224	3796	2	Runtime shop/travel enrichment and simple labels may make this intentional
generic_catalog_details	poi_004075	Agility short-cut	agility_short-cut	1633	3807	2	Runtime shop/travel enrichment and simple labels may make this intentional
generic_catalog_details	poi_004076	Transportation	transportation	2138	3899	2	Runtime shop/travel enrichment and simple labels may make this intentional
generic_catalog_details	poi_004080	Agility short-cut	agility_short-cut	2872	5280	2	Runtime shop/travel enrichment and simple labels may make this intentional
generic_catalog_details	poi_004081	Agility short-cut	agility_short-cut	2913	5300	2	Runtime shop/travel enrichment and simple labels may make this intentional
generic_catalog_details	poi_004082	Altar	altar	2822	5302	2	Runtime shop/travel enrichment and simple labels may make this intentional
generic_catalog_details	poi_004084	Altar	altar	2938	5324	2	Runtime shop/travel enrichment and simple labels may make this intentional
generic_catalog_details	poi_004085	Altar	altar	2870	5371	2	Runtime shop/travel enrichment and simple labels may make this intentional
generic_catalog_details	poi_004086	Sword shop	sword_shop	2339	5406	2	Runtime shop/travel enrichment and simple labels may make this intentional
generic_catalog_details	poi_004087	Sword shop	sword_shop	2019	5534	2	Runtime shop/travel enrichment and simple labels may make this intentional
generic_catalog_details	poi_004089	Altar	altar	3263	6091	2	Runtime shop/travel enrichment and simple labels may make this intentional
generic_catalog_details	poi_004090	Altar	altar	2073	6169	2	Runtime shop/travel enrichment and simple labels may make this intentional
generic_catalog_details	poi_004091	Altar	altar	3406	9248	2	Runtime shop/travel enrichment and simple labels may make this intentional
generic_catalog_details	poi_004092	Dungeon	dungeon	2444	9417	2	Runtime shop/travel enrichment and simple labels may make this intentional
generic_catalog_details	poi_004093	Agility short-cut	agility_short-cut	3503	9508	2	Runtime shop/travel enrichment and simple labels may make this intentional
generic_catalog_details	poi_004094	Dungeon with map link	dungeon_link	3483	9510	2	Runtime shop/travel enrichment and simple labels may make this intentional
generic_catalog_details	poi_004096	Minigame	minigame	3258	9517	2	Runtime shop/travel enrichment and simple labels may make this intentional
generic_catalog_details	poi_004097	Agility short-cut	agility_short-cut	2671	9584	2	Runtime shop/travel enrichment and simple labels may make this intentional
generic_catalog_details	poi_004098	Cooking range	cooking_range	3498	9622	2	Runtime shop/travel enrichment and simple labels may make this intentional
generic_catalog_details	poi_004099	Transportation	transportation	3362	9623	2	Runtime shop/travel enrichment and simple labels may make this intentional
generic_catalog_details	poi_004100	Transportation	transportation	3367	9623	2	Runtime shop/travel enrichment and simple labels may make this intentional
generic_catalog_details	poi_004101	Water source	water_source	3494	9623	2	Runtime shop/travel enrichment and simple labels may make this intentional
generic_catalog_details	poi_004103	Brewery	brewery	3495	9631	2	Runtime shop/travel enrichment and simple labels may make this intentional
generic_catalog_details	poi_004104	Transportation	transportation	3369	9680	2	Runtime shop/travel enrichment and simple labels may make this intentional
generic_catalog_details	poi_004105	Transportation	transportation	3360	9701	2	Runtime shop/travel enrichment and simple labels may make this intentional
generic_catalog_details	poi_004109	Agility short-cut	agility_short-cut	1436	10076	2	Runtime shop/travel enrichment and simple labels may make this intentional
generic_catalog_details	poi_004110	Dungeon with map link	dungeon_link	2831	10077	2	Runtime shop/travel enrichment and simple labels may make this intentional
generic_catalog_details	poi_004112	Dungeon with map link	dungeon_link	2837	10089	2	Runtime shop/travel enrichment and simple labels may make this intentional
generic_catalog_details	poi_004113	Agility short-cut	agility_short-cut	1438	10099	2	Runtime shop/travel enrichment and simple labels may make this intentional
generic_catalog_details	poi_004123	Transportation	transportation	2461	3502	3	Runtime shop/travel enrichment and simple labels may make this intentional
generic_catalog_details	poi_004124	Agility short-cut	agility_short-cut	1853	4406	3	Runtime shop/travel enrichment and simple labels may make this intentional
generic_catalog_details	poi_004125	Dungeon with map link	dungeon_link	1982	4408	3	Runtime shop/travel enrichment and simple labels may make this intentional
generic_catalog_details	poi_004126	Transportation	transportation	2023	4962	3	Runtime shop/travel enrichment and simple labels may make this intentional
generic_catalog_details	poi_004127	Agility training	agility_training	2720	5241	3	Runtime shop/travel enrichment and simple labels may make this intentional
generic_catalog_details	poi_004128	Transportation	transportation	2333	5422	3	Runtime shop/travel enrichment and simple labels may make this intentional
generic_catalog_details	poi_004129	Transportation	transportation	2013	5550	3	Runtime shop/travel enrichment and simple labels may make this intentional
generic_catalog_details	poi_004130	Agility short-cut	agility_short-cut	3670	9888	3	Runtime shop/travel enrichment and simple labels may make this intentional
generic_catalog_details	poi_004131	Dungeon with map link	dungeon_link	3412	9931	3	Runtime shop/travel enrichment and simple labels may make this intentional
generic_catalog_details	poi_004132	Dungeon with map link	dungeon_link	1483	9950	3	Runtime shop/travel enrichment and simple labels may make this intentional
generic_catalog_details	poi_004133	Dungeon with map link	dungeon_link	3065	10157	3	Runtime shop/travel enrichment and simple labels may make this intentional
generic_catalog_details	poi_004134	Dungeon with map link	dungeon_link	3807	10193	3	Runtime shop/travel enrichment and simple labels may make this intentional
generic_catalog_details	poi_004135	Golem Crafting	minigame	2596	2255	0	Runtime shop/travel enrichment and simple labels may make this intentional
generic_catalog_details	poi_004136	Raids Lobby	raids_lobby	1223	3562	0	Runtime shop/travel enrichment and simple labels may make this intentional
generic_catalog_details	poi_004137	Raids Lobby	raids_lobby	1240	3548	0	Runtime shop/travel enrichment and simple labels may make this intentional
generic_catalog_details	poi_004138	Raids Lobby	raids_lobby	1246	3563	0	Runtime shop/travel enrichment and simple labels may make this intentional
generic_catalog_details	poi_004140	Bank	bank	1504	3612	0	Runtime shop/travel enrichment and simple labels may make this intentional
generic_catalog_details	poi_004141	Clothes shop	clothes_shop	1515	3596	0	Runtime shop/travel enrichment and simple labels may make this intentional
generic_catalog_details	poi_004142	Poll booth	poll_booth	1482	3615	0	Runtime shop/travel enrichment and simple labels may make this intentional
generic_catalog_details	poi_004145	Bank	bank	1475	3878	0	Runtime shop/travel enrichment and simple labels may make this intentional
generic_catalog_details	poi_004146	Bank	bank	1478	3849	0	Runtime shop/travel enrichment and simple labels may make this intentional
generic_catalog_details	poi_004147	Bank	bank	1495	3874	0	Runtime shop/travel enrichment and simple labels may make this intentional
generic_catalog_details	poi_004148	Bank	bank	1504	3856	0	Runtime shop/travel enrichment and simple labels may make this intentional
generic_catalog_details	poi_004151	General store	general_store	1550	3636	0	Runtime shop/travel enrichment and simple labels may make this intentional
generic_catalog_details	poi_004152	Sword shop	sword_shop	1550	3625	0	Runtime shop/travel enrichment and simple labels may make this intentional
generic_catalog_details	poi_004153	Shield shop	shield_shop	1539	3634	0	Runtime shop/travel enrichment and simple labels may make this intentional
generic_catalog_details	poi_004155	Mining site	mining_site	1587	3650	0	Runtime shop/travel enrichment and simple labels may make this intentional
generic_catalog_details	poi_004157	General store	general_store	1553	3721	0	Runtime shop/travel enrichment and simple labels may make this intentional
generic_catalog_details	poi_004158	Rare trees	rare_trees	1633	3509	0	Runtime shop/travel enrichment and simple labels may make this intentional
generic_catalog_details	poi_004159	Cooking range	cooking_range	1642	3579	0	Runtime shop/travel enrichment and simple labels may make this intentional
generic_catalog_details	poi_004160	Bank	bank	1654	3605	0	Runtime shop/travel enrichment and simple labels may make this intentional
generic_catalog_details	poi_004161	Water source	water_source	1643	3634	0	Runtime shop/travel enrichment and simple labels may make this intentional
generic_catalog_details	poi_004162	Water source	water_source	1652	3610	0	Runtime shop/travel enrichment and simple labels may make this intentional
generic_catalog_details	poi_004163	Cooking range	cooking_range	1658	3613	0	Runtime shop/travel enrichment and simple labels may make this intentional
generic_catalog_details	poi_004164	Estate Agent	estate_agent	1639	3603	0	Runtime shop/travel enrichment and simple labels may make this intentional
generic_catalog_details	poi_004165	Bank	bank	1611	3679	0	Runtime shop/travel enrichment and simple labels may make this intentional
generic_catalog_details	poi_004166	Altar	altar	1617	3673	0	Runtime shop/travel enrichment and simple labels may make this intentional
generic_catalog_details	poi_004167	Poll booth	poll_booth	1612	3684	0	Runtime shop/travel enrichment and simple labels may make this intentional
generic_catalog_details	poi_004170	Bank	bank	1676	3568	0	Runtime shop/travel enrichment and simple labels may make this intentional
generic_catalog_details	poi_004171	Altar	altar	1695	3574	0	Runtime shop/travel enrichment and simple labels may make this intentional
generic_catalog_details	poi_004172	Poll booth	poll_booth	1681	3558	0	Runtime shop/travel enrichment and simple labels may make this intentional
generic_catalog_details	poi_004173	General store	general_store	1669	3622	0	Runtime shop/travel enrichment and simple labels may make this intentional
generic_catalog_details	poi_004174	Water source	water_source	1681	3612	0	Runtime shop/travel enrichment and simple labels may make this intentional
generic_catalog_details	poi_004175	Cooking range	cooking_range	1688	3611	0	Runtime shop/travel enrichment and simple labels may make this intentional
generic_catalog_details	poi_004176	Pub/bar	bar	1713	3662	0	Runtime shop/travel enrichment and simple labels may make this intentional
generic_catalog_details	poi_004177	Water source	water_source	1694	3671	0	Runtime shop/travel enrichment and simple labels may make this intentional
generic_catalog_details	poi_004178	Cooking range	cooking_range	1683	3680	0	Runtime shop/travel enrichment and simple labels may make this intentional
generic_catalog_details	poi_004179	Altar	altar	1688	3794	0	Runtime shop/travel enrichment and simple labels may make this intentional
generic_catalog_details	poi_004181	Altar	altar	1744	3493	0	Runtime shop/travel enrichment and simple labels may make this intentional
generic_catalog_details	poi_004182	Rare trees	rare_trees	1773	3510	0	Runtime shop/travel enrichment and simple labels may make this intentional
generic_catalog_details	poi_004183	Water source	water_source	1773	3485	0	Runtime shop/travel enrichment and simple labels may make this intentional
generic_catalog_details	poi_004184	Water source	water_source	1728	3580	0	Runtime shop/travel enrichment and simple labels may make this intentional
generic_catalog_details	poi_004185	Water source	water_source	1728	3596	0	Runtime shop/travel enrichment and simple labels may make this intentional
generic_catalog_details	poi_004186	Water source	water_source	1747	3615	0	Runtime shop/travel enrichment and simple labels may make this intentional
generic_catalog_details	poi_004187	Water source	water_source	1783	3610	0	Runtime shop/travel enrichment and simple labels may make this intentional
generic_catalog_details	poi_004188	Water source	water_source	1779	3675	0	Runtime shop/travel enrichment and simple labels may make this intentional
generic_catalog_details	poi_004189	Cooking range	cooking_range	1759	3678	0	Runtime shop/travel enrichment and simple labels may make this intentional
generic_catalog_details	poi_004190	Water source	water_source	1750	3736	0	Runtime shop/travel enrichment and simple labels may make this intentional
generic_catalog_details	poi_004191	Water source	water_source	1750	3747	0	Runtime shop/travel enrichment and simple labels may make this intentional
generic_catalog_details	poi_004192	Water source	water_source	1753	3759	0	Runtime shop/travel enrichment and simple labels may make this intentional
generic_catalog_details	poi_004193	Water source	water_source	1763	3738	0	Runtime shop/travel enrichment and simple labels may make this intentional
generic_catalog_details	poi_004194	Water source	water_source	1773	3751	0	Runtime shop/travel enrichment and simple labels may make this intentional
generic_catalog_details	poi_004195	Water source	water_source	1774	3736	0	Runtime shop/travel enrichment and simple labels may make this intentional
generic_catalog_details	poi_004196	Cooking range	cooking_range	1745	3735	0	Runtime shop/travel enrichment and simple labels may make this intentional
generic_catalog_details	poi_004197	Cooking range	cooking_range	1750	3752	0	Runtime shop/travel enrichment and simple labels may make this intentional
generic_catalog_details	poi_004198	Cooking range	cooking_range	1750	3764	0	Runtime shop/travel enrichment and simple labels may make this intentional
generic_catalog_details	poi_004199	Cooking range	cooking_range	1766	3751	0	Runtime shop/travel enrichment and simple labels may make this intentional
generic_catalog_details	poi_004200	Cooking range	cooking_range	1768	3734	0	Runtime shop/travel enrichment and simple labels may make this intentional
generic_catalog_details	poi_004201	Cooking range	cooking_range	1777	3733	0	Runtime shop/travel enrichment and simple labels may make this intentional
generic_catalog_details	poi_004202	Water source	water_source	1795	3495	0	Runtime shop/travel enrichment and simple labels may make this intentional
generic_catalog_details	poi_004203	Farming patch	farming_patch	1810	3490	0	Runtime shop/travel enrichment and simple labels may make this intentional
generic_catalog_details	poi_004204	Dairy cow	dairy_cow	1813	3509	0	Runtime shop/travel enrichment and simple labels may make this intentional
generic_catalog_details	poi_004205	Bank	bank	1807	3573	0	Runtime shop/travel enrichment and simple labels may make this intentional
generic_catalog_details	poi_004207	Water source	water_source	1840	3552	0	Runtime shop/travel enrichment and simple labels may make this intentional
generic_catalog_details	poi_004208	Cooking range	cooking_range	1843	3548	0	Runtime shop/travel enrichment and simple labels may make this intentional
generic_catalog_details	poi_004211	Food shop	food_shop	1829	3723	0	Runtime shop/travel enrichment and simple labels may make this intentional
generic_catalog_details	poi_004215	Cooking range	cooking_range	2340	3155	0	Runtime shop/travel enrichment and simple labels may make this intentional
generic_catalog_details	poi_004216	Cooking range	cooking_range	2340	3160	0	Runtime shop/travel enrichment and simple labels may make this intentional
generic_catalog_details	poi_004217	Pub/bar	bar	2418	3500	0	Runtime shop/travel enrichment and simple labels may make this intentional
generic_catalog_details	poi_004218	Sword shop	sword_shop	2467	2846	0	Runtime shop/travel enrichment and simple labels may make this intentional
generic_catalog_details	poi_004219	Bank	bank	2463	2849	0	Runtime shop/travel enrichment and simple labels may make this intentional
generic_catalog_details	poi_004220	Anvil	anvil	2464	2849	0	Runtime shop/travel enrichment and simple labels may make this intentional
generic_catalog_details	poi_004221	Platebody shop	platebody_shop	2462	2845	0	Runtime shop/travel enrichment and simple labels may make this intentional
generic_catalog_details	poi_004222	Altar	altar	2457	2839	0	Runtime shop/travel enrichment and simple labels may make this intentional
generic_catalog_details	poi_004223	Herbalist	herbalist	2452	2852	0	Runtime shop/travel enrichment and simple labels may make this intentional
generic_catalog_details	poi_004224	Clothes shop	clothes_shop	2448	2847	0	Runtime shop/travel enrichment and simple labels may make this intentional
generic_catalog_details	poi_004225	Water source	water_source	2455	2855	0	Runtime shop/travel enrichment and simple labels may make this intentional
generic_catalog_details	poi_004226	Cooking range	cooking_range	2467	2848	0	Runtime shop/travel enrichment and simple labels may make this intentional
generic_catalog_details	poi_004229	Sword shop	sword_shop	2467	3486	0	Runtime shop/travel enrichment and simple labels may make this intentional
generic_catalog_details	poi_004230	Bank	bank	2440	3486	0	Runtime shop/travel enrichment and simple labels may make this intentional
generic_catalog_details	poi_004231	Bank	bank	2451	3480	0	Runtime shop/travel enrichment and simple labels may make this intentional
generic_catalog_details	poi_004232	Clothes shop	clothes_shop	2482	3513	0	Runtime shop/travel enrichment and simple labels may make this intentional
generic_catalog_details	poi_004233	Pub/bar	bar	2479	3489	0	Runtime shop/travel enrichment and simple labels may make this intentional
generic_catalog_details	poi_004234	Food shop	food_shop	2445	3501	0	Runtime shop/travel enrichment and simple labels may make this intentional
generic_catalog_details	poi_004235	Cookery shop	cookery_shop	2446	3509	0	Runtime shop/travel enrichment and simple labels may make this intentional
generic_catalog_details	poi_004236	Cookery shop	cookery_shop	2480	3482	0	Runtime shop/travel enrichment and simple labels may make this intentional
generic_catalog_details	poi_004237	Water source	water_source	2441	3499	0	Runtime shop/travel enrichment and simple labels may make this intentional
generic_catalog_details	poi_004238	Cooking range	cooking_range	2446	3512	0	Runtime shop/travel enrichment and simple labels may make this intentional
generic_catalog_details	poi_004239	Cooking range	cooking_range	2452	3510	0	Runtime shop/travel enrichment and simple labels may make this intentional
generic_catalog_details	poi_004240	Cooking range	cooking_range	2480	3479	0	Runtime shop/travel enrichment and simple labels may make this intentional
generic_catalog_details	poi_004242	Poll booth	poll_booth	2449	3488	0	Runtime shop/travel enrichment and simple labels may make this intentional
generic_catalog_details	poi_004244	General store	general_store	2509	3640	0	Runtime shop/travel enrichment and simple labels may make this intentional
generic_catalog_details	poi_004254	Bank	bank	2730	3379	0	Runtime shop/travel enrichment and simple labels may make this intentional
generic_catalog_details	poi_004255	Poll booth	poll_booth	2730	3374	0	Runtime shop/travel enrichment and simple labels may make this intentional
generic_catalog_details	poi_004256	Altar	altar	2750	3501	0	Runtime shop/travel enrichment and simple labels may make this intentional
generic_catalog_details	poi_004257	Spinning wheel	spinning_wheel	2710	3471	0	Runtime shop/travel enrichment and simple labels may make this intentional
generic_catalog_details	poi_004258	Hunting Tutor	hunting_tutor	2710	3829	0	Runtime shop/travel enrichment and simple labels may make this intentional
generic_catalog_details	poi_004259	Altar	altar	2797	2800	0	Runtime shop/travel enrichment and simple labels may make this intentional
generic_catalog_details	poi_004265	Pub/bar	bar	2863	2996	0	Runtime shop/travel enrichment and simple labels may make this intentional
generic_catalog_details	poi_004268	Poll booth	poll_booth	2846	3545	0	Runtime shop/travel enrichment and simple labels may make this intentional
generic_catalog_details	poi_004269	Altar	altar	2889	3511	0	Runtime shop/travel enrichment and simple labels may make this intentional
generic_catalog_details	poi_004275	Holiday event	holiday_event	3038	3383	0	Runtime shop/travel enrichment and simple labels may make this intentional
generic_catalog_details	poi_004276	Altar	altar	3028	3510	0	Runtime shop/travel enrichment and simple labels may make this intentional
generic_catalog_details	poi_004277	Altar	altar	3052	3498	0	Runtime shop/travel enrichment and simple labels may make this intentional
generic_catalog_details	poi_004279	Bank	bank	3162	3492	0	Runtime shop/travel enrichment and simple labels may make this intentional
generic_catalog_details	poi_004280	Grand Exchange	grand_exchange	3167	3487	0	Runtime shop/travel enrichment and simple labels may make this intentional
generic_catalog_details	poi_004281	Pricing expert (weapons and armours)	pricing_expert_weapons_and_armours	3156	3498	0	Runtime shop/travel enrichment and simple labels may make this intentional
generic_catalog_details	poi_004282	Pricing expert (logs)	pricing_expert_logs	3152	3489	0	Runtime shop/travel enrichment and simple labels may make this intentional
generic_catalog_details	poi_004283	Pricing expert (herbs)	pricing_expert_herbs	3156	3481	0	Runtime shop/travel enrichment and simple labels may make this intentional
generic_catalog_details	poi_004284	Pricing expert (runes)	pricing_expert_runes	3173	3481	0	Runtime shop/travel enrichment and simple labels may make this intentional
generic_catalog_details	poi_004285	Pricing expert (ores)	pricing_expert_ores	3173	3498	0	Runtime shop/travel enrichment and simple labels may make this intentional
generic_catalog_details	poi_004286	Poll booth	poll_booth	3162	3500	0	Runtime shop/travel enrichment and simple labels may make this intentional
generic_catalog_details	poi_004288	Danger Tutor	danger_tutor	3232	3232	0	Runtime shop/travel enrichment and simple labels may make this intentional
generic_catalog_details	poi_004290	Cooking range	cooking_range	3202	3401	0	Runtime shop/travel enrichment and simple labels may make this intentional
generic_catalog_details	poi_004291	Dummy	dummy	3204	3471	0	Runtime shop/travel enrichment and simple labels may make this intentional
generic_catalog_details	poi_004292	Dummy	dummy	3213	3490	0	Runtime shop/travel enrichment and simple labels may make this intentional
generic_catalog_details	poi_004293	Minigame	minigame	3350	3164	0	Runtime shop/travel enrichment and simple labels may make this intentional
generic_catalog_details	poi_004294	Minigame	minigame	3366	3175	0	Runtime shop/travel enrichment and simple labels may make this intentional
generic_catalog_details	poi_004295	Minigame	minigame	3375	3159	0	Runtime shop/travel enrichment and simple labels may make this intentional
generic_catalog_details	poi_004296	Bank	bank	3368	3172	0	Runtime shop/travel enrichment and simple labels may make this intentional
generic_catalog_details	poi_004297	Poll booth	poll_booth	3374	3171	0	Runtime shop/travel enrichment and simple labels may make this intentional
generic_catalog_details	poi_004298	Bank	bank	3385	3269	0	Runtime shop/travel enrichment and simple labels may make this intentional
generic_catalog_details	poi_004299	Minigame	minigame	3404	3177	0	Runtime shop/travel enrichment and simple labels may make this intentional
generic_catalog_details	poi_004303	Bank	bank	3512	3481	0	Runtime shop/travel enrichment and simple labels may make this intentional
generic_catalog_details	poi_004304	Clothes shop	clothes_shop	3503	3505	0	Runtime shop/travel enrichment and simple labels may make this intentional
generic_catalog_details	poi_004305	Food shop	food_shop	3509	3495	0	Runtime shop/travel enrichment and simple labels may make this intentional
generic_catalog_details	poi_004306	Poll booth	poll_booth	3514	3476	0	Runtime shop/travel enrichment and simple labels may make this intentional
generic_catalog_details	poi_004307	Taxidermist	taxidermist	3479	3484	0	Runtime shop/travel enrichment and simple labels may make this intentional
generic_catalog_details	poi_004310	Raids Lobby	raids_lobby	3662	3219	0	Runtime shop/travel enrichment and simple labels may make this intentional
generic_catalog_details	poi_004314	Water source	water_source	3728	3363	0	Runtime shop/travel enrichment and simple labels may make this intentional
generic_catalog_details	poi_004315	Cooking range	cooking_range	3726	3361	0	Runtime shop/travel enrichment and simple labels may make this intentional
generic_catalog_details	poi_004316	Bank	bank	3772	3898	0	Runtime shop/travel enrichment and simple labels may make this intentional
generic_catalog_details	poi_004317	Transportation	transportation	1525	3721	1	Runtime shop/travel enrichment and simple labels may make this intentional
generic_catalog_details	poi_004318	Spinning wheel	spinning_wheel	1643	3569	1	Runtime shop/travel enrichment and simple labels may make this intentional
generic_catalog_details	poi_004319	Water source	water_source	1773	3485	1	Runtime shop/travel enrichment and simple labels may make this intentional
generic_catalog_details	poi_004320	Cooking range	cooking_range	1776	3492	1	Runtime shop/travel enrichment and simple labels may make this intentional
generic_catalog_details	poi_004321	Transportation	transportation	2676	3275	1	Runtime shop/travel enrichment and simple labels may make this intentional
generic_catalog_details	poi_004322	Transportation	transportation	2956	3145	1	Runtime shop/travel enrichment and simple labels may make this intentional
generic_catalog_details	poi_004332	Keldagrim bank	bank	2838	10210	0	Runtime shop/travel enrichment and simple labels may make this intentional
generic_catalog_details	poi_004333	Emerald Benedict's bank	bank	3042	4972	0	Runtime shop/travel enrichment and simple labels may make this intentional
generic_catalog_details	poi_004334	Culinaromancer's Chest	bank	3219	9623	0	Runtime shop/travel enrichment and simple labels may make this intentional
generic_catalog_details	poi_004335	Sophanem bank	bank	3312	2799	0	Runtime shop/travel enrichment and simple labels may make this intentional
generic_catalog_details	poi_004336	Dorgesh-Kaan bank	bank	2702	5350	0	Runtime shop/travel enrichment and simple labels may make this intentional
generic_catalog_details	poi_004337	Blast Furnace bank	bank	2931	10195	0	Runtime shop/travel enrichment and simple labels may make this intentional
generic_catalog_details	poi_004338	Motherlode Mine chest	bank	3119	9698	0	Runtime shop/travel enrichment and simple labels may make this intentional
generic_catalog_details	poi_004339	Mor Ul Rek east bank	bank	2543	5144	0	Runtime shop/travel enrichment and simple labels may make this intentional
generic_catalog_details	poi_004340	Prifddinas south bank	bank	3297	6060	0	Runtime shop/travel enrichment and simple labels may make this intentional
generic_catalog_details	poi_004341	Prifddinas north bank	bank	3257	6108	0	Runtime shop/travel enrichment and simple labels may make this intentional
generic_catalog_details	poi_004342	Darkmeyer bank	bank	3602	3366	0	Runtime shop/travel enrichment and simple labels may make this intentional
generic_catalog_details	poi_004343	Hallowed Sepulchre bank chests	bank	2400	5983	0	Runtime shop/travel enrichment and simple labels may make this intentional
generic_catalog_details	poi_004344	Ferox Enclave bank	bank	3130	3632	0	Runtime shop/travel enrichment and simple labels may make this intentional
generic_catalog_details	poi_004345	Trouble Brewing chest	bank	3810	3020	0	Runtime shop/travel enrichment and simple labels may make this intentional
generic_catalog_details	poi_004346	Clan Hall bank	bank	1748	5476	0	Runtime shop/travel enrichment and simple labels may make this intentional
generic_catalog_details	poi_004347	Giants' Foundry chest	bank	3462	9588	0	Runtime shop/travel enrichment and simple labels may make this intentional
generic_catalog_details	poi_004348	Tombs of Amascut bank	bank	3345	2725	0	Runtime shop/travel enrichment and simple labels may make this intentional
generic_catalog_details	poi_004349	Daimon's Crater chests	bank	3426	4064	0	Runtime shop/travel enrichment and simple labels may make this intentional
generic_catalog_details	poi_004350	Cam Torum bank	bank	1456	9568	0	Runtime shop/travel enrichment and simple labels may make this intentional
generic_catalog_details	poi_004351	Fortis east bank	bank	1780	3096	0	Runtime shop/travel enrichment and simple labels may make this intentional
generic_catalog_details	poi_004352	Mage Training Arena chest	bank	3367	3318	0	Runtime shop/travel enrichment and simple labels may make this intentional
generic_catalog_details	poi_004353	Deepfin Point chest	bank	1936	2754	0	Runtime shop/travel enrichment and simple labels may make this intentional
generic_catalog_details	poi_004354	Red Rock chest	bank	2809	2521	0	Runtime shop/travel enrichment and simple labels may make this intentional
generic_catalog_details	poi_004355	Wyrmscraig chest	bank	2586	2260	0	Runtime shop/travel enrichment and simple labels may make this intentional
generic_catalog_details	poi_004356	Greater demons	region_label	1128	10168	0	Runtime shop/travel enrichment and simple labels may make this intentional
generic_catalog_details	poi_004357	Fire giants	region_label	1138	10276	0	Runtime shop/travel enrichment and simple labels may make this intentional
generic_catalog_details	poi_004358	Drakes	region_label	1160	10202	0	Runtime shop/travel enrichment and simple labels may make this intentional
generic_catalog_details	poi_004359	Middle level	region_label	1166	10228	0	Runtime shop/travel enrichment and simple labels may make this intentional
generic_catalog_details	poi_004360	Upper level	region_label	1166	10292	0	Runtime shop/travel enrichment and simple labels may make this intentional
generic_catalog_details	poi_004361	Kurask Lair	region_label	1182	9200	0	Runtime shop/travel enrichment and simple labels may make this intentional
generic_catalog_details	poi_004362	Sulphur lizards	region_label	1183	10145	0	Runtime shop/travel enrichment and simple labels may make this intentional
generic_catalog_details	poi_004363	Hespori	region_label	1184	10073	0	Runtime shop/travel enrichment and simple labels may make this intentional
generic_catalog_details	poi_004364	Drakes	region_label	1196	10201	0	Runtime shop/travel enrichment and simple labels may make this intentional
generic_catalog_details	poi_004365	Hellhounds	region_label	1198	10265	0	Runtime shop/travel enrichment and simple labels may make this intentional
generic_catalog_details	poi_004366	Wyrms	region_label	1263	10158	0	Runtime shop/travel enrichment and simple labels may make this intentional
generic_catalog_details	poi_004367	Wyrms	region_label	1273	10189	0	Runtime shop/travel enrichment and simple labels may make this intentional
generic_catalog_details	poi_004369	Black demons	region_label	1310	9874	0	Runtime shop/travel enrichment and simple labels may make this intentional
generic_catalog_details	poi_004370	Hydras	region_label	1310	10269	0	Runtime shop/travel enrichment and simple labels may make this intentional
generic_catalog_details	poi_004371	Dragon Nest	region_label	1311	9503	0	Runtime shop/travel enrichment and simple labels may make this intentional
generic_catalog_details	poi_004372	Hydras	region_label	1311	10241	0	Runtime shop/travel enrichment and simple labels may make this intentional
generic_catalog_details	poi_004373	Voice of Yama	region_label	1312	9892	0	Runtime shop/travel enrichment and simple labels may make this intentional
generic_catalog_details	poi_004374	Lower level	region_label	1312	9919	0	Runtime shop/travel enrichment and simple labels may make this intentional
generic_catalog_details	poi_004375	Greater demons	region_label	1312	9984	0	Runtime shop/travel enrichment and simple labels may make this intentional
generic_catalog_details	poi_004376	Middle level	region_label	1312	10015	0	Runtime shop/travel enrichment and simple labels may make this intentional
generic_catalog_details	poi_004378	Lesser demons	region_label	1312	10088	0	Runtime shop/travel enrichment and simple labels may make this intentional
generic_catalog_details	poi_004379	Upper level	region_label	1312	10111	0	Runtime shop/travel enrichment and simple labels may make this intentional
generic_catalog_details	poi_004380	Tasakaal	region_label	1312	10207	0	Runtime shop/travel enrichment and simple labels may make this intentional
generic_catalog_details	poi_004381	Lower level	region_label	1312	10292	0	Runtime shop/travel enrichment and simple labels may make this intentional
generic_catalog_details	poi_004383	Moonrise Brewery and Winery	region_label	1360	9316	0	Runtime shop/travel enrichment and simple labels may make this intentional
generic_catalog_details	poi_004384	Ancient Prison	region_label	1366	9568	0	Runtime shop/travel enrichment and simple labels may make this intentional
generic_catalog_details	poi_004385	Alchemical Hydra	region_label	1368	10270	0	Runtime shop/travel enrichment and simple labels may make this intentional
generic_catalog_details	poi_004386	Yama	region_label	1376	9892	0	Runtime shop/travel enrichment and simple labels may make this intentional
generic_catalog_details	poi_004387	Earthbound Cavern	region_label	1377	9700	0	Runtime shop/travel enrichment and simple labels may make this intentional
generic_catalog_details	poi_004388	The Blood Moon	region_label	1393	9635	0	Runtime shop/travel enrichment and simple labels may make this intentional
generic_catalog_details	poi_004389	Alchemical Society	region_label	1394	9327	0	Runtime shop/travel enrichment and simple labels may make this intentional
generic_catalog_details	poi_004390	Highlord's Chamber	region_label	1414	9590	1	Runtime shop/travel enrichment and simple labels may make this intentional
generic_catalog_details	poi_004391	Moss giants	region_label	1424	9803	0	Runtime shop/travel enrichment and simple labels may make this intentional
generic_catalog_details	poi_004392	Hill giants	region_label	1435	9822	0	Runtime shop/travel enrichment and simple labels may make this intentional
generic_catalog_details	poi_004393	City Entrance	region_label	1440	9518	1	Runtime shop/travel enrichment and simple labels may make this intentional
generic_catalog_details	poi_004394	Market	region_label	1440	9556	1	Runtime shop/travel enrichment and simple labels may make this intentional
generic_catalog_details	poi_004396	Neypotzli Entrance	region_label	1440	9600	1	Runtime shop/travel enrichment and simple labels may make this intentional
generic_catalog_details	poi_004397	Antechamber	region_label	1441	9569	0	Runtime shop/travel enrichment and simple labels may make this intentional
generic_catalog_details	poi_004398	The Blue Moon	region_label	1441	9683	0	Runtime shop/travel enrichment and simple labels may make this intentional
generic_catalog_details	poi_004399	Villa Lucens	region_label	1451	9329	0	Runtime shop/travel enrichment and simple labels may make this intentional
generic_catalog_details	poi_004400	Moss giants	region_label	1457	9802	0	Runtime shop/travel enrichment and simple labels may make this intentional
generic_catalog_details	poi_004401	Fire giants	region_label	1457	9843	0	Runtime shop/travel enrichment and simple labels may make this intentional
generic_catalog_details	poi_004402	Lower level	region_label	1472	9919	0	Runtime shop/travel enrichment and simple labels may make this intentional
generic_catalog_details	poi_004403	Middle level	region_label	1472	10015	0	Runtime shop/travel enrichment and simple labels may make this intentional
generic_catalog_details	poi_004404	Upper level	region_label	1472	10111	0	Runtime shop/travel enrichment and simple labels may make this intentional
generic_catalog_details	poi_004405	Wolf Den	region_label	1481	9506	1	Runtime shop/travel enrichment and simple labels may make this intentional
generic_catalog_details	poi_004406	The Eclipse Moon	region_label	1489	9635	0	Runtime shop/travel enrichment and simple labels may make this intentional
generic_catalog_details	poi_004407	Streambound Cavern	region_label	1505	9700	0	Runtime shop/travel enrichment and simple labels may make this intentional
generic_catalog_details	poi_004408	Mine	region_label	1508	9542	1	Runtime shop/travel enrichment and simple labels may make this intentional
generic_catalog_details	poi_004409	Ancient Shrine	region_label	1514	9583	0	Runtime shop/travel enrichment and simple labels may make this intentional
generic_catalog_details	poi_004410	Hunter Guild	region_label	1558	9459	1	Runtime shop/travel enrichment and simple labels may make this intentional
generic_catalog_details	poi_004411	Ents	region_label	1565	9891	0	Runtime shop/travel enrichment and simple labels may make this intentional
generic_catalog_details	poi_004412	Steel dragons	region_label	1602	10059	0	Runtime shop/travel enrichment and simple labels may make this intentional
generic_catalog_details	poi_004413	Shades	region_label	1603	10044	0	Runtime shop/travel enrichment and simple labels may make this intentional
generic_catalog_details	poi_004414	Spectres	region_label	1613	10010	0	Runtime shop/travel enrichment and simple labels may make this intentional
generic_catalog_details	poi_004415	Banshees	region_label	1615	9994	0	Runtime shop/travel enrichment and simple labels may make this intentional
generic_catalog_details	poi_004416	Brutal black, blue & red dragons	region_label	1622	10084	0	Runtime shop/travel enrichment and simple labels may make this intentional
generic_catalog_details	poi_004417	Bloodvelds	region_label	1626	10028	0	Runtime shop/travel enrichment and simple labels may make this intentional
generic_catalog_details	poi_004418	Fire giants	region_label	1634	10068	0	Runtime shop/travel enrichment and simple labels may make this intentional
generic_catalog_details	poi_004419	Hill giants	region_label	1635	10012	0	Runtime shop/travel enrichment and simple labels may make this intentional
generic_catalog_details	poi_004420	Skeletons	region_label	1639	10048	0	Runtime shop/travel enrichment and simple labels may make this intentional
generic_catalog_details	poi_004421	Animated axes	region_label	1640	10033	0	Runtime shop/travel enrichment and simple labels may make this intentional
generic_catalog_details	poi_004422	Barracks	region_label	1641	9576	0	Runtime shop/travel enrichment and simple labels may make this intentional
generic_catalog_details	poi_004423	Ankou	region_label	1642	9994	0	Runtime shop/travel enrichment and simple labels may make this intentional
generic_catalog_details	poi_004424	Bronze & iron dragons	region_label	1648	10095	0	Runtime shop/travel enrichment and simple labels may make this intentional
generic_catalog_details	poi_004425	Cyclopes & Axes	region_label	1650	10018	0	Runtime shop/travel enrichment and simple labels may make this intentional
generic_catalog_details	poi_004426	Hellhounds	region_label	1650	10065	0	Runtime shop/travel enrichment and simple labels may make this intentional
generic_catalog_details	poi_004427	Hill giants	region_label	1653	10037	0	Runtime shop/travel enrichment and simple labels may make this intentional
generic_catalog_details	poi_004428	Moss giants	region_label	1660	10008	0	Runtime shop/travel enrichment and simple labels may make this intentional
generic_catalog_details	poi_004429	Hill giants	region_label	1663	10075	0	Runtime shop/travel enrichment and simple labels may make this intentional
generic_catalog_details	poi_004430	Dagannoth	region_label	1664	9997	0	Runtime shop/travel enrichment and simple labels may make this intentional
generic_catalog_details	poi_004431	Ghosts	region_label	1664	10025	0	Runtime shop/travel enrichment and simple labels may make this intentional
generic_catalog_details	poi_004432	Altar	region_label	1664	10048	0	Runtime shop/travel enrichment and simple labels may make this intentional
generic_catalog_details	poi_004433	Abyssal demons	region_label	1670	10091	0	Runtime shop/travel enrichment and simple labels may make this intentional
generic_catalog_details	poi_004434	Bloodvelds	region_label	1681	10073	0	Runtime shop/travel enrichment and simple labels may make this intentional
generic_catalog_details	poi_004435	Crabclaw Caves	region_label	1683	9823	0	Runtime shop/travel enrichment and simple labels may make this intentional
generic_catalog_details	poi_004436	Crypt	region_label	1685	9516	0	Runtime shop/travel enrichment and simple labels may make this intentional
generic_catalog_details	poi_004437	Moss giants	region_label	1686	10044	0	Runtime shop/travel enrichment and simple labels may make this intentional
generic_catalog_details	poi_004438	Jellies	region_label	1688	9999	0	Runtime shop/travel enrichment and simple labels may make this intentional
generic_catalog_details	poi_004439	Bloodvelds	region_label	1691	10017	0	Runtime shop/travel enrichment and simple labels may make this intentional
generic_catalog_details	poi_004440	Ghosts	region_label	1694	10064	0	Runtime shop/travel enrichment and simple labels may make this intentional
generic_catalog_details	poi_004441	Nechryael	region_label	1700	10083	0	Runtime shop/travel enrichment and simple labels may make this intentional
generic_catalog_details	poi_004442	Greater demons	region_label	1701	10102	0	Runtime shop/travel enrichment and simple labels may make this intentional
generic_catalog_details	poi_004443	Sand crabs	region_label	1714	9997	0	Runtime shop/travel enrichment and simple labels may make this intentional
generic_catalog_details	poi_004444	Dust devils	region_label	1715	10025	0	Runtime shop/travel enrichment and simple labels may make this intentional
generic_catalog_details	poi_004445	Lesser demons	region_label	1719	10068	0	Runtime shop/travel enrichment and simple labels may make this intentional
generic_catalog_details	poi_004446	Black demons	region_label	1722	10087	0	Runtime shop/travel enrichment and simple labels may make this intentional
generic_catalog_details	poi_004447	Jellies	region_label	1724	10054	0	Runtime shop/travel enrichment and simple labels may make this intentional
generic_catalog_details	poi_004448	Waterfiends	region_label	1738	5356	0	Runtime shop/travel enrichment and simple labels may make this intentional
generic_catalog_details	poi_004449	Lower level	region_label	1743	5375	0	Runtime shop/travel enrichment and simple labels may make this intentional
generic_catalog_details	poi_004450	Here be a big mole	region_label	1760	5188	0	Runtime shop/travel enrichment and simple labels may make this intentional
generic_catalog_details	poi_004451	Brutal green dragons	region_label	1773	5332	0	Runtime shop/travel enrichment and simple labels may make this intentional
generic_catalog_details	poi_004452	Undead druids	region_label	1801	9939	0	Runtime shop/travel enrichment and simple labels may make this intentional
generic_catalog_details	poi_004453	Altar	region_label	1801	9950	0	Runtime shop/travel enrichment and simple labels may make this intentional
generic_catalog_details	poi_004454	Upper level	region_label	1807	5439	0	Runtime shop/travel enrichment and simple labels may make this intentional
generic_catalog_details	poi_004455	Bone Burner	region_label	1811	9951	0	Runtime shop/travel enrichment and simple labels may make this intentional
generic_catalog_details	poi_004456	Undead druids	region_label	1811	9968	0	Runtime shop/travel enrichment and simple labels may make this intentional
generic_catalog_details	poi_004457	Ancient Forge	region_label	1815	5354	0	Runtime shop/travel enrichment and simple labels may make this intentional
generic_catalog_details	poi_004458	Red dragons	region_label	1822	9936	0	Runtime shop/travel enrichment and simple labels may make this intentional
generic_catalog_details	poi_004459	Fortis Colosseum	region_label	1825	9509	0	Runtime shop/travel enrichment and simple labels may make this intentional
generic_catalog_details	poi_004460	Mithril dragons	region_label	1826	5402	0	Runtime shop/travel enrichment and simple labels may make this intentional
generic_catalog_details	poi_004461	The Warrens	region_label	1834	10143	0	Runtime shop/travel enrichment and simple labels may make this intentional
generic_catalog_details	poi_004462	Temple Spiders	region_label	1842	9960	0	Runtime shop/travel enrichment and simple labels may make this intentional
generic_catalog_details	poi_004463	Sarachnis	region_label	1844	9902	0	Runtime shop/travel enrichment and simple labels may make this intentional
generic_catalog_details	poi_004464	Undead druids	region_label	1850	9939	0	Runtime shop/travel enrichment and simple labels may make this intentional
generic_catalog_details	poi_004465	War	region_label	1888	5184	0	Runtime shop/travel enrichment and simple labels may make this intentional
generic_catalog_details	poi_004466	Baby dragons	region_label	1894	9003	1	Runtime shop/travel enrichment and simple labels may make this intentional
generic_catalog_details	poi_004467	Gift of Peace	region_label	1907	5227	0	Runtime shop/travel enrichment and simple labels may make this intentional
generic_catalog_details	poi_004468	Famine	region_label	1920	5088	0	Runtime shop/travel enrichment and simple labels may make this intentional
generic_catalog_details	poi_004469	Grain of Plenty	region_label	1926	5125	0	Runtime shop/travel enrichment and simple labels may make this intentional
generic_catalog_details	poi_004470	Dragons	region_label	1936	8992	1	Runtime shop/travel enrichment and simple labels may make this intentional
generic_catalog_details	poi_004471	Pestilence	region_label	1952	4992	0	Runtime shop/travel enrichment and simple labels may make this intentional
generic_catalog_details	poi_004472	Box of Health	region_label	1952	5027	0	Runtime shop/travel enrichment and simple labels may make this intentional
generic_catalog_details	poi_004473	Ogresses	region_label	1966	9042	1	Runtime shop/travel enrichment and simple labels may make this intentional
generic_catalog_details	poi_004474	Death	region_label	1984	4896	0	Runtime shop/travel enrichment and simple labels may make this intentional
generic_catalog_details	poi_004475	Cradle of Life	region_label	1992	4928	0	Runtime shop/travel enrichment and simple labels may make this intentional
generic_catalog_details	poi_004476	Ogresses	region_label	2011	8989	1	Runtime shop/travel enrichment and simple labels may make this intentional
generic_catalog_details	poi_004477	Here be minotaurs	region_label	2015	9700	0	Runtime shop/travel enrichment and simple labels may make this intentional
generic_catalog_details	poi_004478	Deepfin Mine	region_label	2016	9194	0	Runtime shop/travel enrichment and simple labels may make this intentional
generic_catalog_details	poi_004479	Chinchompas	region_label	2026	9083	1	Runtime shop/travel enrichment and simple labels may make this intentional
generic_catalog_details	poi_004480	Bank vault	region_label	2060	9006	1	Runtime shop/travel enrichment and simple labels may make this intentional
generic_catalog_details	poi_004481	Buccaneers' Laboratory	region_label	2081	10009	0	Runtime shop/travel enrichment and simple labels may make this intentional
generic_catalog_details	poi_004482	Essence Mine	region_label	2147	10337	0	Runtime shop/travel enrichment and simple labels may make this intentional
generic_catalog_details	poi_004483	Dead people	region_label	2149	5081	0	Runtime shop/travel enrichment and simple labels may make this intentional
generic_catalog_details	poi_004484	Distillery	region_label	2152	5102	0	Runtime shop/travel enrichment and simple labels may make this intentional
generic_catalog_details	poi_004485	Nothing interesting happens here	region_label	2159	5170	0	Runtime shop/travel enrichment and simple labels may make this intentional
generic_catalog_details	poi_004486	Sunbleak Cave	region_label	2227	8994	0	Runtime shop/travel enrichment and simple labels may make this intentional
generic_catalog_details	poi_004487	Fire giants	region_label	2249	9266	0	Runtime shop/travel enrichment and simple labels may make this intentional
generic_catalog_details	poi_004488	Blue dragons	region_label	2255	9242	0	Runtime shop/travel enrichment and simple labels may make this intentional
generic_catalog_details	poi_004489	Ynysdail Cavern	region_label	2271	9881	0	Runtime shop/travel enrichment and simple labels may make this intentional
generic_catalog_details	poi_004490	Iron dragons	region_label	2282	9232	0	Runtime shop/travel enrichment and simple labels may make this intentional
generic_catalog_details	poi_004491	Greater demons	region_label	2286	9272	0	Runtime shop/travel enrichment and simple labels may make this intentional
generic_catalog_details	poi_004492	Thermonuclear Smoke Devil	region_label	2362	9456	0	Runtime shop/travel enrichment and simple labels may make this intentional
generic_catalog_details	poi_004493	Tanglefeet	region_label	2383	4380	0	Runtime shop/travel enrichment and simple labels may make this intentional
generic_catalog_details	poi_004494	Otherworldly beings	region_label	2386	4427	0	Runtime shop/travel enrichment and simple labels may make this intentional
generic_catalog_details	poi_004495	Fight Pit	region_label	2398	5160	0	Runtime shop/travel enrichment and simple labels may make this intentional
generic_catalog_details	poi_004496	Fight Cave	region_label	2400	5092	0	Runtime shop/travel enrichment and simple labels may make this intentional
generic_catalog_details	poi_004497	Trolls	region_label	2400	10272	0	Runtime shop/travel enrichment and simple labels may make this intentional
generic_catalog_details	poi_004498	Fire giants	region_label	2401	9779	0	Runtime shop/travel enrichment and simple labels may make this intentional
generic_catalog_details	poi_004499	Brimstail	region_label	2401	9827	0	Runtime shop/travel enrichment and simple labels may make this intentional
generic_catalog_details	poi_004500	Smoke devils	region_label	2408	9438	0	Runtime shop/travel enrichment and simple labels may make this intentional
generic_catalog_details	poi_004501	Basilisk Knights	region_label	2420	10390	0	Runtime shop/travel enrichment and simple labels may make this intentional
generic_catalog_details	poi_004502	Dagannoth	region_label	2420	10422	0	Runtime shop/travel enrichment and simple labels may make this intentional
generic_catalog_details	poi_004503	Beware of the mushrooms	region_label	2422	4375	0	Runtime shop/travel enrichment and simple labels may make this intentional
generic_catalog_details	poi_004504	Hellhounds	region_label	2424	9793	0	Runtime shop/travel enrichment and simple labels may make this intentional
generic_catalog_details	poi_004505	Puro-puro	region_label	2428	4446	0	Runtime shop/travel enrichment and simple labels may make this intentional
generic_catalog_details	poi_004506	Throne room	region_label	2447	4429	0	Runtime shop/travel enrichment and simple labels may make this intentional
generic_catalog_details	poi_004507	Dagannoth	region_label	2449	10441	0	Runtime shop/travel enrichment and simple labels may make this intentional
generic_catalog_details	poi_004508	Shrine	region_label	2452	4478	0	Runtime shop/travel enrichment and simple labels may make this intentional
generic_catalog_details	poi_004509	Basilisk Knights	region_label	2455	10388	0	Runtime shop/travel enrichment and simple labels may make this intentional
generic_catalog_details	poi_004510	Aberrant Spectres	region_label	2457	9788	0	Runtime shop/travel enrichment and simple labels may make this intentional
generic_catalog_details	poi_004511	Bloodvelds	region_label	2459	9832	0	Runtime shop/travel enrichment and simple labels may make this intentional
generic_catalog_details	poi_004512	Basilisks	region_label	2464	10402	0	Runtime shop/travel enrichment and simple labels may make this intentional
generic_catalog_details	poi_004513	Dagannoth	region_label	2467	10147	0	Runtime shop/travel enrichment and simple labels may make this intentional
generic_catalog_details	poi_004514	Ankou	region_label	2479	9806	0	Runtime shop/travel enrichment and simple labels may make this intentional
generic_catalog_details	poi_004515	Basilisks	region_label	2479	10406	0	Runtime shop/travel enrichment and simple labels may make this intentional
generic_catalog_details	poi_004516	Dagannoth	region_label	2479	10439	0	Runtime shop/travel enrichment and simple labels may make this intentional
generic_catalog_details	poi_004517	Market	region_label	2482	4452	0	Runtime shop/travel enrichment and simple labels may make this intentional
generic_catalog_details	poi_004518	The Inferno	region_label	2496	5017	0	Runtime shop/travel enrichment and simple labels may make this intentional
generic_catalog_details	poi_004519	Mor Ul Rek	region_label	2496	5140	0	Runtime shop/travel enrichment and simple labels may make this intentional
generic_catalog_details	poi_004520	Sub-level 1	region_label	2496	10112	0	Runtime shop/travel enrichment and simple labels may make this intentional
generic_catalog_details	poi_004521	Wallasalki	region_label	2506	10145	0	Runtime shop/travel enrichment and simple labels may make this intentional
generic_catalog_details	poi_004522	Miscellania Expansion	region_label	2518	10258	0	Runtime shop/travel enrichment and simple labels may make this intentional
generic_catalog_details	poi_004523	Dagannoth	region_label	2522	10122	0	Runtime shop/travel enrichment and simple labels may make this intentional
generic_catalog_details	poi_004524	Giant rock crabs	region_label	2523	10165	0	Runtime shop/travel enrichment and simple labels may make this intentional
generic_catalog_details	poi_004525	Poison spiders	region_label	2536	9448	0	Runtime shop/travel enrichment and simple labels may make this intentional
generic_catalog_details	poi_004526	Wallasalki	region_label	2546	9951	0	Runtime shop/travel enrichment and simple labels may make this intentional
generic_catalog_details	poi_004527	Wallasalki	region_label	2547	10067	0	Runtime shop/travel enrichment and simple labels may make this intentional
generic_catalog_details	poi_004528	Wallasalki	region_label	2554	9859	0	Runtime shop/travel enrichment and simple labels may make this intentional
generic_catalog_details	poi_004529	Giant rock crabs	region_label	2564	9935	0	Runtime shop/travel enrichment and simple labels may make this intentional
generic_catalog_details	poi_004530	Dagannoth	region_label	2568	9966	0	Runtime shop/travel enrichment and simple labels may make this intentional
generic_catalog_details	poi_004531	Bats	region_label	2569	9753	0	Runtime shop/travel enrichment and simple labels may make this intentional
generic_catalog_details	poi_004532	Greater demons	region_label	2570	9499	0	Runtime shop/travel enrichment and simple labels may make this intentional
generic_catalog_details	poi_004533	Fire giants	region_label	2570	9563	0	Runtime shop/travel enrichment and simple labels may make this intentional
generic_catalog_details	poi_004534	Dagannoth	region_label	2578	10038	0	Runtime shop/travel enrichment and simple labels may make this intentional
generic_catalog_details	poi_004535	Dungeon rats	region_label	2583	9659	0	Runtime shop/travel enrichment and simple labels may make this intentional
generic_catalog_details	poi_004536	Ogres	region_label	2585	9738	0	Runtime shop/travel enrichment and simple labels may make this intentional
generic_catalog_details	poi_004537	Wizards' Guild	region_label	2586	9489	0	Runtime shop/travel enrichment and simple labels may make this intentional
generic_catalog_details	poi_004538	Ogres	region_label	2586	9608	0	Runtime shop/travel enrichment and simple labels may make this intentional
generic_catalog_details	poi_004539	Giant rock crabs	region_label	2588	10074	0	Runtime shop/travel enrichment and simple labels may make this intentional
generic_catalog_details	poi_004540	Here be goblins	region_label	2594	9823	0	Runtime shop/travel enrichment and simple labels may make this intentional
generic_catalog_details	poi_004541	Upper level	region_label	2595	9599	0	Runtime shop/travel enrichment and simple labels may make this intentional
generic_catalog_details	poi_004542	Dagannoth	region_label	2599	9832	0	Runtime shop/travel enrichment and simple labels may make this intentional
generic_catalog_details	poi_004543	Sea snakes	region_label	2600	10275	0	Runtime shop/travel enrichment and simple labels may make this intentional
generic_catalog_details	poi_004544	Dagannoth	region_label	2601	9861	0	Runtime shop/travel enrichment and simple labels may make this intentional
generic_catalog_details	poi_004545	Dagannoth	region_label	2601	9950	0	Runtime shop/travel enrichment and simple labels may make this intentional
generic_catalog_details	poi_004546	Baby green dragons	region_label	2605	9578	0	Runtime shop/travel enrichment and simple labels may make this intentional
generic_catalog_details	poi_004547	Spiders	region_label	2606	9638	0	Runtime shop/travel enrichment and simple labels may make this intentional
generic_catalog_details	poi_004548	Salarin the Twisted	region_label	2614	9524	0	Runtime shop/travel enrichment and simple labels may make this intentional
generic_catalog_details	poi_004549	Dagannoth	region_label	2622	9880	0	Runtime shop/travel enrichment and simple labels may make this intentional
generic_catalog_details	poi_004550	Lower level	region_label	2623	6207	0	Runtime shop/travel enrichment and simple labels may make this intentional
generic_catalog_details	poi_004551	Sub-level 5	region_label	2640	9728	0	Runtime shop/travel enrichment and simple labels may make this intentional
generic_catalog_details	poi_004552	Sub-level 4	region_label	2640	9824	0	Runtime shop/travel enrichment and simple labels may make this intentional
generic_catalog_details	poi_004553	Sub-level 3	region_label	2640	9920	0	Runtime shop/travel enrichment and simple labels may make this intentional
generic_catalog_details	poi_004554	Sub-level 2	region_label	2640	10016	0	Runtime shop/travel enrichment and simple labels may make this intentional
generic_catalog_details	poi_004555	Ardougne Sewers	region_label	2644	9702	0	Runtime shop/travel enrichment and simple labels may make this intentional
generic_catalog_details	poi_004556	Dagannoth	region_label	2647	9744	0	Runtime shop/travel enrichment and simple labels may make this intentional
generic_catalog_details	poi_004557	Rock lobsters	region_label	2650	9776	0	Runtime shop/travel enrichment and simple labels may make this intentional
generic_catalog_details	poi_004558	Bronze, iron & steel dragons	region_label	2656	9440	0	Runtime shop/travel enrichment and simple labels may make this intentional
generic_catalog_details	poi_004559	Here be penguins	region_label	2656	10400	0	Runtime shop/travel enrichment and simple labels may make this intentional
generic_catalog_details	poi_004560	Rat Pits	region_label	2659	9635	0	Runtime shop/travel enrichment and simple labels may make this intentional
generic_catalog_details	poi_004561	Moss giants	region_label	2663	9570	0	Runtime shop/travel enrichment and simple labels may make this intentional
generic_catalog_details	poi_004562	Fire giants	region_label	2664	9495	0	Runtime shop/travel enrichment and simple labels may make this intentional
generic_catalog_details	poi_004563	Sub-level 6	region_label	2664	9640	0	Runtime shop/travel enrichment and simple labels may make this intentional
generic_catalog_details	poi_004564	Dagannoth Kings	region_label	2664	9664	0	Runtime shop/travel enrichment and simple labels may make this intentional
generic_catalog_details	poi_004565	Dogs	region_label	2666	9523	0	Runtime shop/travel enrichment and simple labels may make this intentional
generic_catalog_details	poi_004566	Zombies & rocks	region_label	2675	9682	0	Runtime shop/travel enrichment and simple labels may make this intentional
generic_catalog_details	poi_004567	Key Master	region_label	2686	9885	0	Runtime shop/travel enrichment and simple labels may make this intentional
generic_catalog_details	poi_004568	Beware of the dog	region_label	2686	9909	0	Runtime shop/travel enrichment and simple labels may make this intentional
generic_catalog_details	poi_004569	Rock lobsters	region_label	2691	9958	0	Runtime shop/travel enrichment and simple labels may make this intentional
generic_catalog_details	poi_004570	Ur-meg	region_label	2692	5304	0	Runtime shop/travel enrichment and simple labels may make this intentional
generic_catalog_details	poi_004571	Rock lobsters	region_label	2696	9848	0	Runtime shop/travel enrichment and simple labels may make this intentional
generic_catalog_details	poi_004572	Bone collector	region_label	2697	5319	0	Runtime shop/travel enrichment and simple labels may make this intentional
generic_catalog_details	poi_004573	Hobgoblins	region_label	2699	9688	0	Runtime shop/travel enrichment and simple labels may make this intentional
generic_catalog_details	poi_004574	Shadow warriors	region_label	2700	9774	0	Runtime shop/travel enrichment and simple labels may make this intentional
generic_catalog_details	poi_004575	Kurask	region_label	2701	10001	0	Runtime shop/travel enrichment and simple labels may make this intentional
generic_catalog_details	poi_004576	Rock lobsters	region_label	2702	9738	0	Runtime shop/travel enrichment and simple labels may make this intentional
generic_catalog_details	poi_004577	Oldak's teleportation laboratory	region_label	2704	5368	0	Runtime shop/travel enrichment and simple labels may make this intentional
generic_catalog_details	poi_004578	Jellies	region_label	2705	10032	0	Runtime shop/travel enrichment and simple labels may make this intentional
generic_catalog_details	poi_004579	Kurask	region_label	2708	9940	0	Runtime shop/travel enrichment and simple labels may make this intentional
generic_catalog_details	poi_004580	Red dragons	region_label	2710	9521	0	Runtime shop/travel enrichment and simple labels may make this intentional
generic_catalog_details	poi_004581	Black demons	region_label	2712	9485	0	Runtime shop/travel enrichment and simple labels may make this intentional
generic_catalog_details	poi_004582	Wire machine	region_label	2715	5270	0	Runtime shop/travel enrichment and simple labels may make this intentional
generic_catalog_details	poi_004583	Ur-zek & Ur-taal	region_label	2716	5344	0	Runtime shop/travel enrichment and simple labels may make this intentional
generic_catalog_details	poi_004584	Turoth	region_label	2716	10011	0	Runtime shop/travel enrichment and simple labels may make this intentional
generic_catalog_details	poi_004585	Upper level	region_label	2718	9959	0	Runtime shop/travel enrichment and simple labels may make this intentional
generic_catalog_details	poi_004586	Lower level	region_label	2718	9984	0	Runtime shop/travel enrichment and simple labels may make this intentional
generic_catalog_details	poi_004587	Market	region_label	2719	5322	0	Runtime shop/travel enrichment and simple labels may make this intentional
generic_catalog_details	poi_004588	Pit scorpions	region_label	2719	9744	0	Runtime shop/travel enrichment and simple labels may make this intentional
generic_catalog_details	poi_004589	Agility course	region_label	2720	5248	2	Runtime shop/travel enrichment and simple labels may make this intentional
generic_catalog_details	poi_004590	Lower level	region_label	2720	5375	0	Runtime shop/travel enrichment and simple labels may make this intentional
generic_catalog_details	poi_004591	Iron & steel dragons	region_label	2721	9446	0	Runtime shop/travel enrichment and simple labels may make this intentional
generic_catalog_details	poi_004592	Ur-vass	region_label	2723	5331	0	Runtime shop/travel enrichment and simple labels may make this intentional
generic_catalog_details	poi_004593	Rock lobsters	region_label	2724	10064	0	Runtime shop/travel enrichment and simple labels may make this intentional
generic_catalog_details	poi_004594	Bronze dragons	region_label	2736	9497	0	Runtime shop/travel enrichment and simple labels may make this intentional
generic_catalog_details	poi_004595	Basilisks	region_label	2744	10004	0	Runtime shop/travel enrichment and simple labels may make this intentional
generic_catalog_details	poi_004596	Tegdak	region_label	2746	5342	0	Runtime shop/travel enrichment and simple labels may make this intentional
generic_catalog_details	poi_004597	Charred Dungeon	region_label	2751	8801	0	Runtime shop/travel enrichment and simple labels may make this intentional
generic_catalog_details	poi_004598	Station	region_label	2760	5341	0	Runtime shop/travel enrichment and simple labels may make this intentional
generic_catalog_details	poi_004599	Pyrefiends	region_label	2761	10012	0	Runtime shop/travel enrichment and simple labels may make this intentional
generic_catalog_details	poi_004600	Council chamber	region_label	2782	5431	0	Runtime shop/travel enrichment and simple labels may make this intentional
generic_catalog_details	poi_004601	Middle level	region_label	2784	5439	0	Runtime shop/travel enrichment and simple labels may make this intentional
generic_catalog_details	poi_004602	Agility Arena	region_label	2784	9568	0	Runtime shop/travel enrichment and simple labels may make this intentional
generic_catalog_details	poi_004603	Wyrmscraig Cavern	region_label	2785	8639	0	Runtime shop/travel enrichment and simple labels may make this intentional
generic_catalog_details	poi_004604	Cave crawlers	region_label	2792	10001	0	Runtime shop/travel enrichment and simple labels may make this intentional
generic_catalog_details	poi_004605	Cockatrice	region_label	2792	10037	0	Runtime shop/travel enrichment and simple labels may make this intentional
generic_catalog_details	poi_004606	Rock slugs	region_label	2796	10019	0	Runtime shop/travel enrichment and simple labels may make this intentional
generic_catalog_details	poi_004607	Ur-tag	region_label	2797	5430	0	Runtime shop/travel enrichment and simple labels may make this intentional
generic_catalog_details	poi_004608	Black dragons	region_label	2800	9628	0	Runtime shop/travel enrichment and simple labels may make this intentional
generic_catalog_details	poi_004609	Nursery	region_label	2806	5401	0	Runtime shop/travel enrichment and simple labels may make this intentional
generic_catalog_details	poi_004610	Fire Obelisk	region_label	2812	9836	0	Runtime shop/travel enrichment and simple labels may make this intentional
generic_catalog_details	poi_004611	Middle level	region_label	2815	6207	0	Runtime shop/travel enrichment and simple labels may make this intentional
generic_catalog_details	poi_004612	Jail	region_label	2826	10076	0	Runtime shop/travel enrichment and simple labels may make this intentional
generic_catalog_details	poi_004613	Black Guard H.Q.	region_label	2827	10213	0	Runtime shop/travel enrichment and simple labels may make this intentional
generic_catalog_details	poi_004614	Bandos's Stronghold	region_label	2832	5344	0	Runtime shop/travel enrichment and simple labels may make this intentional
generic_catalog_details	poi_004615	Lesser demons	region_label	2834	9561	0	Runtime shop/travel enrichment and simple labels may make this intentional
generic_catalog_details	poi_004616	Red Spiders	region_label	2834	9586	0	Runtime shop/travel enrichment and simple labels may make this intentional
generic_catalog_details	poi_004617	Lesser demons	region_label	2836	9610	0	Runtime shop/travel enrichment and simple labels may make this intentional
generic_catalog_details	poi_004618	Skeletons	region_label	2836	9653	0	Runtime shop/travel enrichment and simple labels may make this intentional
generic_catalog_details	poi_004619	Dondakan's rock	region_label	2836	10166	0	Runtime shop/travel enrichment and simple labels may make this intentional
generic_catalog_details	poi_004620	Armadyl's Eyrie	region_label	2837	5280	0	Runtime shop/travel enrichment and simple labels may make this intentional
generic_catalog_details	poi_004621	Black dragons	region_label	2839	9829	0	Runtime shop/travel enrichment and simple labels may make this intentional
generic_catalog_details	poi_004622	Zombies	region_label	2842	9766	0	Runtime shop/travel enrichment and simple labels may make this intentional
generic_catalog_details	poi_004623	River Kelda	region_label	2842	10141	0	Runtime shop/travel enrichment and simple labels may make this intentional
generic_catalog_details	poi_004625	Trolls	region_label	2846	10084	0	Runtime shop/travel enrichment and simple labels may make this intentional
generic_catalog_details	poi_004626	Upper level	region_label	2848	5503	0	Runtime shop/travel enrichment and simple labels may make this intentional
generic_catalog_details	poi_004627	Jogres	region_label	2848	9504	0	Runtime shop/travel enrichment and simple labels may make this intentional
generic_catalog_details	poi_004628	Greater demons	region_label	2851	9752	0	Runtime shop/travel enrichment and simple labels may make this intentional
generic_catalog_details	poi_004629	Mountain dwarves	region_label	2853	9872	0	Runtime shop/travel enrichment and simple labels may make this intentional
generic_catalog_details	poi_004630	Elvarg	region_label	2856	9638	0	Runtime shop/travel enrichment and simple labels may make this intentional
generic_catalog_details	poi_004631	Cyclopes	region_label	2856	10004	0	Runtime shop/travel enrichment and simple labels may make this intentional
generic_catalog_details	poi_004632	Goutweed store	region_label	2856	10084	0	Runtime shop/travel enrichment and simple labels may make this intentional
generic_catalog_details	poi_004633	Skeletons	region_label	2857	9572	0	Runtime shop/travel enrichment and simple labels may make this intentional
generic_catalog_details	poi_004634	Poison spiders	region_label	2857	9806	0	Runtime shop/travel enrichment and simple labels may make this intentional
generic_catalog_details	poi_004636	Dramen Tree	region_label	2861	9737	0	Runtime shop/travel enrichment and simple labels may make this intentional
generic_catalog_details	poi_004637	Hellhounds	region_label	2861	9845	0	Runtime shop/travel enrichment and simple labels may make this intentional
generic_catalog_details	poi_004638	Library	region_label	2862	10225	0	Runtime shop/travel enrichment and simple labels may make this intentional
generic_catalog_details	poi_004639	Black demons	region_label	2863	9780	0	Runtime shop/travel enrichment and simple labels may make this intentional
generic_catalog_details	poi_004640	Zanik's bedroom	region_label	2872	5479	0	Runtime shop/travel enrichment and simple labels may make this intentional
generic_catalog_details	poi_004641	Ancient Prison	region_label	2875	5184	0	Runtime shop/travel enrichment and simple labels may make this intentional
generic_catalog_details	poi_004642	Palace	region_label	2879	10201	0	Runtime shop/travel enrichment and simple labels may make this intentional
generic_catalog_details	poi_004643	Grimstone Dungeon	region_label	2890	10467	0	Runtime shop/travel enrichment and simple labels may make this intentional
generic_catalog_details	poi_004644	Cauldron of Thunder	region_label	2895	9833	0	Runtime shop/travel enrichment and simple labels may make this intentional
generic_catalog_details	poi_004645	Upper level	region_label	2900	9663	0	Runtime shop/travel enrichment and simple labels may make this intentional
generic_catalog_details	poi_004646	Black Knights' Base	region_label	2908	9689	0	Runtime shop/travel enrichment and simple labels may make this intentional
generic_catalog_details	poi_004647	Blue dragons	region_label	2908	9807	0	Runtime shop/travel enrichment and simple labels may make this intentional
generic_catalog_details	poi_004648	Nora T. Hagg's cellar	region_label	2908	9872	0	Runtime shop/travel enrichment and simple labels may make this intentional
generic_catalog_details	poi_004649	Zamorak's Fortress	region_label	2909	5363	0	Runtime shop/travel enrichment and simple labels may make this intentional
generic_catalog_details	poi_004650	Jogres	region_label	2912	9432	0	Runtime shop/travel enrichment and simple labels may make this intentional
generic_catalog_details	poi_004651	Upper level	region_label	2912	9471	0	Runtime shop/travel enrichment and simple labels may make this intentional
generic_catalog_details	poi_004652	Burntmeat's Kitchen	region_label	2912	10086	0	Runtime shop/travel enrichment and simple labels may make this intentional
generic_catalog_details	poi_004653	Saradomin's Encampment	region_label	2916	5238	0	Runtime shop/travel enrichment and simple labels may make this intentional
generic_catalog_details	poi_004654	Fountain of Heroes	region_label	2918	9889	0	Runtime shop/travel enrichment and simple labels may make this intentional
generic_catalog_details	poi_004655	Chaos dwarves	region_label	2920	9770	0	Runtime shop/travel enrichment and simple labels may make this intentional
generic_catalog_details	poi_004656	Camdozaal Mines	region_label	2924	5814	0	Runtime shop/travel enrichment and simple labels may make this intentional
generic_catalog_details	poi_004657	Minecarts	region_label	2928	10170	0	Runtime shop/travel enrichment and simple labels may make this intentional
generic_catalog_details	poi_004658	Blue dragons	region_label	2930	9625	0	Runtime shop/travel enrichment and simple labels may make this intentional
generic_catalog_details	poi_004659	Melzar's Maze	region_label	2930	9644	0	Runtime shop/travel enrichment and simple labels may make this intentional
generic_catalog_details	poi_004660	Blast Furnace	region_label	2930	10194	0	Runtime shop/travel enrichment and simple labels may make this intentional
generic_catalog_details	poi_004661	Chaos druids	region_label	2934	9852	0	Runtime shop/travel enrichment and simple labels may make this intentional
generic_catalog_details	poi_004662	Poisonous scorpions	region_label	2935	9754	0	Runtime shop/travel enrichment and simple labels may make this intentional
generic_catalog_details	poi_004663	Offering Altar	region_label	2937	5773	0	Runtime shop/travel enrichment and simple labels may make this intentional
generic_catalog_details	poi_004664	Lesser demons	region_label	2938	9790	0	Runtime shop/travel enrichment and simple labels may make this intentional
generic_catalog_details	poi_004665	Ramarno	region_label	2956	5806	0	Runtime shop/travel enrichment and simple labels may make this intentional
generic_catalog_details	poi_004666	Troll generals	region_label	2957	10146	0	Runtime shop/travel enrichment and simple labels may make this intentional
generic_catalog_details	poi_004667	Animated axes	region_label	2962	9784	0	Runtime shop/travel enrichment and simple labels may make this intentional
generic_catalog_details	poi_004668	Ice giants	region_label	2965	9565	0	Runtime shop/travel enrichment and simple labels may make this intentional
generic_catalog_details	poi_004669	Crypt	region_label	2966	9738	0	Runtime shop/travel enrichment and simple labels may make this intentional
generic_catalog_details	poi_004671	Hammerspike's hangout	region_label	2969	9819	0	Runtime shop/travel enrichment and simple labels may make this intentional
generic_catalog_details	poi_004672	Sire	region_label	2970	4794	0	Runtime shop/travel enrichment and simple labels may make this intentional
generic_catalog_details	poi_004673	Camdozaal Vault	region_label	2971	5823	0	Runtime shop/travel enrichment and simple labels may make this intentional
generic_catalog_details	poi_004674	Sire	region_label	2980	4857	0	Runtime shop/travel enrichment and simple labels may make this intentional
generic_catalog_details	poi_004675	Boot	region_label	2985	9806	0	Runtime shop/travel enrichment and simple labels may make this intentional
generic_catalog_details	poi_004676	Pirates	region_label	2990	9576	0	Runtime shop/travel enrichment and simple labels may make this intentional
generic_catalog_details	poi_004677	Muggers	region_label	2994	9571	0	Runtime shop/travel enrichment and simple labels may make this intentional
generic_catalog_details	poi_004678	Agility course spikes	region_label	2999	10350	0	Runtime shop/travel enrichment and simple labels may make this intentional
generic_catalog_details	poi_004679	Upper level	region_label	3007	6207	0	Runtime shop/travel enrichment and simple labels may make this intentional
generic_catalog_details	poi_004680	Golem Workshop	region_label	3010	5798	0	Runtime shop/travel enrichment and simple labels may make this intentional
generic_catalog_details	poi_004681	Lizards & Zamorak fighters	region_label	3018	5578	0	Runtime shop/travel enrichment and simple labels may make this intentional
generic_catalog_details	poi_004682	Hobgoblins	region_label	3019	9587	0	Runtime shop/travel enrichment and simple labels may make this intentional
generic_catalog_details	poi_004683	Shadow spiders	region_label	3021	10328	0	Runtime shop/travel enrichment and simple labels may make this intentional
generic_catalog_details	poi_004684	Greater demons	region_label	3022	10248	0	Runtime shop/travel enrichment and simple labels may make this intentional
generic_catalog_details	poi_004685	Wine of Zamorak	region_label	3022	10354	0	Runtime shop/travel enrichment and simple labels may make this intentional
generic_catalog_details	poi_004686	Chaos dwarves	region_label	3029	10312	0	Runtime shop/travel enrichment and simple labels may make this intentional
generic_catalog_details	poi_004687	Mining Guild	region_label	3034	9736	0	Runtime shop/travel enrichment and simple labels may make this intentional
generic_catalog_details	poi_004688	Rat Pits	region_label	3040	9632	0	Runtime shop/travel enrichment and simple labels may make this intentional
generic_catalog_details	poi_004689	Hill giants	region_label	3046	10321	0	Runtime shop/travel enrichment and simple labels may make this intentional
generic_catalog_details	poi_004690	Black dragons	region_label	3048	10272	0	Runtime shop/travel enrichment and simple labels may make this intentional
generic_catalog_details	poi_004691	Ice warriors & giants	region_label	3051	9577	0	Runtime shop/travel enrichment and simple labels may make this intentional
generic_catalog_details	poi_004692	Beware of the scorpions	region_label	3052	9809	0	Runtime shop/travel enrichment and simple labels may make this intentional
generic_catalog_details	poi_004693	Fire giants	region_label	3053	10346	0	Runtime shop/travel enrichment and simple labels may make this intentional
generic_catalog_details	poi_004694	Skeletal wyverns	region_label	3057	9547	0	Runtime shop/travel enrichment and simple labels may make this intentional
generic_catalog_details	poi_004695	Access to Falador	region_label	3058	9776	0	Runtime shop/travel enrichment and simple labels may make this intentional
generic_catalog_details	poi_004696	Altar	region_label	3060	5578	0	Runtime shop/travel enrichment and simple labels may make this intentional
generic_catalog_details	poi_004697	The Pandemonium	region_label	3070	9387	0	Runtime shop/travel enrichment and simple labels may make this intentional
generic_catalog_details	poi_004698	Poison spiders	region_label	3070	10261	0	Runtime shop/travel enrichment and simple labels may make this intentional
generic_catalog_details	poi_004700	Dave's Basement of Doom	region_label	3080	9892	0	Runtime shop/travel enrichment and simple labels may make this intentional
generic_catalog_details	poi_004701	Chronozon	region_label	3086	9932	0	Runtime shop/travel enrichment and simple labels may make this intentional
generic_catalog_details	poi_004702	Hopelessness	region_label	3087	5263	0	Runtime shop/travel enrichment and simple labels may make this intentional
generic_catalog_details	poi_004703	Anger	region_label	3087	5293	0	Runtime shop/travel enrichment and simple labels may make this intentional
generic_catalog_details	poi_004704	Poison spiders	region_label	3088	9951	0	Runtime shop/travel enrichment and simple labels may make this intentional
generic_catalog_details	poi_004705	Black demons	region_label	3092	9965	0	Runtime shop/travel enrichment and simple labels may make this intentional
generic_catalog_details	poi_004706	Wizards' Tower	region_label	3102	9561	0	Runtime shop/travel enrichment and simple labels may make this intentional
generic_catalog_details	poi_004707	Draynor Sewers	region_label	3104	9655	0	Runtime shop/travel enrichment and simple labels may make this intentional
generic_catalog_details	poi_004708	Lower level	region_label	3104	9727	0	Runtime shop/travel enrichment and simple labels may make this intentional
generic_catalog_details	poi_004709	Sire	region_label	3105	4858	0	Runtime shop/travel enrichment and simple labels may make this intentional
generic_catalog_details	poi_004710	Upper level	region_label	3106	9581	0	Runtime shop/travel enrichment and simple labels may make this intentional
generic_catalog_details	poi_004711	Gryphons	region_label	3107	8868	0	Runtime shop/travel enrichment and simple labels may make this intentional
generic_catalog_details	poi_004712	Skeletons	region_label	3109	9942	0	Runtime shop/travel enrichment and simple labels may make this intentional
generic_catalog_details	poi_004713	Mage Arena bank	region_label	3109	10344	0	Runtime shop/travel enrichment and simple labels may make this intentional
generic_catalog_details	poi_004714	Sire	region_label	3110	4793	0	Runtime shop/travel enrichment and simple labels may make this intentional
generic_catalog_details	poi_004715	Hill giants	region_label	3110	9838	0	Runtime shop/travel enrichment and simple labels may make this intentional
generic_catalog_details	poi_004716	Chaos druids	region_label	3112	9932	0	Runtime shop/travel enrichment and simple labels may make this intentional
generic_catalog_details	poi_004717	King Black Dragon	region_label	3112	10273	0	Runtime shop/travel enrichment and simple labels may make this intentional
generic_catalog_details	poi_004718	Earth warriors	region_label	3119	9996	0	Runtime shop/travel enrichment and simple labels may make this intentional
generic_catalog_details	poi_004719	Skeletons & zombies	region_label	3121	9899	0	Runtime shop/travel enrichment and simple labels may make this intentional
generic_catalog_details	poi_004720	Confusion	region_label	3122	5258	0	Runtime shop/travel enrichment and simple labels may make this intentional
generic_catalog_details	poi_004721	Fear	region_label	3122	5298	0	Runtime shop/travel enrichment and simple labels may make this intentional
generic_catalog_details	poi_004722	Hobgoblins	region_label	3123	9865	0	Runtime shop/travel enrichment and simple labels may make this intentional
generic_catalog_details	poi_004723	Thugs	region_label	3130	9935	0	Runtime shop/travel enrichment and simple labels may make this intentional
generic_catalog_details	poi_004724	Red Spiders	region_label	3134	9955	0	Runtime shop/travel enrichment and simple labels may make this intentional
generic_catalog_details	poi_004725	Dark beasts	region_label	3165	12431	0	Runtime shop/travel enrichment and simple labels may make this intentional
generic_catalog_details	poi_004726	Exit	region_label	3166	4547	0	Runtime shop/travel enrichment and simple labels may make this intentional
generic_catalog_details	poi_004727	H.A.M. Cult	region_label	3167	9635	0	Runtime shop/travel enrichment and simple labels may make this intentional
generic_catalog_details	poi_004728	Motherlode Mine	region_label	3168	9680	0	Runtime shop/travel enrichment and simple labels may make this intentional
generic_catalog_details	poi_004730	Champions' Challenge	region_label	3168	9758	0	Runtime shop/travel enrichment and simple labels may make this intentional
generic_catalog_details	poi_004731	Shellbane  Gryphon	region_label	3179	8876	0	Runtime shop/travel enrichment and simple labels may make this intentional
generic_catalog_details	poi_004732	Red Spiders	region_label	3179	9884	0	Runtime shop/travel enrichment and simple labels may make this intentional
generic_catalog_details	poi_004733	Terror dogs	region_label	3182	4618	0	Runtime shop/travel enrichment and simple labels may make this intentional
generic_catalog_details	poi_004734	Waterfiends	region_label	3183	12456	0	Runtime shop/travel enrichment and simple labels may make this intentional
generic_catalog_details	poi_004735	Lower level	region_label	3184	4544	0	Runtime shop/travel enrichment and simple labels may make this intentional
generic_catalog_details	poi_004736	Elves	region_label	3184	12405	0	Runtime shop/travel enrichment and simple labels may make this intentional
generic_catalog_details	poi_004737	Soldiers	region_label	3186	9493	0	Runtime shop/travel enrichment and simple labels may make this intentional
generic_catalog_details	poi_004738	Bank vault	region_label	3196	9822	0	Runtime shop/travel enrichment and simple labels may make this intentional
generic_catalog_details	poi_004739	Queen's Chamber	region_label	3200	9432	0	Runtime shop/travel enrichment and simple labels may make this intentional
generic_catalog_details	poi_004741	Upper level	region_label	3200	9727	0	Runtime shop/travel enrichment and simple labels may make this intentional
generic_catalog_details	poi_004742	Kurask	region_label	3219	12369	0	Runtime shop/travel enrichment and simple labels may make this intentional
generic_catalog_details	poi_004743	Iorwerth Camp	region_label	3220	6009	0	Runtime shop/travel enrichment and simple labels may make this intentional
generic_catalog_details	poi_004744	Lumbridge Castle cellar	region_label	3220	9620	0	Runtime shop/travel enrichment and simple labels may make this intentional
generic_catalog_details	poi_004745	Guardians	region_label	3222	9498	0	Runtime shop/travel enrichment and simple labels may make this intentional
generic_catalog_details	poi_004746	Gwenith	region_label	3223	6161	0	Runtime shop/travel enrichment and simple labels may make this intentional
generic_catalog_details	poi_004747	Nechryael	region_label	3223	12422	0	Runtime shop/travel enrichment and simple labels may make this intentional
generic_catalog_details	poi_004748	The Gauntlet	region_label	3225	12491	0	Runtime shop/travel enrichment and simple labels may make this intentional
generic_catalog_details	poi_004749	Dark beasts	region_label	3227	12397	0	Runtime shop/travel enrichment and simple labels may make this intentional
generic_catalog_details	poi_004750	Nechryael	region_label	3228	12459	0	Runtime shop/travel enrichment and simple labels may make this intentional
generic_catalog_details	poi_004751	Chasm of Tears	region_label	3230	9517	2	Runtime shop/travel enrichment and simple labels may make this intentional
generic_catalog_details	poi_004752	Giant frogs	region_label	3230	9546	0	Runtime shop/travel enrichment and simple labels may make this intentional
generic_catalog_details	poi_004753	Gryphons	region_label	3232	8801	0	Runtime shop/travel enrichment and simple labels may make this intentional
generic_catalog_details	poi_004754	Beware of the scorpions	region_label	3235	10347	0	Runtime shop/travel enrichment and simple labels may make this intentional
generic_catalog_details	poi_004755	Bloodvelds	region_label	3238	12437	0	Runtime shop/travel enrichment and simple labels may make this intentional
generic_catalog_details	poi_004756	Rats	region_label	3239	9872	0	Runtime shop/travel enrichment and simple labels may make this intentional
generic_catalog_details	poi_004757	Watermill cellar	region_label	3240	9704	0	Runtime shop/travel enrichment and simple labels may make this intentional
generic_catalog_details	poi_004758	VTAM Corporation	region_label	3245	9773	0	Runtime shop/travel enrichment and simple labels may make this intentional
generic_catalog_details	poi_004759	Bloodvelds	region_label	3251	12421	0	Runtime shop/travel enrichment and simple labels may make this intentional
generic_catalog_details	poi_004760	Moss giants	region_label	3253	12468	0	Runtime shop/travel enrichment and simple labels may make this intentional
generic_catalog_details	poi_004761	Kurask	region_label	3254	12384	0	Runtime shop/travel enrichment and simple labels may make this intentional
generic_catalog_details	poi_004762	Tears of Guthix	region_label	3260	9522	2	Runtime shop/travel enrichment and simple labels may make this intentional
generic_catalog_details	poi_004763	Here be dead stuff	region_label	3263	9904	0	Runtime shop/travel enrichment and simple labels may make this intentional
generic_catalog_details	poi_004764	Middle level	region_label	3264	4544	0	Runtime shop/travel enrichment and simple labels may make this intentional
generic_catalog_details	poi_004765	Tirannwn	region_label	3264	6016	0	Runtime shop/travel enrichment and simple labels may make this intentional
generic_catalog_details	poi_004766	Prifddinas	region_label	3264	6080	0	Runtime shop/travel enrichment and simple labels may make this intentional
generic_catalog_details	poi_004767	Goblin Maze	region_label	3264	9630	0	Runtime shop/travel enrichment and simple labels may make this intentional
generic_catalog_details	poi_004768	Zalcano	region_label	3291	12451	0	Runtime shop/travel enrichment and simple labels may make this intentional
generic_catalog_details	poi_004770	Coral Nurseries	region_label	3298	8864	0	Runtime shop/travel enrichment and simple labels may make this intentional
generic_catalog_details	poi_004771	Trahaearn Mine	region_label	3298	12389	0	Runtime shop/travel enrichment and simple labels may make this intentional
generic_catalog_details	poi_004772	Scurrius The Rat King	region_label	3300	9869	0	Runtime shop/travel enrichment and simple labels may make this intentional
generic_catalog_details	poi_004773	Corporeal Beast	region_label	3306	10082	0	Runtime shop/travel enrichment and simple labels may make this intentional
generic_catalog_details	poi_004774	Mine	region_label	3327	9632	0	Runtime shop/travel enrichment and simple labels may make this intentional
generic_catalog_details	poi_004775	Greater nechryael	region_label	3336	10106	0	Runtime shop/travel enrichment and simple labels may make this intentional
generic_catalog_details	poi_004776	Lesser demons	region_label	3337	10136	0	Runtime shop/travel enrichment and simple labels may make this intentional
generic_catalog_details	poi_004777	Ice giants	region_label	3341	10058	0	Runtime shop/travel enrichment and simple labels may make this intentional
generic_catalog_details	poi_004778	Abyssal demons	region_label	3341	10164	0	Runtime shop/travel enrichment and simple labels may make this intentional
generic_catalog_details	poi_004779	Guardians	region_label	3342	9485	0	Runtime shop/travel enrichment and simple labels may make this intentional
generic_catalog_details	poi_004780	Upper level	region_label	3344	4544	0	Runtime shop/travel enrichment and simple labels may make this intentional
generic_catalog_details	poi_004781	Ankou	region_label	3359	10080	0	Runtime shop/travel enrichment and simple labels may make this intentional
generic_catalog_details	poi_004783	Black demons	region_label	3361	10121	0	Runtime shop/travel enrichment and simple labels may make this intentional
generic_catalog_details	poi_004785	Arandar	region_label	3363	6047	0	Runtime shop/travel enrichment and simple labels may make this intentional
generic_catalog_details	poi_004786	Black dragons	region_label	3364	10161	0	Runtime shop/travel enrichment and simple labels may make this intentional
generic_catalog_details	poi_004787	Soldiers	region_label	3372	9530	0	Runtime shop/travel enrichment and simple labels may make this intentional
generic_catalog_details	poi_004788	Soldiers	region_label	3394	9486	0	Runtime shop/travel enrichment and simple labels may make this intentional
generic_catalog_details	poi_004789	Bloodvelds	region_label	3395	9930	0	Runtime shop/travel enrichment and simple labels may make this intentional
generic_catalog_details	poi_004790	Nechryael	region_label	3397	9980	0	Runtime shop/travel enrichment and simple labels may make this intentional
generic_catalog_details	poi_004791	Green dragons	region_label	3402	10127	0	Runtime shop/travel enrichment and simple labels may make this intentional
generic_catalog_details	poi_004792	Debtor Hideout	region_label	3406	5804	0	Runtime shop/travel enrichment and simple labels may make this intentional
generic_catalog_details	poi_004793	Mausoleum	region_label	3407	9869	0	Runtime shop/travel enrichment and simple labels may make this intentional
generic_catalog_details	poi_004794	Green dragons	region_label	3414	10073	0	Runtime shop/travel enrichment and simple labels may make this intentional
generic_catalog_details	poi_004796	Slayer Tower	region_label	3424	9924	0	Runtime shop/travel enrichment and simple labels may make this intentional
generic_catalog_details	poi_004797	Greater demons	region_label	3430	10151	0	Runtime shop/travel enrichment and simple labels may make this intentional
generic_catalog_details	poi_004798	The Mountain	region_label	3431	5845	0	Runtime shop/travel enrichment and simple labels may make this intentional
generic_catalog_details	poi_004799	Jellies	region_label	3431	10105	0	Runtime shop/travel enrichment and simple labels may make this intentional
generic_catalog_details	poi_004800	Dust devils	region_label	3441	10124	0	Runtime shop/travel enrichment and simple labels may make this intentional
generic_catalog_details	poi_004801	Hellhounds	region_label	3444	10085	0	Runtime shop/travel enrichment and simple labels may make this intentional
generic_catalog_details	poi_004802	Abyssal demons	region_label	3447	9970	0	Runtime shop/travel enrichment and simple labels may make this intentional
generic_catalog_details	poi_004803	Gargoyles	region_label	3452	9935	0	Runtime shop/travel enrichment and simple labels may make this intentional
generic_catalog_details	poi_004804	Desert Island	region_label	3456	5824	0	Runtime shop/travel enrichment and simple labels may make this intentional
generic_catalog_details	poi_004805	Kovac	region_label	3458	9583	0	Runtime shop/travel enrichment and simple labels may make this intentional
generic_catalog_details	poi_004806	Rocky Outcrop	region_label	3463	5767	0	Runtime shop/travel enrichment and simple labels may make this intentional
generic_catalog_details	poi_004807	Moser Settlement	region_label	3476	5791	0	Runtime shop/travel enrichment and simple labels may make this intentional
generic_catalog_details	poi_004808	Shades	region_label	3488	9672	0	Runtime shop/travel enrichment and simple labels may make this intentional
generic_catalog_details	poi_004809	Hut	region_label	3496	6072	0	Runtime shop/travel enrichment and simple labels may make this intentional
generic_catalog_details	poi_004810	Old Manor	region_label	3497	6118	0	Runtime shop/travel enrichment and simple labels may make this intentional
generic_catalog_details	poi_004811	Trinity Outpost	region_label	3500	5873	0	Runtime shop/travel enrichment and simple labels may make this intentional
generic_catalog_details	poi_004812	Trading Post	region_label	3500	6169	0	Runtime shop/travel enrichment and simple labels may make this intentional
generic_catalog_details	poi_004813	Here be odd stuff	region_label	3519	9960	0	Runtime shop/travel enrichment and simple labels may make this intentional
generic_catalog_details	poi_004814	Obstacle course	region_label	3537	9889	0	Runtime shop/travel enrichment and simple labels may make this intentional
generic_catalog_details	poi_004815	Town Center	region_label	3552	6107	0	Runtime shop/travel enrichment and simple labels may make this intentional
generic_catalog_details	poi_004816	Wild Varrock	region_label	3552	6120	0	Runtime shop/travel enrichment and simple labels may make this intentional
generic_catalog_details	poi_004817	Dark Warrior's Palace	region_label	3552	6160	0	Runtime shop/travel enrichment and simple labels may make this intentional
generic_catalog_details	poi_004818	Skullball	region_label	3560	9866	0	Runtime shop/travel enrichment and simple labels may make this intentional
generic_catalog_details	poi_004819	Stone Circle	region_label	3567	6054	0	Runtime shop/travel enrichment and simple labels may make this intentional
generic_catalog_details	poi_004820	Blank Tower	region_label	3594	6113	0	Runtime shop/travel enrichment and simple labels may make this intentional
generic_catalog_details	poi_004821	Court of Chaos	region_label	3598	6067	0	Runtime shop/travel enrichment and simple labels may make this intentional
generic_catalog_details	poi_004822	Pillars of Sacrifice	region_label	3598	6164	0	Runtime shop/travel enrichment and simple labels may make this intentional
generic_catalog_details	poi_004823	Wyverns	region_label	3616	10208	0	Runtime shop/travel enrichment and simple labels may make this intentional
generic_catalog_details	poi_004824	Wyverns Task Only	region_label	3616	10272	1	Runtime shop/travel enrichment and simple labels may make this intentional
generic_catalog_details	poi_004825	Araxxor	region_label	3632	9815	0	Runtime shop/travel enrichment and simple labels may make this intentional
generic_catalog_details	poi_004826	Here be spiders	region_label	3667	9824	0	Runtime shop/travel enrichment and simple labels may make this intentional
generic_catalog_details	poi_004827	Ectofuntus	region_label	3680	9888	0	Runtime shop/travel enrichment and simple labels may make this intentional
generic_catalog_details	poi_004828	Brewery	region_label	3720	9864	0	Runtime shop/travel enrichment and simple labels may make this intentional
generic_catalog_details	poi_004829	Underwater	region_label	3772	10288	1	Runtime shop/travel enrichment and simple labels may make this intentional
generic_catalog_details	poi_004830	Cave horrors & albino bats	region_label	3775	9407	0	Runtime shop/travel enrichment and simple labels may make this intentional
generic_catalog_details	poi_004831	A	region_label	3787	10156	1	Runtime shop/travel enrichment and simple labels may make this intentional
generic_catalog_details	poi_004832	Shura	region_label	3808	9747	1	Runtime shop/travel enrichment and simple labels may make this intentional
generic_catalog_details	poi_004834	Greater demons	region_label	3808	9831	1	Runtime shop/travel enrichment and simple labels may make this intentional
generic_catalog_details	poi_004835	Lower level	region_label	3808	10112	1	Runtime shop/travel enrichment and simple labels may make this intentional
generic_catalog_details	poi_004836	B	region_label	3815	10172	1	Runtime shop/travel enrichment and simple labels may make this intentional
generic_catalog_details	poi_004837	C	region_label	3830	10157	1	Runtime shop/travel enrichment and simple labels may make this intentional
generic_catalog_details	poi_004838	Lesser demons	region_label	3847	9762	1	Runtime shop/travel enrichment and simple labels may make this intentional
generic_catalog_details	poi_004839	Pyrefiends	region_label	3866	9775	1	Runtime shop/travel enrichment and simple labels may make this intentional
generic_catalog_details	poi_004840	Volcano Mine	region_label	3872	10208	1	Runtime shop/travel enrichment and simple labels may make this intentional
generic_catalog_details	poi_004841	Upper level	region_label	3904	10176	1	Runtime shop/travel enrichment and simple labels may make this intentional
generic_catalog_details	poi_004842	Lumbridge	region_label	3239	3234	0	Runtime shop/travel enrichment and simple labels may make this intentional
generic_catalog_details	poi_004843	Varrock	region_label	3211	3450	0	Runtime shop/travel enrichment and simple labels may make this intentional
generic_catalog_details	poi_004844	Kingdom of Misthalin	region_label	3217	3321	0	Runtime shop/travel enrichment and simple labels may make this intentional
generic_catalog_details	poi_004845	Al Kharid	region_label	3313	3171	0	Runtime shop/travel enrichment and simple labels may make this intentional
generic_catalog_details	poi_004846	Emir's Arena	region_label	3358	3237	0	Runtime shop/travel enrichment and simple labels may make this intentional
generic_catalog_details	poi_004847	Shantay Pass	region_label	3304	3126	0	Runtime shop/travel enrichment and simple labels may make this intentional
generic_catalog_details	poi_004848	Toll Gate	region_label	3275	3227	0	Runtime shop/travel enrichment and simple labels may make this intentional
generic_catalog_details	poi_004849	Tutorial Island	region_label	3105	3099	0	Runtime shop/travel enrichment and simple labels may make this intentional
generic_catalog_details	poi_004850	Port Sarim	region_label	3047	3221	0	Runtime shop/travel enrichment and simple labels may make this intentional
generic_catalog_details	poi_004851	Falador	region_label	2989	3355	0	Runtime shop/travel enrichment and simple labels may make this intentional
generic_catalog_details	poi_004852	Edgeville	region_label	3098	3488	0	Runtime shop/travel enrichment and simple labels may make this intentional
generic_catalog_details	poi_004853	Brimhaven	region_label	2779	3174	0	Runtime shop/travel enrichment and simple labels may make this intentional
generic_catalog_details	poi_004854	Karamja	region_label	2860	3059	0	Runtime shop/travel enrichment and simple labels may make this intentional
generic_catalog_details	poi_004855	Crandor	region_label	2839	3271	0	Runtime shop/travel enrichment and simple labels may make this intentional
generic_catalog_details	poi_004856	Entrana	region_label	2850	3379	0	Runtime shop/travel enrichment and simple labels may make this intentional
generic_catalog_details	poi_004857	Draynor Village	region_label	3120	3267	0	Runtime shop/travel enrichment and simple labels may make this intentional
generic_catalog_details	poi_004858	Jail	region_label	3126	3244	0	Runtime shop/travel enrichment and simple labels may make this intentional
generic_catalog_details	poi_004859	Market	region_label	3080	3250	0	Runtime shop/travel enrichment and simple labels may make this intentional
generic_catalog_details	poi_004860	Draynor Manor	region_label	3108	3345	0	Runtime shop/travel enrichment and simple labels may make this intentional
generic_catalog_details	poi_004861	Barbarian Village	region_label	3063	3416	0	Runtime shop/travel enrichment and simple labels may make this intentional
generic_catalog_details	poi_004862	Desert Mining Camp	region_label	3291	3022	0	Runtime shop/travel enrichment and simple labels may make this intentional
generic_catalog_details	poi_004863	Bedabin Camp	region_label	3170	3038	0	Runtime shop/travel enrichment and simple labels may make this intentional
generic_catalog_details	poi_004864	Exam Centre	region_label	3361	3345	0	Runtime shop/travel enrichment and simple labels may make this intentional
generic_catalog_details	poi_004865	Digsite	region_label	3365	3419	0	Runtime shop/travel enrichment and simple labels may make this intentional
generic_catalog_details	poi_004866	Lumber Yard	region_label	3308	3507	0	Runtime shop/travel enrichment and simple labels may make this intentional
generic_catalog_details	poi_004867	Palace	region_label	3213	3483	0	Runtime shop/travel enrichment and simple labels may make this intentional
generic_catalog_details	poi_004868	Grand Exchange	region_label	3168	3477	0	Runtime shop/travel enrichment and simple labels may make this intentional
generic_catalog_details	poi_004869	Cooks' Guild	region_label	3137	3437	0	Runtime shop/travel enrichment and simple labels may make this intentional
generic_catalog_details	poi_004870	Monastery	region_label	3052	3477	0	Runtime shop/travel enrichment and simple labels may make this intentional
generic_catalog_details	poi_004871	Dwarven Mine	region_label	3016	3441	0	Runtime shop/travel enrichment and simple labels may make this intentional
generic_catalog_details	poi_004872	Ice Mountain	region_label	3009	3487	0	Runtime shop/travel enrichment and simple labels may make this intentional
generic_catalog_details	poi_004873	Black Knights' Fortress	region_label	3018	3522	0	Runtime shop/travel enrichment and simple labels may make this intentional
generic_catalog_details	poi_004874	Goblin Village	region_label	2963	3502	0	Runtime shop/travel enrichment and simple labels may make this intentional
generic_catalog_details	poi_004875	White Knights' Castle	region_label	2961	3345	0	Runtime shop/travel enrichment and simple labels may make this intentional
generic_catalog_details	poi_004876	Park	region_label	3005	3379	0	Runtime shop/travel enrichment and simple labels may make this intentional
generic_catalog_details	poi_004877	Mining Guild	region_label	3020	3344	0	Runtime shop/travel enrichment and simple labels may make this intentional
generic_catalog_details	poi_004878	Kingdom of Asgarnia	region_label	2988	3412	0	Runtime shop/travel enrichment and simple labels may make this intentional
generic_catalog_details	poi_004879	Dark Wizards' Tower	region_label	2907	3336	0	Runtime shop/travel enrichment and simple labels may make this intentional
generic_catalog_details	poi_004880	Slayer Tower	region_label	3429	3555	0	Runtime shop/travel enrichment and simple labels may make this intentional
generic_catalog_details	poi_004881	Melzar's Maze	region_label	2937	3248	0	Runtime shop/travel enrichment and simple labels may make this intentional
generic_catalog_details	poi_004882	Rimmington	region_label	2960	3222	0	Runtime shop/travel enrichment and simple labels may make this intentional
generic_catalog_details	poi_004883	Wizards' Tower	region_label	3112	3153	0	Runtime shop/travel enrichment and simple labels may make this intentional
generic_catalog_details	poi_004884	Lumbridge Swamp	region_label	3195	3183	0	Runtime shop/travel enrichment and simple labels may make this intentional
generic_catalog_details	poi_004885	Fishing Platform	region_label	2776	3288	0	Runtime shop/travel enrichment and simple labels may make this intentional
generic_catalog_details	poi_004886	Tai Bwo Wannai	region_label	2794	3066	0	Runtime shop/travel enrichment and simple labels may make this intentional
generic_catalog_details	poi_004887	Shilo Village	region_label	2849	2986	0	Runtime shop/travel enrichment and simple labels may make this intentional
generic_catalog_details	poi_004888	Shipyard	region_label	2990	3055	0	Runtime shop/travel enrichment and simple labels may make this intentional
generic_catalog_details	poi_004889	Cairn Isle	region_label	2764	2979	0	Runtime shop/travel enrichment and simple labels may make this intentional
generic_catalog_details	poi_004890	Kharazi Jungle	region_label	2844	2923	0	Runtime shop/travel enrichment and simple labels may make this intentional
generic_catalog_details	poi_004891	Chaos Temple	region_label	3238	3610	0	Runtime shop/travel enrichment and simple labels may make this intentional
generic_catalog_details	poi_004892	Graveyard of Shadows	region_label	3167	3673	0	Runtime shop/travel enrichment and simple labels may make this intentional
generic_catalog_details	poi_004893	Bandit Camp	region_label	3036	3689	0	Runtime shop/travel enrichment and simple labels may make this intentional
generic_catalog_details	poi_004894	Dark Warriors' Fortress	region_label	3030	3633	0	Runtime shop/travel enrichment and simple labels may make this intentional
generic_catalog_details	poi_004895	Ruins	region_label	2966	3697	0	Runtime shop/travel enrichment and simple labels may make this intentional
generic_catalog_details	poi_004896	The Forgotten Cemetery	region_label	2977	3753	0	Runtime shop/travel enrichment and simple labels may make this intentional
generic_catalog_details	poi_004897	Ruins	region_label	3164	3735	0	Runtime shop/travel enrichment and simple labels may make this intentional
generic_catalog_details	poi_004898	Bone Yard	region_label	3246	3746	0	Runtime shop/travel enrichment and simple labels may make this intentional
generic_catalog_details	poi_004899	Lava Dragon Isle	region_label	3199	3824	0	Runtime shop/travel enrichment and simple labels may make this intentional
generic_catalog_details	poi_004900	Wilderness	region_label	3144	3781	0	Runtime shop/travel enrichment and simple labels may make this intentional
generic_catalog_details	poi_004901	Lava Maze	region_label	3079	3848	0	Runtime shop/travel enrichment and simple labels may make this intentional
generic_catalog_details	poi_004902	Frozen Waste Plateau	region_label	2972	3919	0	Runtime shop/travel enrichment and simple labels may make this intentional
generic_catalog_details	poi_004903	Pirates' Hideout	region_label	3043	3948	0	Runtime shop/travel enrichment and simple labels may make this intentional
generic_catalog_details	poi_004905	Deserted Keep	region_label	3149	3941	0	Runtime shop/travel enrichment and simple labels may make this intentional
generic_catalog_details	poi_004906	Resource Area	region_label	3187	3936	0	Runtime shop/travel enrichment and simple labels may make this intentional
generic_catalog_details	poi_004907	Scorpion Pit	region_label	3236	3945	0	Runtime shop/travel enrichment and simple labels may make this intentional
generic_catalog_details	poi_004908	Rogues' Castle	region_label	3286	3931	0	Runtime shop/travel enrichment and simple labels may make this intentional
generic_catalog_details	poi_004909	Demonic Ruins	region_label	3293	3884	0	Runtime shop/travel enrichment and simple labels may make this intentional
generic_catalog_details	poi_004910	Fountain of Rune	region_label	3379	3893	0	Runtime shop/travel enrichment and simple labels may make this intentional
generic_catalog_details	poi_004911	Chaos Temple	region_label	2934	3526	0	Runtime shop/travel enrichment and simple labels may make this intentional
generic_catalog_details	poi_004912	Heroes' Guild	region_label	2894	3501	0	Runtime shop/travel enrichment and simple labels may make this intentional
generic_catalog_details	poi_004913	Druids' Circle	region_label	2925	3473	0	Runtime shop/travel enrichment and simple labels may make this intentional
generic_catalog_details	poi_004914	Taverley	region_label	2900	3458	0	Runtime shop/travel enrichment and simple labels may make this intentional
generic_catalog_details	poi_004915	White Wolf Mountain	region_label	2849	3492	0	Runtime shop/travel enrichment and simple labels may make this intentional
generic_catalog_details	poi_004916	Catherby	region_label	2836	3457	0	Runtime shop/travel enrichment and simple labels may make this intentional
generic_catalog_details	poi_004917	Camelot Castle	region_label	2763	3505	0	Runtime shop/travel enrichment and simple labels may make this intentional
generic_catalog_details	poi_004918	Seers' Village	region_label	2692	3489	0	Runtime shop/travel enrichment and simple labels may make this intentional
generic_catalog_details	poi_004919	Sinclair Mansion	region_label	2741	3574	0	Runtime shop/travel enrichment and simple labels may make this intentional
generic_catalog_details	poi_004920	Sorcerer's Tower	region_label	2713	3410	0	Runtime shop/travel enrichment and simple labels may make this intentional
generic_catalog_details	poi_004921	Keep Le Faye	region_label	2770	3399	0	Runtime shop/travel enrichment and simple labels may make this intentional
generic_catalog_details	poi_004923	Hemenster	region_label	2634	3426	0	Runtime shop/travel enrichment and simple labels may make this intentional
generic_catalog_details	poi_004924	McGrubor's Wood	region_label	2647	3480	0	Runtime shop/travel enrichment and simple labels may make this intentional
generic_catalog_details	poi_004925	Coal Trucks	region_label	2600	3491	0	Runtime shop/travel enrichment and simple labels may make this intentional
generic_catalog_details	poi_004926	Fishing Guild	region_label	2599	3401	0	Runtime shop/travel enrichment and simple labels may make this intentional
generic_catalog_details	poi_004927	Kingdom of Kandarin	region_label	2578	3370	0	Runtime shop/travel enrichment and simple labels may make this intentional
generic_catalog_details	poi_004928	East Ardougne	region_label	2597	3298	0	Runtime shop/travel enrichment and simple labels may make this intentional
generic_catalog_details	poi_004929	West Ardougne	region_label	2524	3308	0	Runtime shop/travel enrichment and simple labels may make this intentional
generic_catalog_details	poi_004930	Combat Training Camp	region_label	2519	3370	0	Runtime shop/travel enrichment and simple labels may make this intentional
generic_catalog_details	poi_004931	Tree Gnome Stronghold	region_label	2433	3454	0	Runtime shop/travel enrichment and simple labels may make this intentional
generic_catalog_details	poi_004932	Grand Tree	region_label	2469	3504	0	Runtime shop/travel enrichment and simple labels may make this intentional
generic_catalog_details	poi_004933	Gnomeball Field	region_label	2401	3487	0	Runtime shop/travel enrichment and simple labels may make this intentional
generic_catalog_details	poi_004934	Barbarian Outpost	region_label	2542	3558	0	Runtime shop/travel enrichment and simple labels may make this intentional
generic_catalog_details	poi_004936	Battlefield	region_label	2522	3232	0	Runtime shop/travel enrichment and simple labels may make this intentional
generic_catalog_details	poi_004937	Baxtorian Falls	region_label	2515	3462	0	Runtime shop/travel enrichment and simple labels may make this intentional
generic_catalog_details	poi_004938	Tree Gnome Village	region_label	2528	3174	0	Runtime shop/travel enrichment and simple labels may make this intentional
generic_catalog_details	poi_004939	Fight Arena	region_label	2594	3162	0	Runtime shop/travel enrichment and simple labels may make this intentional
generic_catalog_details	poi_004940	Port Khazard	region_label	2659	3189	0	Runtime shop/travel enrichment and simple labels may make this intentional
generic_catalog_details	poi_004941	Yanille	region_label	2549	3091	0	Runtime shop/travel enrichment and simple labels may make this intentional
generic_catalog_details	poi_004942	Wizards' Guild	region_label	2589	3077	0	Runtime shop/travel enrichment and simple labels may make this intentional
generic_catalog_details	poi_004943	Nightmare Zone	region_label	2608	3120	0	Runtime shop/travel enrichment and simple labels may make this intentional
generic_catalog_details	poi_004944	Observatory	region_label	2440	3151	0	Runtime shop/travel enrichment and simple labels may make this intentional
generic_catalog_details	poi_004945	Necromancer's Tower	region_label	2669	3243	0	Runtime shop/travel enrichment and simple labels may make this intentional
generic_catalog_details	poi_004946	Gu'Tanoth	region_label	2528	3046	0	Runtime shop/travel enrichment and simple labels may make this intentional
generic_catalog_details	poi_004947	Feldip Hills	region_label	2546	2950	0	Runtime shop/travel enrichment and simple labels may make this intentional
generic_catalog_details	poi_004948	Corsair Cove	region_label	2570	2858	0	Runtime shop/travel enrichment and simple labels may make this intentional
generic_catalog_details	poi_004949	Myths' Guild	region_label	2457	2848	0	Runtime shop/travel enrichment and simple labels may make this intentional
generic_catalog_details	poi_004950	Ardougne Zoo	region_label	2614	3273	0	Runtime shop/travel enrichment and simple labels may make this intentional
generic_catalog_details	poi_004951	Morytania	region_label	3552	3432	0	Runtime shop/travel enrichment and simple labels may make this intentional
generic_catalog_details	poi_004952	Mort Myre Swamp	region_label	3446	3385	0	Runtime shop/travel enrichment and simple labels may make this intentional
generic_catalog_details	poi_004953	Canifis	region_label	3491	3487	0	Runtime shop/travel enrichment and simple labels may make this intentional
generic_catalog_details	poi_004954	River Salve	region_label	3403	3437	0	Runtime shop/travel enrichment and simple labels may make this intentional
generic_catalog_details	poi_004955	River Lum	region_label	3167	3350	0	Runtime shop/travel enrichment and simple labels may make this intentional
generic_catalog_details	poi_004956	Silvarea	region_label	3362	3485	0	Runtime shop/travel enrichment and simple labels may make this intentional
generic_catalog_details	poi_004957	Paterdomus Temple	region_label	3414	3489	0	Runtime shop/travel enrichment and simple labels may make this intentional
generic_catalog_details	poi_004958	Agility Arena	region_label	2815	3193	0	Runtime shop/travel enrichment and simple labels may make this intentional
generic_catalog_details	poi_004959	Burthorpe	region_label	2895	3549	0	Runtime shop/travel enrichment and simple labels may make this intentional
generic_catalog_details	poi_004960	Death Plateau	region_label	2865	3592	0	Runtime shop/travel enrichment and simple labels may make this intentional
generic_catalog_details	poi_004961	Tirannwn	region_label	2240	3264	0	Runtime shop/travel enrichment and simple labels may make this intentional
generic_catalog_details	poi_004962	Isafdar	region_label	2243	3186	0	Runtime shop/travel enrichment and simple labels may make this intentional
generic_catalog_details	poi_004963	Arandar	region_label	2339	3295	0	Runtime shop/travel enrichment and simple labels may make this intentional
generic_catalog_details	poi_004964	Prifddinas	region_label	2240	3328	0	Runtime shop/travel enrichment and simple labels may make this intentional
generic_catalog_details	poi_004965	Tyras Camp	region_label	2180	3147	0	Runtime shop/travel enrichment and simple labels may make this intentional
generic_catalog_details	poi_004966	Iorwerth Camp	region_label	2196	3257	0	Runtime shop/travel enrichment and simple labels may make this intentional
generic_catalog_details	poi_004967	Trollheim	region_label	2892	3678	0	Runtime shop/travel enrichment and simple labels may make this intentional
generic_catalog_details	poi_004969	Mort'ton	region_label	3491	3281	0	Runtime shop/travel enrichment and simple labels may make this intentional
generic_catalog_details	poi_004970	The Hollows	region_label	3500	3384	0	Runtime shop/travel enrichment and simple labels may make this intentional
generic_catalog_details	poi_004971	Poison Waste	region_label	2241	3098	0	Runtime shop/travel enrichment and simple labels may make this intentional
generic_catalog_details	poi_004972	Castle Wars	region_label	2432	3111	0	Runtime shop/travel enrichment and simple labels may make this intentional
generic_catalog_details	poi_004973	Champions' Guild	region_label	3201	3354	0	Runtime shop/travel enrichment and simple labels may make this intentional
generic_catalog_details	poi_004974	Rellekka	region_label	2672	3681	0	Runtime shop/travel enrichment and simple labels may make this intentional
generic_catalog_details	poi_004975	Golden Apple Tree	region_label	2765	3608	0	Runtime shop/travel enrichment and simple labels may make this intentional
generic_catalog_details	poi_004976	Fremennik Province	region_label	2679	3646	0	Runtime shop/travel enrichment and simple labels may make this intentional
generic_catalog_details	poi_004977	Crafting Guild	region_label	2921	3282	0	Runtime shop/travel enrichment and simple labels may make this intentional
generic_catalog_details	poi_004978	Haunted Woods	region_label	3580	3488	0	Runtime shop/travel enrichment and simple labels may make this intentional
generic_catalog_details	poi_004979	Miscellania	region_label	2545	3879	0	Runtime shop/travel enrichment and simple labels may make this intentional
generic_catalog_details	poi_004980	Etceteria	region_label	2609	3874	0	Runtime shop/travel enrichment and simple labels may make this intentional
generic_catalog_details	poi_004981	Ape Atoll	region_label	2755	2755	0	Runtime shop/travel enrichment and simple labels may make this intentional
generic_catalog_details	poi_004982	Crash Island	region_label	2915	2723	0	Runtime shop/travel enrichment and simple labels may make this intentional
generic_catalog_details	poi_004983	Marim	region_label	2763	2784	0	Runtime shop/travel enrichment and simple labels may make this intentional
generic_catalog_details	poi_004984	Fenkenstrain's Castle	region_label	3551	3551	0	Runtime shop/travel enrichment and simple labels may make this intentional
generic_catalog_details	poi_004985	Mausoleum	region_label	3502	3572	0	Runtime shop/travel enrichment and simple labels may make this intentional
generic_catalog_details	poi_004986	Trollweiss Mountain	region_label	2782	3863	0	Runtime shop/travel enrichment and simple labels may make this intentional
generic_catalog_details	poi_004987	Abandoned Mine	region_label	3444	3243	0	Runtime shop/travel enrichment and simple labels may make this intentional
generic_catalog_details	poi_004988	Ruins of Uzer	region_label	3479	3098	0	Runtime shop/travel enrichment and simple labels may make this intentional
generic_catalog_details	poi_004989	River Elid	region_label	3371	3068	0	Runtime shop/travel enrichment and simple labels may make this intentional
generic_catalog_details	poi_004991	Pollnivneach	region_label	3356	2980	0	Runtime shop/travel enrichment and simple labels may make this intentional
generic_catalog_details	poi_004992	Bandit Camp	region_label	3175	2977	0	Runtime shop/travel enrichment and simple labels may make this intentional
generic_catalog_details	poi_004994	Menaphos	region_label	3211	2762	0	Runtime shop/travel enrichment and simple labels may make this intentional
generic_catalog_details	poi_004995	Sophanem	region_label	3298	2783	0	Runtime shop/travel enrichment and simple labels may make this intentional
generic_catalog_details	poi_004996	Jaleustrophos Pyramid	region_label	3365	2845	0	Runtime shop/travel enrichment and simple labels may make this intentional
generic_catalog_details	poi_004997	Graveyard	region_label	3569	3408	0	Runtime shop/travel enrichment and simple labels may make this intentional
generic_catalog_details	poi_004998	Port Phasmatys	region_label	3673	3487	0	Runtime shop/travel enrichment and simple labels may make this intentional
generic_catalog_details	poi_004999	Ectofuntus	region_label	3659	3520	0	Runtime shop/travel enrichment and simple labels may make this intentional
generic_catalog_details	poi_005000	Mountain Camp	region_label	2784	3670	0	Runtime shop/travel enrichment and simple labels may make this intentional
generic_catalog_details	poi_005001	Kharidian Desert	region_label	3311	2930	0	Runtime shop/travel enrichment and simple labels may make this intentional
generic_catalog_details	poi_005002	Ice path	region_label	2857	3809	0	Runtime shop/travel enrichment and simple labels may make this intentional
generic_catalog_details	poi_005004	Barrows	region_label	3566	3291	0	Runtime shop/travel enrichment and simple labels may make this intentional
generic_catalog_details	poi_005005	Jiggig	region_label	2464	3047	0	Runtime shop/travel enrichment and simple labels may make this intentional
generic_catalog_details	poi_005006	Mudskipper Point	region_label	2990	3118	0	Runtime shop/travel enrichment and simple labels may make this intentional
generic_catalog_details	poi_005007	Nardah	region_label	3429	2902	0	Runtime shop/travel enrichment and simple labels may make this intentional
generic_catalog_details	poi_005008	Mage Training Arena	region_label	3363	3303	0	Runtime shop/travel enrichment and simple labels may make this intentional
generic_catalog_details	poi_005009	Keldagrim Entrance	region_label	2728	3715	0	Runtime shop/travel enrichment and simple labels may make this intentional
generic_catalog_details	poi_005010	Waterbirth Island	region_label	2522	3756	0	Runtime shop/travel enrichment and simple labels may make this intentional
generic_catalog_details	poi_005011	Lletya	region_label	2346	3180	0	Runtime shop/travel enrichment and simple labels may make this intentional
generic_catalog_details	poi_005012	Burgh de Rott	region_label	3497	3219	0	Runtime shop/travel enrichment and simple labels may make this intentional
generic_catalog_details	poi_005013	Quarry	region_label	3172	2904	0	Runtime shop/travel enrichment and simple labels may make this intentional
generic_catalog_details	poi_005014	Outpost	region_label	2435	3355	0	Runtime shop/travel enrichment and simple labels may make this intentional
generic_catalog_details	poi_005015	Mos Le'Harmless	region_label	3725	3028	0	Runtime shop/travel enrichment and simple labels may make this intentional
generic_catalog_details	poi_005016	Trouble Brewing	region_label	3786	2998	0	Runtime shop/travel enrichment and simple labels may make this intentional
generic_catalog_details	poi_005017	Ranging Guild	region_label	2676	3436	0	Runtime shop/travel enrichment and simple labels may make this intentional
generic_catalog_details	poi_005018	Dragontooth Island	region_label	3808	3560	0	Runtime shop/travel enrichment and simple labels may make this intentional
generic_catalog_details	poi_005019	Piscatoris Fishing Colony	region_label	2345	3693	0	Runtime shop/travel enrichment and simple labels may make this intentional
generic_catalog_details	poi_005020	Here be penguins	region_label	2622	3988	0	Runtime shop/travel enrichment and simple labels may make this intentional
generic_catalog_details	poi_005021	Void Knights' Outpost	region_label	2636	2666	0	Runtime shop/travel enrichment and simple labels may make this intentional
generic_catalog_details	poi_005022	Lunar Isle	region_label	2141	3877	0	Runtime shop/travel enrichment and simple labels may make this intentional
generic_catalog_details	poi_005023	Pirates' Cove	region_label	2206	3815	0	Runtime shop/travel enrichment and simple labels may make this intentional
generic_catalog_details	poi_005024	Port Tyras	region_label	2155	3122	0	Runtime shop/travel enrichment and simple labels may make this intentional
generic_catalog_details	poi_005025	Castle Drakan	region_label	3553	3360	0	Runtime shop/travel enrichment and simple labels may make this intentional
generic_catalog_details	poi_005026	Darkmeyer	region_label	3626	3363	0	Runtime shop/travel enrichment and simple labels may make this intentional
generic_catalog_details	poi_005027	Meiyerditch	region_label	3619	3263	0	Runtime shop/travel enrichment and simple labels may make this intentional
generic_catalog_details	poi_005028	Witchaven	region_label	2710	3291	0	Runtime shop/travel enrichment and simple labels may make this intentional
generic_catalog_details	poi_005029	Warriors' Guild	region_label	2854	3564	0	Runtime shop/travel enrichment and simple labels may make this intentional
generic_catalog_details	poi_005030	Musa Point	region_label	2914	3161	0	Runtime shop/travel enrichment and simple labels may make this intentional
generic_catalog_details	poi_005031	Eagles' Peak	region_label	2337	3486	0	Runtime shop/travel enrichment and simple labels may make this intentional
generic_catalog_details	poi_005032	Barbarian Assault	region_label	2525	3581	0	Runtime shop/travel enrichment and simple labels may make this intentional
generic_catalog_details	poi_005033	Iceberg	region_label	2681	4048	0	Runtime shop/travel enrichment and simple labels may make this intentional
generic_catalog_details	poi_005034	Pest Control	region_label	2656	2587	0	Runtime shop/travel enrichment and simple labels may make this intentional
generic_catalog_details	poi_005035	Neitiznot	region_label	2320	3821	0	Runtime shop/travel enrichment and simple labels may make this intentional
generic_catalog_details	poi_005036	Jatizso	region_label	2392	3822	0	Runtime shop/travel enrichment and simple labels may make this intentional
generic_catalog_details	poi_005037	Fremennik Isles	region_label	2367	3879	0	Runtime shop/travel enrichment and simple labels may make this intentional
generic_catalog_details	poi_005038	Clock Tower	region_label	2573	3242	0	Runtime shop/travel enrichment and simple labels may make this intentional
generic_catalog_details	poi_005039	Monastery	region_label	2603	3218	0	Runtime shop/travel enrichment and simple labels may make this intentional
generic_catalog_details	poi_005040	Harmony	region_label	3808	2863	0	Runtime shop/travel enrichment and simple labels may make this intentional
generic_catalog_details	poi_005041	Otto's Grotto	region_label	2502	3489	0	Runtime shop/travel enrichment and simple labels may make this intentional
generic_catalog_details	poi_005042	Clan Wars	region_label	3129	3623	0	Runtime shop/travel enrichment and simple labels may make this intentional
generic_catalog_details	poi_005043	Last Man Standing	region_label	3142	3644	0	Runtime shop/travel enrichment and simple labels may make this intentional
generic_catalog_details	poi_005044	Zul-Andra	region_label	2201	3068	0	Runtime shop/travel enrichment and simple labels may make this intentional
generic_catalog_details	poi_005045	Zulrah's shrine	region_label	2270	3074	0	Runtime shop/travel enrichment and simple labels may make this intentional
generic_catalog_details	poi_005046	Kingdom of Great Kourend	region_label	1600	3700	0	Runtime shop/travel enrichment and simple labels may make this intentional
generic_catalog_details	poi_005047	Arceuus	region_label	1678	3752	0	Runtime shop/travel enrichment and simple labels may make this intentional
generic_catalog_details	poi_005048	Hosidius	region_label	1750	3607	0	Runtime shop/travel enrichment and simple labels may make this intentional
generic_catalog_details	poi_005049	Lovakengj	region_label	1503	3798	0	Runtime shop/travel enrichment and simple labels may make this intentional
generic_catalog_details	poi_005050	Port Piscarilius	region_label	1824	3704	0	Runtime shop/travel enrichment and simple labels may make this intentional
generic_catalog_details	poi_005051	Shayzien	region_label	1536	3552	0	Runtime shop/travel enrichment and simple labels may make this intentional
generic_catalog_details	poi_005052	Library	region_label	1624	3826	0	Runtime shop/travel enrichment and simple labels may make this intentional
generic_catalog_details	poi_005053	Dark Altar	region_label	1696	3880	0	Runtime shop/travel enrichment and simple labels may make this intentional
generic_catalog_details	poi_005054	Sulphur Mine	region_label	1446	3885	0	Runtime shop/travel enrichment and simple labels may make this intentional
generic_catalog_details	poi_005055	Blast Mine	region_label	1496	3846	0	Runtime shop/travel enrichment and simple labels may make this intentional
generic_catalog_details	poi_005056	Lovakite Mine	region_label	1428	3840	0	Runtime shop/travel enrichment and simple labels may make this intentional
generic_catalog_details	poi_005057	Tower of Magic	region_label	1573	3822	0	Runtime shop/travel enrichment and simple labels may make this intentional
generic_catalog_details	poi_005058	Mess	region_label	1640	3626	0	Runtime shop/travel enrichment and simple labels may make this intentional
generic_catalog_details	poi_005059	Saltpetre	region_label	1702	3520	0	Runtime shop/travel enrichment and simple labels may make this intentional
generic_catalog_details	poi_005060	Tithe Farm	region_label	1806	3507	0	Runtime shop/travel enrichment and simple labels may make this intentional
generic_catalog_details	poi_005061	Charcoal Burners	region_label	1718	3470	0	Runtime shop/travel enrichment and simple labels may make this intentional
generic_catalog_details	poi_005062	Infirmary	region_label	1509	3617	0	Runtime shop/travel enrichment and simple labels may make this intentional
generic_catalog_details	poi_005063	Lizardman Canyon	region_label	1503	3707	0	Runtime shop/travel enrichment and simple labels may make this intentional
generic_catalog_details	poi_005064	Combat Ring	region_label	1546	3633	0	Runtime shop/travel enrichment and simple labels may make this intentional
generic_catalog_details	poi_005065	Graveyard of Heroes	region_label	1495	3561	0	Runtime shop/travel enrichment and simple labels may make this intentional
generic_catalog_details	poi_005066	Shamans	region_label	1435	3710	0	Runtime shop/travel enrichment and simple labels may make this intentional
generic_catalog_details	poi_005067	Vinery	region_label	1808	3560	0	Runtime shop/travel enrichment and simple labels may make this intentional
generic_catalog_details	poi_005068	Woodcutting Guild	region_label	1613	3490	0	Runtime shop/travel enrichment and simple labels may make this intentional
generic_catalog_details	poi_005069	Doors of Dinh	region_label	1630	3968	0	Runtime shop/travel enrichment and simple labels may make this intentional
generic_catalog_details	poi_005070	The Wintertodt	region_label	1630	4011	0	Runtime shop/travel enrichment and simple labels may make this intentional
generic_catalog_details	poi_005071	Settlement Ruins	region_label	1558	3892	0	Runtime shop/travel enrichment and simple labels may make this intentional
generic_catalog_details	poi_005072	Fishing Hamlet	region_label	1696	3936	0	Runtime shop/travel enrichment and simple labels may make this intentional
generic_catalog_details	poi_005073	Land's End	region_label	1510	3434	0	Runtime shop/travel enrichment and simple labels may make this intentional
generic_catalog_details	poi_005074	Xeric's Look out	region_label	1580	3530	0	Runtime shop/travel enrichment and simple labels may make this intentional
generic_catalog_details	poi_005075	Kourend Woodland	region_label	1553	3456	0	Runtime shop/travel enrichment and simple labels may make this intentional
generic_catalog_details	poi_005076	Unmarked Grave	region_label	1570	3940	0	Runtime shop/travel enrichment and simple labels may make this intentional
generic_catalog_details	poi_005077	Crabclaw Isle	region_label	1760	3424	0	Runtime shop/travel enrichment and simple labels may make this intentional
generic_catalog_details	poi_005078	Shayziens' Wall	region_label	1395	3539	0	Runtime shop/travel enrichment and simple labels may make this intentional
generic_catalog_details	poi_005079	Lacerta Falls	region_label	1381	3470	0	Runtime shop/travel enrichment and simple labels may make this intentional
generic_catalog_details	poi_005080	Xeric's Shrine	region_label	1311	3618	0	Runtime shop/travel enrichment and simple labels may make this intentional
generic_catalog_details	poi_005081	Lizardman Settlement	region_label	1308	3548	0	Runtime shop/travel enrichment and simple labels may make this intentional
generic_catalog_details	poi_005082	Mount Quidamortem	region_label	1248	3552	0	Runtime shop/travel enrichment and simple labels may make this intentional
generic_catalog_details	poi_005083	Chasm of Fire	region_label	1445	3679	0	Runtime shop/travel enrichment and simple labels may make this intentional
generic_catalog_details	poi_005084	Fossil Island	region_label	3721	3781	0	Runtime shop/travel enrichment and simple labels may make this intentional
generic_catalog_details	poi_005085	Museum Camp	region_label	3730	3821	0	Runtime shop/travel enrichment and simple labels may make this intentional
generic_catalog_details	poi_005086	Tar Swamp	region_label	3680	3781	0	Runtime shop/travel enrichment and simple labels may make this intentional
generic_catalog_details	poi_005087	Mushroom Forest	region_label	3690	3861	0	Runtime shop/travel enrichment and simple labels may make this intentional
generic_catalog_details	poi_005088	House on the Hill	region_label	3780	3871	0	Runtime shop/travel enrichment and simple labels may make this intentional
generic_catalog_details	poi_005089	Volcano	region_label	3780	3781	0	Runtime shop/travel enrichment and simple labels may make this intentional
generic_catalog_details	poi_005090	Shayzien Encampment	region_label	1510	3664	0	Runtime shop/travel enrichment and simple labels may make this intentional
generic_catalog_details	poi_005091	Ungael	region_label	2272	4066	0	Runtime shop/travel enrichment and simple labels may make this intentional
generic_catalog_details	poi_005092	Lithkren	region_label	3567	4003	0	Runtime shop/travel enrichment and simple labels may make this intentional
generic_catalog_details	poi_005093	War Tent	region_label	1488	3636	0	Runtime shop/travel enrichment and simple labels may make this intentional
generic_catalog_details	poi_005094	Foodhall	region_label	1842	3748	0	Runtime shop/travel enrichment and simple labels may make this intentional
generic_catalog_details	poi_005095	Kourend Castle	region_label	1626	3676	0	Runtime shop/travel enrichment and simple labels may make this intentional
generic_catalog_details	poi_005096	Kebos Lowlands	region_label	1265	3649	0	Runtime shop/travel enrichment and simple labels may make this intentional
generic_catalog_details	poi_005097	Slepe	region_label	3718	3330	0	Runtime shop/travel enrichment and simple labels may make this intentional
generic_catalog_details	poi_005098	Ver Sinhaza	region_label	3662	3220	0	Runtime shop/travel enrichment and simple labels may make this intentional
generic_catalog_details	poi_005099	Crombwick Manor	region_label	3726	3360	0	Runtime shop/travel enrichment and simple labels may make this intentional
generic_catalog_details	poi_005100	Weiss	region_label	2878	3940	0	Runtime shop/travel enrichment and simple labels may make this intentional
generic_catalog_details	poi_005101	Lovakengj Assembly	region_label	1483	3758	0	Runtime shop/travel enrichment and simple labels may make this intentional
generic_catalog_details	poi_005102	The Forsaken Tower	region_label	1385	3830	0	Runtime shop/travel enrichment and simple labels may make this intentional
generic_catalog_details	poi_005103	Mount Karuulm	region_label	1311	3808	0	Runtime shop/travel enrichment and simple labels may make this intentional
generic_catalog_details	poi_005104	Farming Guild	region_label	1249	3739	0	Runtime shop/travel enrichment and simple labels may make this intentional
generic_catalog_details	poi_005105	Battlefront	region_label	1368	3718	0	Runtime shop/travel enrichment and simple labels may make this intentional
generic_catalog_details	poi_005106	Molch	region_label	1312	3670	0	Runtime shop/travel enrichment and simple labels may make this intentional
generic_catalog_details	poi_005107	Kebos Swamp	region_label	1255	3622	0	Runtime shop/travel enrichment and simple labels may make this intentional
generic_catalog_details	poi_005108	Lake Molch	region_label	1374	3650	0	Runtime shop/travel enrichment and simple labels may make this intentional
generic_catalog_details	poi_005109	River Molch	region_label	1260	3672	0	Runtime shop/travel enrichment and simple labels may make this intentional
generic_catalog_details	poi_005110	Forthos Ruin	region_label	1675	3575	0	Runtime shop/travel enrichment and simple labels may make this intentional
generic_catalog_details	poi_005111	Kingstown	region_label	1668	3675	0	Runtime shop/travel enrichment and simple labels may make this intentional
generic_catalog_details	poi_005112	Larran's Chest	region_label	3279	3659	0	Runtime shop/travel enrichment and simple labels may make this intentional
generic_catalog_details	poi_005113	Larran's Chest	region_label	3019	3959	0	Runtime shop/travel enrichment and simple labels may make this intentional
generic_catalog_details	poi_005114	River Dougne	region_label	2540	3398	0	Runtime shop/travel enrichment and simple labels may make this intentional
generic_catalog_details	poi_005115	River Hos	region_label	1615	3594	0	Runtime shop/travel enrichment and simple labels may make this intentional
generic_catalog_details	poi_005116	Gwenith	region_label	2199	3409	0	Runtime shop/travel enrichment and simple labels may make this intentional
generic_catalog_details	poi_005117	Island of Stone	region_label	2467	4011	0	Runtime shop/travel enrichment and simple labels may make this intentional
generic_catalog_details	poi_005118	Icyene Graveyard	region_label	3697	3188	0	Runtime shop/travel enrichment and simple labels may make this intentional
generic_catalog_details	poi_005119	Ferox Enclave	region_label	3151	3635	0	Runtime shop/travel enrichment and simple labels may make this intentional
generic_catalog_details	poi_005120	Citharede Abbey	region_label	3413	3182	0	Runtime shop/travel enrichment and simple labels may make this intentional
generic_catalog_details	poi_005121	South Falador Farm	region_label	3038	3294	0	Runtime shop/travel enrichment and simple labels may make this intentional
generic_catalog_details	poi_005122	Isle of Souls	region_label	2209	2878	0	Runtime shop/travel enrichment and simple labels may make this intentional
generic_catalog_details	poi_005123	Soul Wars Arena	region_label	2207	2932	0	Runtime shop/travel enrichment and simple labels may make this intentional
generic_catalog_details	poi_005124	Soul Wars Lobby	region_label	2210	2851	0	Runtime shop/travel enrichment and simple labels may make this intentional
generic_catalog_details	poi_005125	Soul Obelisk	region_label	2207	2915	0	Runtime shop/travel enrichment and simple labels may make this intentional
generic_catalog_details	poi_005126	Western Graveyard	region_label	2163	2902	0	Runtime shop/travel enrichment and simple labels may make this intentional
generic_catalog_details	poi_005127	Eastern Graveyard	region_label	2254	2929	0	Runtime shop/travel enrichment and simple labels may make this intentional
generic_catalog_details	poi_005128	Blue Base	region_label	2128	2909	0	Runtime shop/travel enrichment and simple labels may make this intentional
generic_catalog_details	poi_005129	Red Base	region_label	2287	2919	0	Runtime shop/travel enrichment and simple labels may make this intentional
generic_catalog_details	poi_005130	Avatar of Creation	region_label	2127	2893	0	Runtime shop/travel enrichment and simple labels may make this intentional
generic_catalog_details	poi_005131	Avatar of Destruction	region_label	2287	2935	0	Runtime shop/travel enrichment and simple labels may make this intentional
generic_catalog_details	poi_005132	Ruins of Unkah	region_label	3171	2841	0	Runtime shop/travel enrichment and simple labels may make this intentional
generic_catalog_details	poi_005133	Sea Spirit Dock	region_label	3123	2839	0	Runtime shop/travel enrichment and simple labels may make this intentional
generic_catalog_details	poi_005134	Tempoross Cove	region_label	3015	2847	0	Runtime shop/travel enrichment and simple labels may make this intentional
generic_catalog_details	poi_005135	Giant Pit	region_label	1445	3615	0	Runtime shop/travel enrichment and simple labels may make this intentional
generic_catalog_details	poi_005136	Ruins of Morra	region_label	1449	3514	0	Runtime shop/travel enrichment and simple labels may make this intentional
generic_catalog_details	poi_005137	Shayzia Ruin	region_label	1583	3602	0	Runtime shop/travel enrichment and simple labels may make this intentional
generic_catalog_details	poi_005138	Northern Tundras	region_label	1630	3930	0	Runtime shop/travel enrichment and simple labels may make this intentional
generic_catalog_details	poi_005139	River of Souls	region_label	1842	3892	0	Runtime shop/travel enrichment and simple labels may make this intentional
generic_catalog_details	poi_005140	The Node	region_label	3109	3025	0	Runtime shop/travel enrichment and simple labels may make this intentional
generic_catalog_details	poi_005141	Ruins of Ullek	region_label	3413	2832	0	Runtime shop/travel enrichment and simple labels may make this intentional
generic_catalog_details	poi_005142	Necropolis	region_label	3335	2730	0	Runtime shop/travel enrichment and simple labels may make this intentional
generic_catalog_details	poi_005143	Giants' Plateau	region_label	3376	3164	0	Runtime shop/travel enrichment and simple labels may make this intentional
generic_catalog_details	poi_005144	Piscatoris	region_label	2331	3604	0	Runtime shop/travel enrichment and simple labels may make this intentional
generic_catalog_details	poi_005145	Troll Country	region_label	2846	3736	0	Runtime shop/travel enrichment and simple labels may make this intentional
generic_catalog_details	poi_005146	Ancient Vault	region_label	3512	2973	0	Runtime shop/travel enrichment and simple labels may make this intentional
generic_catalog_details	poi_005147	Uzer Oasis	region_label	3489	3043	0	Runtime shop/travel enrichment and simple labels may make this intentional
generic_catalog_details	poi_005148	Jalsavrah Pyramid	region_label	3288	2798	0	Runtime shop/travel enrichment and simple labels may make this intentional
generic_catalog_details	poi_005149	Jaltevas Pyramid	region_label	3365	2705	0	Runtime shop/travel enrichment and simple labels may make this intentional
generic_catalog_details	poi_005150	Daimon's Crater	region_label	3424	4088	0	Runtime shop/travel enrichment and simple labels may make this intentional
generic_catalog_details	poi_005151	Frozen Temple	region_label	3424	4121	0	Runtime shop/travel enrichment and simple labels may make this intentional
generic_catalog_details	poi_005152	Huntsman's Wood	region_label	3382	4053	0	Runtime shop/travel enrichment and simple labels may make this intentional
generic_catalog_details	poi_005153	Tower of Bounty	region_label	3473	4036	0	Runtime shop/travel enrichment and simple labels may make this intentional
generic_catalog_details	poi_005154	Bounty Hunter	region_label	3141	3623	0	Runtime shop/travel enrichment and simple labels may make this intentional
generic_catalog_details	poi_005155	The Stranglewood	region_label	1155	3391	0	Runtime shop/travel enrichment and simple labels may make this intentional
generic_catalog_details	poi_005156	Temple	region_label	1175	3430	0	Runtime shop/travel enrichment and simple labels may make this intentional
generic_catalog_details	poi_005157	Ritual Site	region_label	1130	3420	0	Runtime shop/travel enrichment and simple labels may make this intentional
generic_catalog_details	poi_005158	Party Room	region_label	3046	3380	0	Runtime shop/travel enrichment and simple labels may make this intentional
generic_catalog_details	poi_005159	Kingdom of Varlamore	region_label	1510	3195	0	Runtime shop/travel enrichment and simple labels may make this intentional
generic_catalog_details	poi_005160	Civitas illa Fortis	region_label	1713	3127	0	Runtime shop/travel enrichment and simple labels may make this intentional
generic_catalog_details	poi_005161	Avium Savannah	region_label	1618	3020	0	Runtime shop/travel enrichment and simple labels may make this intentional
generic_catalog_details	poi_005162	Ralos' Rise	region_label	1445	3164	0	Runtime shop/travel enrichment and simple labels may make this intentional
generic_catalog_details	poi_005163	Sunset Coast	region_label	1516	2990	0	Runtime shop/travel enrichment and simple labels may make this intentional
generic_catalog_details	poi_005164	Fortis Colosseum	region_label	1825	3109	0	Runtime shop/travel enrichment and simple labels may make this intentional
generic_catalog_details	poi_005165	Fortis Cothon	region_label	1760	3146	0	Runtime shop/travel enrichment and simple labels may make this intentional
generic_catalog_details	poi_005166	Park	region_label	1737	3105	0	Runtime shop/travel enrichment and simple labels may make this intentional
generic_catalog_details	poi_005167	Bazaar	region_label	1681	3108	0	Runtime shop/travel enrichment and simple labels may make this intentional
generic_catalog_details	poi_005168	Sunrise Palace	region_label	1681	3166	0	Runtime shop/travel enrichment and simple labels may make this intentional
generic_catalog_details	poi_005169	Grand Museum	region_label	1713	3165	0	Runtime shop/travel enrichment and simple labels may make this intentional
generic_catalog_details	poi_005170	Kualti Headquarters	region_label	1645	3150	0	Runtime shop/travel enrichment and simple labels may make this intentional
generic_catalog_details	poi_005171	Outer Fortis	region_label	1707	3064	0	Runtime shop/travel enrichment and simple labels may make this intentional
generic_catalog_details	poi_005172	Fortis Aqueduct	region_label	1562	3154	0	Runtime shop/travel enrichment and simple labels may make this intentional
generic_catalog_details	poi_005173	Ortus Farm	region_label	1570	3127	0	Runtime shop/travel enrichment and simple labels may make this intentional
generic_catalog_details	poi_005174	The Teomat	region_label	1450	3190	0	Runtime shop/travel enrichment and simple labels may make this intentional
generic_catalog_details	poi_005175	Cam Torum Entrance	region_label	1436	3124	0	Runtime shop/travel enrichment and simple labels may make this intentional
generic_catalog_details	poi_005176	Hunter Guild	region_label	1558	3048	0	Runtime shop/travel enrichment and simple labels may make this intentional
generic_catalog_details	poi_005177	Locus Oasis	region_label	1686	2991	0	Runtime shop/travel enrichment and simple labels may make this intentional
generic_catalog_details	poi_005178	Stonecutter Outpost	region_label	1740	2969	0	Runtime shop/travel enrichment and simple labels may make this intentional
generic_catalog_details	poi_005179	Colossal Wyrm Remains	region_label	1640	2921	0	Runtime shop/travel enrichment and simple labels may make this intentional
generic_catalog_details	poi_005180	River Varla	region_label	1375	3117	0	Runtime shop/travel enrichment and simple labels may make this intentional
generic_catalog_details	poi_005181	River Ortus	region_label	1624	3200	0	Runtime shop/travel enrichment and simple labels may make this intentional
generic_catalog_details	poi_005182	Aldarin	region_label	1391	2942	0	Runtime shop/travel enrichment and simple labels may make this intentional
generic_catalog_details	poi_005183	Mistrock	region_label	1384	2866	0	Runtime shop/travel enrichment and simple labels may make this intentional
generic_catalog_details	poi_005184	Quetzacalli Gorge	region_label	1506	3241	0	Runtime shop/travel enrichment and simple labels may make this intentional
generic_catalog_details	poi_005185	The Proudspire	region_label	1570	3241	0	Runtime shop/travel enrichment and simple labels may make this intentional
generic_catalog_details	poi_005186	The Darkfrost	region_label	1512	3288	0	Runtime shop/travel enrichment and simple labels may make this intentional
generic_catalog_details	poi_005187	Mons Gratia	region_label	1442	3250	0	Runtime shop/travel enrichment and simple labels may make this intentional
generic_catalog_details	poi_005188	Salvager Overlook	region_label	1635	3296	0	Runtime shop/travel enrichment and simple labels may make this intentional
generic_catalog_details	poi_005189	Moonrise Brewery and Winery	region_label	1360	2922	0	Runtime shop/travel enrichment and simple labels may make this intentional
generic_catalog_details	poi_005190	Twilight Temple	region_label	1697	3257	0	Runtime shop/travel enrichment and simple labels may make this intentional
generic_catalog_details	poi_005191	Tower of Ascension	region_label	1641	3225	0	Runtime shop/travel enrichment and simple labels may make this intentional
generic_catalog_details	poi_005192	Shipwreck Cove	region_label	1572	3311	0	Runtime shop/travel enrichment and simple labels may make this intentional
generic_catalog_details	poi_005193	Darkmoon Ravine	region_label	1311	2920	0	Runtime shop/travel enrichment and simple labels may make this intentional
generic_catalog_details	poi_005194	Villa Lucens	region_label	1448	2933	0	Runtime shop/travel enrichment and simple labels may make this intentional
generic_catalog_details	poi_005198	Hunter's End	region_label	3116	3675	0	Runtime shop/travel enrichment and simple labels may make this intentional
generic_catalog_details	poi_005199	Web Chasm	region_label	3184	3743	0	Runtime shop/travel enrichment and simple labels may make this intentional
generic_catalog_details	poi_005200	Skeletal Tomb	region_label	3181	3682	0	Runtime shop/travel enrichment and simple labels may make this intentional
generic_catalog_details	poi_005201	Tempestus	region_label	1284	3256	0	Runtime shop/travel enrichment and simple labels may make this intentional
generic_catalog_details	poi_005202	Tal Teklan	region_label	1220	3113	0	Runtime shop/travel enrichment and simple labels may make this intentional
generic_catalog_details	poi_005203	Kastori	region_label	1372	3044	0	Runtime shop/travel enrichment and simple labels may make this intentional
generic_catalog_details	poi_005204	Tlati Rainforest	region_label	1302	3098	0	Runtime shop/travel enrichment and simple labels may make this intentional
generic_catalog_details	poi_005205	Auburnvale	region_label	1405	3363	0	Runtime shop/travel enrichment and simple labels may make this intentional
generic_catalog_details	poi_005206	Auburn Valley	region_label	1417	3320	0	Runtime shop/travel enrichment and simple labels may make this intentional
generic_catalog_details	poi_005207	Custodia Mountains	region_label	1272	3414	0	Runtime shop/travel enrichment and simple labels may make this intentional
generic_catalog_details	poi_005208	Custodia Pass	region_label	1268	3360	0	Runtime shop/travel enrichment and simple labels may make this intentional
generic_catalog_details	poi_005209	Gloomthorn Trail	region_label	1378	3234	0	Runtime shop/travel enrichment and simple labels may make this intentional
generic_catalog_details	poi_005210	Nemus Retreat	region_label	1373	3313	0	Runtime shop/travel enrichment and simple labels may make this intentional
generic_catalog_details	poi_005211	Tal Teok	region_label	1248	3169	0	Runtime shop/travel enrichment and simple labels may make this intentional
generic_catalog_details	poi_005212	Yanille Chain	region_label	2664	3102	0	Runtime shop/travel enrichment and simple labels may make this intentional
generic_catalog_details	poi_005213	River Shilo	region_label	2814	2972	0	Runtime shop/travel enrichment and simple labels may make this intentional
generic_catalog_details	poi_005214	River Amja	region_label	2914	3032	0	Runtime shop/travel enrichment and simple labels may make this intentional
generic_catalog_details	poi_005215	Musa Passage	region_label	2855	3133	0	Runtime shop/travel enrichment and simple labels may make this intentional
generic_catalog_details	poi_005216	Lum Lagoon	region_label	3253	3144	0	Runtime shop/travel enrichment and simple labels may make this intentional
generic_catalog_details	poi_005217	Elid Delta	region_label	3269	2718	0	Runtime shop/travel enrichment and simple labels may make this intentional
generic_catalog_details	poi_005218	Alloviz Estuary	region_label	3681	3430	0	Runtime shop/travel enrichment and simple labels may make this intentional
generic_catalog_details	poi_005219	Pyre Cove	region_label	3349	3618	0	Runtime shop/travel enrichment and simple labels may make this intentional
generic_catalog_details	poi_005220	Blighted Volcano	region_label	3365	3937	0	Runtime shop/travel enrichment and simple labels may make this intentional
generic_catalog_details	poi_005221	Dvergfjord	region_label	2745	3763	0	Runtime shop/travel enrichment and simple labels may make this intentional
generic_catalog_details	poi_005222	Rower's Arm	region_label	2563	3617	0	Runtime shop/travel enrichment and simple labels may make this intentional
generic_catalog_details	poi_005223	Vesmjos	region_label	2606	3557	0	Runtime shop/travel enrichment and simple labels may make this intentional
generic_catalog_details	poi_005224	Seers' Eye	region_label	2710	3527	0	Runtime shop/travel enrichment and simple labels may make this intentional
generic_catalog_details	poi_005225	Merwick Lake	region_label	2779	3553	0	Runtime shop/travel enrichment and simple labels may make this intentional
generic_catalog_details	poi_005226	River Crannmor	region_label	2379	3458	0	Runtime shop/travel enrichment and simple labels may make this intentional
generic_catalog_details	poi_005227	Mynydd	region_label	2154	3425	0	Runtime shop/travel enrichment and simple labels may make this intentional
generic_catalog_details	poi_005228	Afon Ganol	region_label	2258	3246	0	Runtime shop/travel enrichment and simple labels may make this intentional
generic_catalog_details	poi_005229	The Dibber	region_label	1836	3627	0	Runtime shop/travel enrichment and simple labels may make this intentional
generic_catalog_details	poi_005230	The White Cliffs of Lova	region_label	1503	3960	0	Runtime shop/travel enrichment and simple labels may make this intentional
generic_catalog_details	poi_005231	Talon's Grasp	region_label	1173	3489	0	Runtime shop/travel enrichment and simple labels may make this intentional
generic_catalog_details	poi_005232	Karamja Volcano	region_label	2843	3176	0	Runtime shop/travel enrichment and simple labels may make this intentional
generic_catalog_details	poi_005233	Cape Atoll	region_label	2700	2711	0	Runtime shop/travel enrichment and simple labels may make this intentional
generic_catalog_details	poi_005234	Chompy Marsh	region_label	2379	3055	0	Runtime shop/travel enrichment and simple labels may make this intentional
generic_catalog_details	poi_005235	Gorlah	region_label	2284	3426	0	Runtime shop/travel enrichment and simple labels may make this intentional
generic_catalog_details	poi_005237	Cursed Archipelago	region_label	3767	2581	0	Runtime shop/travel enrichment and simple labels may make this intentional
generic_catalog_details	poi_005238	The Pandemonium	region_label	3042	2992	0	Runtime shop/travel enrichment and simple labels may make this intentional
generic_catalog_details	poi_005239	The Great Conch	region_label	3187	2455	0	Runtime shop/travel enrichment and simple labels may make this intentional
generic_catalog_details	poi_005240	The Summer Shore	region_label	3166	2414	0	Runtime shop/travel enrichment and simple labels may make this intentional
generic_catalog_details	poi_005241	The Sacred Grove	region_label	3200	2485	0	Runtime shop/travel enrichment and simple labels may make this intentional
generic_catalog_details	poi_005242	Abalone Cliffs	region_label	3105	2532	0	Runtime shop/travel enrichment and simple labels may make this intentional
generic_catalog_details	poi_005243	Cape Conch	region_label	3286	2334	0	Runtime shop/travel enrichment and simple labels may make this intentional
generic_catalog_details	poi_005244	Ardent Ocean	region_label	2916	2790	0	Runtime shop/travel enrichment and simple labels may make this intentional
generic_catalog_details	poi_005245	Unquiet Ocean	region_label	2865	2436	0	Runtime shop/travel enrichment and simple labels may make this intentional
generic_catalog_details	poi_005246	Shrouded Ocean	region_label	2104	2491	0	Runtime shop/travel enrichment and simple labels may make this intentional
generic_catalog_details	poi_005247	Western Ocean	region_label	1996	3331	0	Runtime shop/travel enrichment and simple labels may make this intentional
generic_catalog_details	poi_005248	Northern Ocean	region_label	2477	4085	0	Runtime shop/travel enrichment and simple labels may make this intentional
generic_catalog_details	poi_005249	Sunset Ocean	region_label	1387	2629	0	Runtime shop/travel enrichment and simple labels may make this intentional
generic_catalog_details	poi_005250	Forgotten Ocean	region_label	1251	3991	0	Runtime shop/travel enrichment and simple labels may make this intentional
generic_catalog_details	poi_005251	Untamed Ocean	region_label	3575	3911	0	Runtime shop/travel enrichment and simple labels may make this intentional
generic_catalog_details	poi_005252	Eastern Ocean	region_label	3682	2854	0	Runtime shop/travel enrichment and simple labels may make this intentional
generic_catalog_details	poi_005253	Bay of Sarim	region_label	3070	3177	0	Runtime shop/travel enrichment and simple labels may make this intentional
generic_catalog_details	poi_005254	Kharidian Sea	region_label	3103	2968	0	Runtime shop/travel enrichment and simple labels may make this intentional
generic_catalog_details	poi_005255	Lumbridge Basin	region_label	3184	3106	0	Runtime shop/travel enrichment and simple labels may make this intentional
generic_catalog_details	poi_005256	Mudskipper Sound	region_label	2981	3090	0	Runtime shop/travel enrichment and simple labels may make this intentional
generic_catalog_details	poi_005257	Rimmington Strait	region_label	2887	3249	0	Runtime shop/travel enrichment and simple labels may make this intentional
generic_catalog_details	poi_005258	Catherby Bay	region_label	2823	3410	0	Runtime shop/travel enrichment and simple labels may make this intentional
generic_catalog_details	poi_005259	Brimhaven Passage	region_label	2752	3263	0	Runtime shop/travel enrichment and simple labels may make this intentional
generic_catalog_details	poi_005260	Strait of Khazard	region_label	2704	3131	0	Runtime shop/travel enrichment and simple labels may make this intentional
generic_catalog_details	poi_005261	Gu'tanoth Bay	region_label	2623	3036	0	Runtime shop/travel enrichment and simple labels may make this intentional
generic_catalog_details	poi_005262	Feldip Gulf	region_label	2699	2955	0	Runtime shop/travel enrichment and simple labels may make this intentional
generic_catalog_details	poi_005263	Kharazi Strait	region_label	2822	2851	0	Runtime shop/travel enrichment and simple labels may make this intentional
generic_catalog_details	poi_005264	Oo'glog Channel	region_label	2644	2828	0	Runtime shop/travel enrichment and simple labels may make this intentional
generic_catalog_details	poi_005265	Arrow Passage	region_label	2849	2754	0	Runtime shop/travel enrichment and simple labels may make this intentional
generic_catalog_details	poi_005266	Menaphite Sea	region_label	3057	2721	0	Runtime shop/travel enrichment and simple labels may make this intentional
generic_catalog_details	poi_005267	The Simian Sea	region_label	2757	2636	0	Runtime shop/travel enrichment and simple labels may make this intentional
generic_catalog_details	poi_005268	The Storm Tempor	region_label	3082	2878	0	Runtime shop/travel enrichment and simple labels may make this intentional
generic_catalog_details	poi_005269	Turtle Belt	region_label	3025	2595	0	Runtime shop/travel enrichment and simple labels may make this intentional
generic_catalog_details	poi_005270	Sea of Shells	region_label	3054	2344	0	Runtime shop/travel enrichment and simple labels may make this intentional
generic_catalog_details	poi_005271	Red Reef	region_label	2874	2497	0	Runtime shop/travel enrichment and simple labels may make this intentional
generic_catalog_details	poi_005272	Anglerfish's Light	region_label	2759	2359	0	Runtime shop/travel enrichment and simple labels may make this intentional
generic_catalog_details	poi_005273	Bay of Elidinis	region_label	3282	2667	0	Runtime shop/travel enrichment and simple labels may make this intentional
generic_catalog_details	poi_005274	Tortugan Sea	region_label	3337	2461	0	Runtime shop/travel enrichment and simple labels may make this intentional
generic_catalog_details	poi_005275	Pearl Bank	region_label	3262	2237	0	Runtime shop/travel enrichment and simple labels may make this intentional
generic_catalog_details	poi_005276	The Lonely Sea	region_label	2518	2316	0	Runtime shop/travel enrichment and simple labels may make this intentional
generic_catalog_details	poi_005277	Fortis Bay	region_label	1821	3020	0	Runtime shop/travel enrichment and simple labels may make this intentional
generic_catalog_details	poi_005278	Aureum Coast	region_label	1765	2901	0	Runtime shop/travel enrichment and simple labels may make this intentional
generic_catalog_details	poi_005279	Wyrm's Waters	region_label	1632	2844	0	Runtime shop/travel enrichment and simple labels may make this intentional
generic_catalog_details	poi_005280	Mythic Sea	region_label	2530	2742	0	Runtime shop/travel enrichment and simple labels may make this intentional
generic_catalog_details	poi_005281	Breakbone Strait	region_label	2388	2866	0	Runtime shop/travel enrichment and simple labels may make this intentional
generic_catalog_details	poi_005282	Backwater	region_label	2349	3002	0	Runtime shop/travel enrichment and simple labels may make this intentional
generic_catalog_details	poi_005283	Zul-Egil	region_label	2158	3032	0	Runtime shop/travel enrichment and simple labels may make this intentional
generic_catalog_details	poi_005284	The Skullhorde	region_label	2445	2505	0	Runtime shop/travel enrichment and simple labels may make this intentional
generic_catalog_details	poi_005285	Sea of Souls	region_label	2250	2707	0	Runtime shop/travel enrichment and simple labels may make this intentional
generic_catalog_details	poi_005286	Soul Bay	region_label	2091	2806	0	Runtime shop/travel enrichment and simple labels may make this intentional
generic_catalog_details	poi_005287	Barracuda Belt	region_label	2169	2558	0	Runtime shop/travel enrichment and simple labels may make this intentional
generic_catalog_details	poi_005288	The Everdeep	region_label	1884	2729	0	Runtime shop/travel enrichment and simple labels may make this intentional
generic_catalog_details	poi_005289	Sapphire Sea	region_label	1784	2578	0	Runtime shop/travel enrichment and simple labels may make this intentional
generic_catalog_details	poi_005290	Western Gate	region_label	1994	2977	0	Runtime shop/travel enrichment and simple labels may make this intentional
generic_catalog_details	poi_005291	Rainbow Reef	region_label	2278	2340	0	Runtime shop/travel enrichment and simple labels may make this intentional
generic_catalog_details	poi_005292	Southern Expanse	region_label	1984	2397	0	Runtime shop/travel enrichment and simple labels may make this intentional
generic_catalog_details	poi_005293	Sunset Bay	region_label	1538	2933	0	Runtime shop/travel enrichment and simple labels may make this intentional
generic_catalog_details	poi_005294	Misty Sea	region_label	1427	2747	0	Runtime shop/travel enrichment and simple labels may make this intentional
generic_catalog_details	poi_005295	Dusk's Maw	region_label	1239	2948	0	Runtime shop/travel enrichment and simple labels may make this intentional
generic_catalog_details	poi_005296	Aehecatl	region_label	1103	3045	0	Runtime shop/travel enrichment and simple labels may make this intentional
generic_catalog_details	poi_005297	Aestuarium Tempestus	region_label	1157	3218	0	Runtime shop/travel enrichment and simple labels may make this intentional
generic_catalog_details	poi_005298	Calidum Reach	region_label	1190	2642	0	Runtime shop/travel enrichment and simple labels may make this intentional
generic_catalog_details	poi_005299	Ochre Sea	region_label	1510	2528	0	Runtime shop/travel enrichment and simple labels may make this intentional
generic_catalog_details	poi_005300	Horizon's End	region_label	1278	2371	0	Runtime shop/travel enrichment and simple labels may make this intentional
generic_catalog_details	poi_005301	Great Sound	region_label	1527	3380	0	Runtime shop/travel enrichment and simple labels may make this intentional
generic_catalog_details	poi_005302	Crabclaw Bay	region_label	1687	3427	0	Runtime shop/travel enrichment and simple labels may make this intentional
generic_catalog_details	poi_005303	Gulf of Kourend	region_label	1910	3757	0	Runtime shop/travel enrichment and simple labels may make this intentional
generic_catalog_details	poi_005304	Hosidian Sea	region_label	1917	3597	0	Runtime shop/travel enrichment and simple labels may make this intentional
generic_catalog_details	poi_005305	Pilgrims' Passage	region_label	1928	3397	0	Runtime shop/travel enrichment and simple labels may make this intentional
generic_catalog_details	poi_005306	Litus Lucis	region_label	1767	3241	0	Runtime shop/travel enrichment and simple labels may make this intentional
generic_catalog_details	poi_005307	Porth Neigwl	region_label	2124	3205	0	Runtime shop/travel enrichment and simple labels may make this intentional
generic_catalog_details	poi_005308	Tirannwn Bight	region_label	2119	3362	0	Runtime shop/travel enrichment and simple labels may make this intentional
generic_catalog_details	poi_005309	Crystal Sea	region_label	1982	3247	0	Runtime shop/travel enrichment and simple labels may make this intentional
generic_catalog_details	poi_005310	Porth Gwenith	region_label	2163	3483	0	Runtime shop/travel enrichment and simple labels may make this intentional
generic_catalog_details	poi_005311	Piscatoris Sea	region_label	2231	3679	0	Runtime shop/travel enrichment and simple labels may make this intentional
generic_catalog_details	poi_005312	Vagabonds Rest	region_label	2080	3626	0	Runtime shop/travel enrichment and simple labels may make this intentional
generic_catalog_details	poi_005313	Moonshadow	region_label	2105	3814	0	Runtime shop/travel enrichment and simple labels may make this intentional
generic_catalog_details	poi_005314	Fremensund	region_label	2593	3724	0	Runtime shop/travel enrichment and simple labels may make this intentional
generic_catalog_details	poi_005315	Grandroot Bay	region_label	2455	3591	0	Runtime shop/travel enrichment and simple labels may make this intentional
generic_catalog_details	poi_005316	V's Belt	region_label	2477	3815	0	Runtime shop/travel enrichment and simple labels may make this intentional
generic_catalog_details	poi_005317	Fremennik Strait	region_label	2349	3747	0	Runtime shop/travel enrichment and simple labels may make this intentional
generic_catalog_details	poi_005318	Idestia Strait	region_label	2662	3855	0	Runtime shop/travel enrichment and simple labels may make this intentional
generic_catalog_details	poi_005319	Lunar Bay	region_label	2183	3904	0	Runtime shop/travel enrichment and simple labels may make this intentional
generic_catalog_details	poi_005320	Winter's Edge	region_label	1969	3959	0	Runtime shop/travel enrichment and simple labels may make this intentional
generic_catalog_details	poi_005321	Lunar Sea	region_label	2124	4070	0	Runtime shop/travel enrichment and simple labels may make this intentional
generic_catalog_details	poi_005322	Everwinter Sea	region_label	1792	4095	0	Runtime shop/travel enrichment and simple labels may make this intentional
generic_catalog_details	poi_005323	Kannski Tides	region_label	2395	3947	0	Runtime shop/travel enrichment and simple labels may make this intentional
generic_catalog_details	poi_005324	Weissmere	region_label	2777	3941	0	Runtime shop/travel enrichment and simple labels may make this intentional
generic_catalog_details	poi_005325	Stoneheart Sea	region_label	2553	4014	0	Runtime shop/travel enrichment and simple labels may make this intentional
generic_catalog_details	poi_005326	Shiverwake Expanse	region_label	2750	4103	0	Runtime shop/travel enrichment and simple labels may make this intentional
generic_catalog_details	poi_005327	Weiss Melt	region_label	2952	4031	0	Runtime shop/travel enrichment and simple labels may make this intentional
generic_catalog_details	poi_005328	Uzer Channel	region_label	3586	3010	0	Runtime shop/travel enrichment and simple labels may make this intentional
generic_catalog_details	poi_005329	Scabaras' Shallows	region_label	3485	2818	0	Runtime shop/travel enrichment and simple labels may make this intentional
generic_catalog_details	poi_005330	Sanctuary's End	region_label	3518	3145	0	Runtime shop/travel enrichment and simple labels may make this intentional
generic_catalog_details	poi_005331	The Iron Sea	region_label	3462	2614	0	Runtime shop/travel enrichment and simple labels may make this intentional
generic_catalog_details	poi_005332	Strait of Discord	region_label	3754	2908	0	Runtime shop/travel enrichment and simple labels may make this intentional
generic_catalog_details	poi_005333	Murkshore Sea	region_label	3694	3122	0	Runtime shop/travel enrichment and simple labels may make this intentional
generic_catalog_details	poi_005334	Mos Le'Water	region_label	3902	2981	0	Runtime shop/travel enrichment and simple labels may make this intentional
generic_catalog_details	poi_005335	Eastern Ridge	region_label	3892	3148	0	Runtime shop/travel enrichment and simple labels may make this intentional
generic_catalog_details	poi_005336	Tainted Tides	region_label	3644	2674	0	Runtime shop/travel enrichment and simple labels may make this intentional
generic_catalog_details	poi_005337	Shrieking Waters	region_label	3894	2691	0	Runtime shop/travel enrichment and simple labels may make this intentional
generic_catalog_details	poi_005338	Forbidden Depths	region_label	3808	2499	0	Runtime shop/travel enrichment and simple labels may make this intentional
generic_catalog_details	poi_005339	The Accursed Sea	region_label	3669	2307	0	Runtime shop/travel enrichment and simple labels may make this intentional
generic_catalog_details	poi_005340	Gravewater Bay	region_label	3755	3446	0	Runtime shop/travel enrichment and simple labels may make this intentional
generic_catalog_details	poi_005341	Hallowed Sea	region_label	3866	3330	0	Runtime shop/travel enrichment and simple labels may make this intentional
generic_catalog_details	poi_005342	Dragon's Maw	region_label	3902	3559	0	Runtime shop/travel enrichment and simple labels may make this intentional
generic_catalog_details	poi_005343	Haunted Coast	region_label	3642	3578	0	Runtime shop/travel enrichment and simple labels may make this intentional
generic_catalog_details	poi_005344	Bleakwater Bay	region_label	3429	3641	0	Runtime shop/travel enrichment and simple labels may make this intentional
generic_catalog_details	poi_005345	Echoing Rift	region_label	3723	3694	0	Runtime shop/travel enrichment and simple labels may make this intentional
generic_catalog_details	poi_005346	The Searing Sea	region_label	3161	4067	0	Runtime shop/travel enrichment and simple labels may make this intentional
generic_catalog_details	poi_005347	Wyvern's Wake	region_label	3546	3776	0	Runtime shop/travel enrichment and simple labels may make this intentional
generic_catalog_details	poi_005348	Fiend's Passage	region_label	3308	4002	0	Runtime shop/travel enrichment and simple labels may make this intentional
generic_catalog_details	poi_005349	The Precipice	region_label	3925	3796	0	Runtime shop/travel enrichment and simple labels may make this intentional
generic_catalog_details	poi_005350	The Cinderwaters	region_label	3443	3923	0	Runtime shop/travel enrichment and simple labels may make this intentional
generic_catalog_details	poi_005351	Ancient Reef	region_label	3642	4019	0	Runtime shop/travel enrichment and simple labels may make this intentional
generic_catalog_details	poi_005352	The Eastern Doldrums	region_label	3852	3985	0	Runtime shop/travel enrichment and simple labels may make this intentional
generic_catalog_details	poi_005353	Last Gasp	region_label	1060	3379	0	Runtime shop/travel enrichment and simple labels may make this intentional
generic_catalog_details	poi_005354	Grieving Bight	region_label	1106	3553	0	Runtime shop/travel enrichment and simple labels may make this intentional
generic_catalog_details	poi_005355	Kebos Shore	region_label	1163	3734	0	Runtime shop/travel enrichment and simple labels may make this intentional
generic_catalog_details	poi_005356	Sulphur Cove	region_label	1354	3876	0	Runtime shop/travel enrichment and simple labels may make this intentional
generic_catalog_details	poi_005357	Frostgrave Depths	region_label	1556	4113	0	Runtime shop/travel enrichment and simple labels may make this intentional
generic_catalog_details	poi_005358	Lovkengj's Shroud	region_label	1447	3994	0	Runtime shop/travel enrichment and simple labels may make this intentional
generic_catalog_details	poi_005359	Dagger's Edge	region_label	1141	3942	0	Runtime shop/travel enrichment and simple labels may make this intentional
generic_catalog_details	poi_005360	The Endless Sea	region_label	1276	4070	0	Runtime shop/travel enrichment and simple labels may make this intentional
generic_catalog_details	poi_005361	Rock Island Prison	region_label	2898	2837	0	Runtime shop/travel enrichment and simple labels may make this intentional
generic_catalog_details	poi_005362	Dognose Island	region_label	3048	2648	0	Runtime shop/travel enrichment and simple labels may make this intentional
generic_catalog_details	poi_005363	The Little Pearl	region_label	3356	2205	0	Runtime shop/travel enrichment and simple labels may make this intentional
generic_catalog_details	poi_005364	The Onyx Crest	region_label	2977	2271	0	Runtime shop/travel enrichment and simple labels may make this intentional
generic_catalog_details	poi_005365	Red Rock	region_label	2797	2518	0	Runtime shop/travel enrichment and simple labels may make this intentional
generic_catalog_details	poi_005366	Last Light	region_label	2857	2330	0	Runtime shop/travel enrichment and simple labels may make this intentional
generic_catalog_details	poi_005367	Charred Island	region_label	2642	2405	0	Runtime shop/travel enrichment and simple labels may make this intentional
generic_catalog_details	poi_005368	Vatrachos Island	region_label	1886	2984	0	Runtime shop/travel enrichment and simple labels may make this intentional
generic_catalog_details	poi_005369	Anglers' Retreat	region_label	2477	2711	0	Runtime shop/travel enrichment and simple labels may make this intentional
generic_catalog_details	poi_005370	Minotaurs' Rest	region_label	1965	3104	0	Runtime shop/travel enrichment and simple labels may make this intentional
generic_catalog_details	poi_005371	Isle of Bones	region_label	2530	2533	0	Runtime shop/travel enrichment and simple labels may make this intentional
generic_catalog_details	poi_005372	Tear of the Soul	region_label	2333	2770	0	Runtime shop/travel enrichment and simple labels may make this intentional
generic_catalog_details	poi_005373	Wintumber Island	region_label	2067	2608	0	Runtime shop/travel enrichment and simple labels may make this intentional
generic_catalog_details	poi_005374	Deepfin Point	region_label	1949	2793	0	Runtime shop/travel enrichment and simple labels may make this intentional
generic_catalog_details	poi_005375	The Crown Jewel	region_label	1758	2665	0	Runtime shop/travel enrichment and simple labels may make this intentional
generic_catalog_details	poi_005376	Rainbow's End	region_label	2335	2273	0	Runtime shop/travel enrichment and simple labels may make this intentional
generic_catalog_details	poi_005377	Sunbleak Island	region_label	2212	2327	0	Runtime shop/travel enrichment and simple labels may make this intentional
generic_catalog_details	poi_005378	Isle of Serpents	region_label	1850	2413	0	Runtime shop/travel enrichment and simple labels may make this intentional
generic_catalog_details	poi_005379	Shimmering Atoll	region_label	1568	2786	0	Runtime shop/travel enrichment and simple labels may make this intentional
generic_catalog_details	poi_005380	Laguna Aurorae	region_label	1190	2778	0	Runtime shop/travel enrichment and simple labels may make this intentional
generic_catalog_details	poi_005381	Chinchompa Island	region_label	1884	3435	0	Runtime shop/travel enrichment and simple labels may make this intentional
generic_catalog_details	poi_005382	Port Roberts	region_label	1892	3303	0	Runtime shop/travel enrichment and simple labels may make this intentional
generic_catalog_details	poi_005383	Lledrith Island	region_label	2091	3181	0	Runtime shop/travel enrichment and simple labels may make this intentional
generic_catalog_details	poi_005384	Ynysdail	region_label	2218	3476	0	Runtime shop/travel enrichment and simple labels may make this intentional
generic_catalog_details	poi_005385	Buccaneers' Haven	region_label	2080	3681	0	Runtime shop/travel enrichment and simple labels may make this intentional
generic_catalog_details	poi_005386	Drumstick Isle	region_label	2145	3547	0	Runtime shop/travel enrichment and simple labels may make this intentional
generic_catalog_details	poi_005387	Brittle Isle	region_label	1948	4071	0	Runtime shop/travel enrichment and simple labels may make this intentional
generic_catalog_details	poi_005388	Grimstone	region_label	2913	4075	0	Runtime shop/travel enrichment and simple labels may make this intentional
generic_catalog_details	poi_005389	Shipyard	region_label	2078	2720	0	Runtime shop/travel enrichment and simple labels may make this intentional
generic_catalog_details	poi_005390	Slepe Sound	region_label	3718	3259	0	Runtime shop/travel enrichment and simple labels may make this intentional
generic_catalog_details	poi_005391	Wyrmscraig	region_label	2600	2240	0	Runtime shop/travel enrichment and simple labels may make this intentional
generic_catalog_details	poi_005392	Ardeaglais	region_label	2540	2220	0	Runtime shop/travel enrichment and simple labels may make this intentional
generic_catalog_details	poi_005393	Auchrie	region_label	2570	2250	0	Runtime shop/travel enrichment and simple labels may make this intentional
generic_catalog_details	poi_005394	Upper level	region_label	1743	5375	1	Runtime shop/travel enrichment and simple labels may make this intentional
generic_catalog_details	poi_005395	Mithril dragons	region_label	1762	5338	1	Runtime shop/travel enrichment and simple labels may make this intentional
generic_catalog_details	poi_005396	Ancient Forge	region_label	1751	5290	1	Runtime shop/travel enrichment and simple labels may make this intentional
generic_catalog_details	poi_005397	Rat Pits	region_label	2976	9632	0	Runtime shop/travel enrichment and simple labels may make this intentional
generic_catalog_details	poi_005398	Upper level	region_label	3042	9581	1	Runtime shop/travel enrichment and simple labels may make this intentional
generic_catalog_details	poi_005399	Agility course	region_label	2720	5248	0	Runtime shop/travel enrichment and simple labels may make this intentional
generic_catalog_details	poi_005400	Council chamber	region_label	2718	5367	1	Runtime shop/travel enrichment and simple labels may make this intentional
generic_catalog_details	poi_005401	Ur-tag	region_label	2733	5366	1	Runtime shop/travel enrichment and simple labels may make this intentional
generic_catalog_details	poi_005402	Nursery	region_label	2742	5337	1	Runtime shop/travel enrichment and simple labels may make this intentional
generic_catalog_details	poi_005403	Zanik's bedroom	region_label	2744	5351	2	Runtime shop/travel enrichment and simple labels may make this intentional
generic_catalog_details	poi_005404	Middle level	region_label	2720	5375	1	Runtime shop/travel enrichment and simple labels may make this intentional
generic_catalog_details	poi_005405	Upper level	region_label	2720	5375	2	Runtime shop/travel enrichment and simple labels may make this intentional
generic_catalog_details	poi_005406	Motherlode Mine	region_label	3712	5648	1	Runtime shop/travel enrichment and simple labels may make this intentional
generic_catalog_details	poi_005407	Lower level	region_label	3744	5695	0	Runtime shop/travel enrichment and simple labels may make this intentional
generic_catalog_details	poi_005408	Upper level	region_label	3744	5695	1	Runtime shop/travel enrichment and simple labels may make this intentional
generic_catalog_details	poi_005409	Saradomin's Encampment	region_label	2908	5270	0	Runtime shop/travel enrichment and simple labels may make this intentional
generic_catalog_details	poi_005410	Zamorak's Fortress	region_label	2909	5363	2	Runtime shop/travel enrichment and simple labels may make this intentional
generic_catalog_details	poi_005411	Armadyl's Eyrie	region_label	2837	5280	2	Runtime shop/travel enrichment and simple labels may make this intentional
generic_catalog_details	poi_005412	Bandos's Stronghold	region_label	2832	5344	2	Runtime shop/travel enrichment and simple labels may make this intentional
generic_catalog_details	poi_005413	Ancient Prison	region_label	2875	5216	0	Runtime shop/travel enrichment and simple labels may make this intentional
generic_catalog_details	poi_005414	Main Block	region_label	2913	6371	2	Runtime shop/travel enrichment and simple labels may make this intentional
generic_catalog_details	poi_005415	Administration	region_label	2900	6433	2	Runtime shop/travel enrichment and simple labels may make this intentional
generic_catalog_details	poi_005416	Refugee Camp	region_label	2991	6351	2	Runtime shop/travel enrichment and simple labels may make this intentional
generic_catalog_details	poi_005417	Trolls	region_label	2790	10132	0	Runtime shop/travel enrichment and simple labels may make this intentional
generic_catalog_details	poi_005418	Brewery	region_label	3680	9960	0	Runtime shop/travel enrichment and simple labels may make this intentional
generic_catalog_details	poi_005419	Shades	region_label	3488	9696	0	Runtime shop/travel enrichment and simple labels may make this intentional
generic_catalog_details	poi_005420	Slayer Tower	region_label	3424	9924	3	Runtime shop/travel enrichment and simple labels may make this intentional
generic_catalog_details	poi_005421	Mausoleum	region_label	3423	9877	0	Runtime shop/travel enrichment and simple labels may make this intentional
generic_catalog_details	poi_005422	Nechryael	region_label	3397	9980	3	Runtime shop/travel enrichment and simple labels may make this intentional
generic_catalog_details	poi_005423	Abyssal demons	region_label	3447	9970	3	Runtime shop/travel enrichment and simple labels may make this intentional
generic_catalog_details	poi_005424	Bloodvelds	region_label	3395	9930	3	Runtime shop/travel enrichment and simple labels may make this intentional
generic_catalog_details	poi_005425	Gargoyles	region_label	3452	9935	3	Runtime shop/travel enrichment and simple labels may make this intentional
generic_catalog_details	poi_005426	Kurask	region_label	2708	9972	1	Runtime shop/travel enrichment and simple labels may make this intentional
generic_catalog_details	poi_005427	Upper level	region_label	2718	9991	1	Runtime shop/travel enrichment and simple labels may make this intentional
generic_catalog_details	poi_005428	Famine	region_label	2016	5184	0	Runtime shop/travel enrichment and simple labels may make this intentional
generic_catalog_details	poi_005429	Grain of Plenty	region_label	2022	5221	0	Runtime shop/travel enrichment and simple labels may make this intentional
generic_catalog_details	poi_005430	Pestilence	region_label	2144	5248	0	Runtime shop/travel enrichment and simple labels may make this intentional
generic_catalog_details	poi_005431	Box of Health	region_label	2144	5283	0	Runtime shop/travel enrichment and simple labels may make this intentional
generic_catalog_details	poi_005432	Death	region_label	2336	5184	0	Runtime shop/travel enrichment and simple labels may make this intentional
generic_catalog_details	poi_005433	Cradle of Life	region_label	2344	5216	0	Runtime shop/travel enrichment and simple labels may make this intentional
generic_catalog_details	poi_005434	Black dragons	region_label	2800	9820	1	Runtime shop/travel enrichment and simple labels may make this intentional
generic_catalog_details	poi_005435	Blue dragons	region_label	2930	9817	1	Runtime shop/travel enrichment and simple labels may make this intentional
generic_catalog_details	poi_005436	Cyclopes	region_label	2920	9972	0	Runtime shop/travel enrichment and simple labels may make this intentional
generic_catalog_details	poi_005437	Upper level	region_label	2900	9855	1	Runtime shop/travel enrichment and simple labels may make this intentional
generic_catalog_details	poi_005438	Key Master	region_label	1310	1253	0	Runtime shop/travel enrichment and simple labels may make this intentional
generic_catalog_details	poi_005439	Beware of the dog	region_label	1310	1277	0	Runtime shop/travel enrichment and simple labels may make this intentional
generic_catalog_details	poi_005440	Troll generals	region_label	2829	10082	2	Runtime shop/travel enrichment and simple labels may make this intentional
generic_catalog_details	poi_005441	Burntmeat's Kitchen	region_label	2848	10054	1	Runtime shop/travel enrichment and simple labels may make this intentional
generic_catalog_details	poi_005442	The Inferno	region_label	2272	5337	0	Runtime shop/travel enrichment and simple labels may make this intentional
generic_catalog_details	poi_005443	Terror dogs	region_label	3150	4650	0	Runtime shop/travel enrichment and simple labels may make this intentional
generic_catalog_details	poi_005444	Middle level	region_label	3168	4544	1	Runtime shop/travel enrichment and simple labels may make this intentional
generic_catalog_details	poi_005445	Upper level	region_label	3152	4544	2	Runtime shop/travel enrichment and simple labels may make this intentional
generic_catalog_details	poi_005446	Sub-level 2	region_label	1888	4352	3	Runtime shop/travel enrichment and simple labels may make this intentional
generic_catalog_details	poi_005447	Wallasalki	region_label	1795	4403	3	Runtime shop/travel enrichment and simple labels may make this intentional
generic_catalog_details	poi_005448	Giant rock crabs	region_label	1836	4410	3	Runtime shop/travel enrichment and simple labels may make this intentional
generic_catalog_details	poi_005449	Dagannoth	region_label	1826	4374	3	Runtime shop/travel enrichment and simple labels may make this intentional
generic_catalog_details	poi_005450	Rock lobsters	region_label	1972	4400	3	Runtime shop/travel enrichment and simple labels may make this intentional
generic_catalog_details	poi_005451	Sub-level 3	region_label	1888	4352	2	Runtime shop/travel enrichment and simple labels may make this intentional
generic_catalog_details	poi_005452	Wallasalki	region_label	1794	4383	2	Runtime shop/travel enrichment and simple labels may make this intentional
generic_catalog_details	poi_005453	Dagannoth	region_label	1816	4398	2	Runtime shop/travel enrichment and simple labels may make this intentional
generic_catalog_details	poi_005454	Giant rock crabs	region_label	1812	4367	2	Runtime shop/travel enrichment and simple labels may make this intentional
generic_catalog_details	poi_005455	Dagannoth	region_label	1849	4382	2	Runtime shop/travel enrichment and simple labels may make this intentional
generic_catalog_details	poi_005456	Rock lobsters	region_label	1939	4390	2	Runtime shop/travel enrichment and simple labels may make this intentional
generic_catalog_details	poi_005457	Sub-level 4	region_label	1888	4352	1	Runtime shop/travel enrichment and simple labels may make this intentional
generic_catalog_details	poi_005458	Wallasalki	region_label	1802	4387	1	Runtime shop/travel enrichment and simple labels may make this intentional
generic_catalog_details	poi_005459	Dagannoth	region_label	1847	4360	1	Runtime shop/travel enrichment and simple labels may make this intentional
generic_catalog_details	poi_005460	Dagannoth	region_label	1849	4389	1	Runtime shop/travel enrichment and simple labels may make this intentional
generic_catalog_details	poi_005461	Dagannoth	region_label	1870	4408	1	Runtime shop/travel enrichment and simple labels may make this intentional
generic_catalog_details	poi_005462	Rock lobsters	region_label	1944	4376	1	Runtime shop/travel enrichment and simple labels may make this intentional
generic_catalog_details	poi_005463	Sub-level 5	region_label	1888	4352	0	Runtime shop/travel enrichment and simple labels may make this intentional
generic_catalog_details	poi_005464	Rock lobsters	region_label	1898	4400	0	Runtime shop/travel enrichment and simple labels may make this intentional
generic_catalog_details	poi_005465	Dagannoth	region_label	1895	4368	0	Runtime shop/travel enrichment and simple labels may make this intentional
generic_catalog_details	poi_005466	Rock lobsters	region_label	1950	4362	0	Runtime shop/travel enrichment and simple labels may make this intentional
generic_catalog_details	poi_005467	Sub-level 6	region_label	2888	4360	0	Runtime shop/travel enrichment and simple labels may make this intentional
generic_catalog_details	poi_005468	Dagannoth Kings	region_label	2888	4384	0	Runtime shop/travel enrichment and simple labels may make this intentional
generic_catalog_details	poi_005469	King Black Dragon	region_label	2272	4705	0	Runtime shop/travel enrichment and simple labels may make this intentional
generic_catalog_details	poi_005470	Mage Arena bank	region_label	2533	4704	0	Runtime shop/travel enrichment and simple labels may make this intentional
generic_catalog_details	poi_005472	Corporeal Beast	region_label	2986	4386	2	Runtime shop/travel enrichment and simple labels may make this intentional
generic_catalog_details	poi_005473	Poison spiders	region_label	2576	9568	0	Runtime shop/travel enrichment and simple labels may make this intentional
generic_catalog_details	poi_005474	Wyverns Task Only	region_label	3616	10272	0	Runtime shop/travel enrichment and simple labels may make this intentional
generic_catalog_details	poi_005475	Volcano Mine	region_label	3776	10176	3	Runtime shop/travel enrichment and simple labels may make this intentional
generic_catalog_details	poi_005476	Lower level	region_label	3808	10112	0	Runtime shop/travel enrichment and simple labels may make this intentional
generic_catalog_details	poi_005477	Upper level	region_label	3808	10144	3	Runtime shop/travel enrichment and simple labels may make this intentional
generic_catalog_details	poi_005478	A	region_label	3787	10156	0	Runtime shop/travel enrichment and simple labels may make this intentional
generic_catalog_details	poi_005479	B	region_label	3815	10172	0	Runtime shop/travel enrichment and simple labels may make this intentional
generic_catalog_details	poi_005480	C	region_label	3830	10157	0	Runtime shop/travel enrichment and simple labels may make this intentional
generic_catalog_details	poi_005481	Chinchompas	region_label	2522	9299	0	Runtime shop/travel enrichment and simple labels may make this intentional
generic_catalog_details	poi_005482	Upper level	region_label	1440	10111	2	Runtime shop/travel enrichment and simple labels may make this intentional
generic_catalog_details	poi_005483	Lesser demons	region_label	1440	10088	2	Runtime shop/travel enrichment and simple labels may make this intentional
generic_catalog_details	poi_005484	Middle level	region_label	1440	10111	1	Runtime shop/travel enrichment and simple labels may make this intentional
generic_catalog_details	poi_005485	Greater demons	region_label	1440	10080	1	Runtime shop/travel enrichment and simple labels may make this intentional
generic_catalog_details	poi_005486	Black demons	region_label	1438	10066	0	Runtime shop/travel enrichment and simple labels may make this intentional
generic_catalog_details	poi_005487	Lower level	region_label	1440	10111	0	Runtime shop/travel enrichment and simple labels may make this intentional
generic_catalog_details	poi_005488	Voice of Yama	region_label	1440	10084	0	Runtime shop/travel enrichment and simple labels may make this intentional
generic_catalog_details	poi_005489	Fire giants	region_label	1457	9907	0	Runtime shop/travel enrichment and simple labels may make this intentional
generic_catalog_details	poi_005490	Hill giants	region_label	1435	9886	0	Runtime shop/travel enrichment and simple labels may make this intentional
generic_catalog_details	poi_005491	Moss giants	region_label	1424	9867	0	Runtime shop/travel enrichment and simple labels may make this intentional
generic_catalog_details	poi_005492	Moss giants	region_label	1457	9866	0	Runtime shop/travel enrichment and simple labels may make this intentional
generic_catalog_details	poi_005493	The Warrens	region_label	1770	10143	0	Runtime shop/travel enrichment and simple labels may make this intentional
generic_catalog_details	poi_005494	Upper level	region_label	1504	9983	3	Runtime shop/travel enrichment and simple labels may make this intentional
generic_catalog_details	poi_005495	Middle level	region_label	1504	9983	2	Runtime shop/travel enrichment and simple labels may make this intentional
generic_catalog_details	poi_005496	Lower level	region_label	1504	9983	1	Runtime shop/travel enrichment and simple labels may make this intentional
generic_catalog_details	poi_005497	Yama	region_label	1504	10084	0	Runtime shop/travel enrichment and simple labels may make this intentional
generic_catalog_details	poi_005500	Hespori	region_label	1248	10089	0	Runtime shop/travel enrichment and simple labels may make this intentional
generic_catalog_details	poi_005501	Drakes	region_label	1312	10242	1	Runtime shop/travel enrichment and simple labels may make this intentional
generic_catalog_details	poi_005502	Drakes	region_label	1348	10241	1	Runtime shop/travel enrichment and simple labels may make this intentional
generic_catalog_details	poi_005503	Sulphur lizards	region_label	1335	10185	1	Runtime shop/travel enrichment and simple labels may make this intentional
generic_catalog_details	poi_005504	Greater demons	region_label	1280	10208	1	Runtime shop/travel enrichment and simple labels may make this intentional
generic_catalog_details	poi_005505	Fire giants	region_label	1282	10212	2	Runtime shop/travel enrichment and simple labels may make this intentional
generic_catalog_details	poi_005506	Hellhounds	region_label	1342	10201	2	Runtime shop/travel enrichment and simple labels may make this intentional
generic_catalog_details	poi_005507	Upper level	region_label	1310	10228	2	Runtime shop/travel enrichment and simple labels may make this intentional
generic_catalog_details	poi_005508	Middle level	region_label	1318	10268	1	Runtime shop/travel enrichment and simple labels may make this intentional
generic_catalog_details	poi_005509	Trahaearn Mine	region_label	3298	12453	0	Runtime shop/travel enrichment and simple labels may make this intentional
generic_catalog_details	poi_005510	Zalcano	region_label	3035	6051	0	Runtime shop/travel enrichment and simple labels may make this intentional
generic_catalog_details	poi_005511	The Gauntlet	region_label	3033	6115	1	Runtime shop/travel enrichment and simple labels may make this intentional
generic_catalog_details	poi_005512	Upper level	region_label	2623	6207	2	Runtime shop/travel enrichment and simple labels may make this intentional
generic_catalog_details	poi_005513	Middle level	region_label	2623	6207	1	Runtime shop/travel enrichment and simple labels may make this intentional
generic_catalog_details	poi_005514	Tutorial Island	region_label	1696	6104	0	Runtime shop/travel enrichment and simple labels may make this intentional
generic_catalog_details	poi_005515	Palace	region_label	2584	6441	0	Runtime shop/travel enrichment and simple labels may make this intentional
generic_catalog_details	poi_005516	Science District	region_label	2592	6369	0	Runtime shop/travel enrichment and simple labels may make this intentional
generic_catalog_details	poi_005517	Residential District	region_label	2657	6427	0	Runtime shop/travel enrichment and simple labels may make this intentional
generic_catalog_details	poi_005518	Sunken Cathedral	region_label	2656	6372	0	Runtime shop/travel enrichment and simple labels may make this intentional
generic_catalog_details	poi_005519	Kovac	region_label	3370	11487	0	Runtime shop/travel enrichment and simple labels may make this intentional
generic_catalog_details	poi_005520	Soldiers	region_label	3474	9493	2	Runtime shop/travel enrichment and simple labels may make this intentional
generic_catalog_details	poi_005521	Soldiers	region_label	3308	9530	0	Runtime shop/travel enrichment and simple labels may make this intentional
generic_catalog_details	poi_005522	Soldiers	region_label	3330	9486	0	Runtime shop/travel enrichment and simple labels may make this intentional
generic_catalog_details	poi_005523	Guardians	region_label	3510	9498	2	Runtime shop/travel enrichment and simple labels may make this intentional
generic_catalog_details	poi_005524	Guardians	region_label	3278	9485	0	Runtime shop/travel enrichment and simple labels may make this intentional
generic_catalog_details	poi_005525	Queen's Chamber	region_label	3488	9504	0	Runtime shop/travel enrichment and simple labels may make this intentional
generic_catalog_details	poi_005529	Dragon Nest	region_label	1247	9503	0	Runtime shop/travel enrichment and simple labels may make this intentional
generic_catalog_details	poi_005530	Antechamber	region_label	1441	9633	1	Runtime shop/travel enrichment and simple labels may make this intentional
generic_catalog_details	poi_005531	Upper level	region_label	2659	9599	2	Runtime shop/travel enrichment and simple labels may make this intentional
generic_catalog_details	poi_005532	Fire giants	region_label	2634	9563	2	Runtime shop/travel enrichment and simple labels may make this intentional
generic_catalog_details	poi_005533	Greater demons	region_label	2634	9499	2	Runtime shop/travel enrichment and simple labels may make this intentional
generic_catalog_details	poi_005534	Baby green dragons	region_label	2669	9578	2	Runtime shop/travel enrichment and simple labels may make this intentional
generic_catalog_details	poi_005535	Jogres	region_label	2848	9496	1	Runtime shop/travel enrichment and simple labels may make this intentional
generic_catalog_details	poi_005536	Upper level	region_label	2848	9535	1	Runtime shop/travel enrichment and simple labels may make this intentional
generic_catalog_details	poi_005537	Gryphons	region_label	3232	8865	0	Runtime shop/travel enrichment and simple labels may make this intentional
generic_catalog_details	poi_005538	Coral Nurseries	region_label	3298	8864	1	Runtime shop/travel enrichment and simple labels may make this intentional
generic_catalog_details	poi_005539	Charred Dungeon	region_label	2687	8865	0	Runtime shop/travel enrichment and simple labels may make this intentional
generic_catalog_details	poi_005540	Wyrmscraig Cavern	region_label	2593	8639	0	Runtime shop/travel enrichment and simple labels may make this intentional
generic_catalog_details	poi_005541	Greater demons	region_label	2158	9336	0	Runtime shop/travel enrichment and simple labels may make this intentional
generic_catalog_details	poi_005542	Fire giants	region_label	2121	9330	0	Runtime shop/travel enrichment and simple labels may make this intentional
generic_catalog_details	poi_005543	Blue dragons	region_label	2127	9306	0	Runtime shop/travel enrichment and simple labels may make this intentional
generic_catalog_details	poi_005544	Iron dragons	region_label	2154	9296	0	Runtime shop/travel enrichment and simple labels may make this intentional
generic_catalog_details	poi_005545	Sunbleak Cave	region_label	2227	8738	0	Runtime shop/travel enrichment and simple labels may make this intentional
generic_catalog_details	poi_005546	Here be minotaurs	region_label	1951	9508	0	Runtime shop/travel enrichment and simple labels may make this intentional
generic_catalog_details	poi_005547	Buccaneers' Laboratory	region_label	2081	10073	0	Runtime shop/travel enrichment and simple labels may make this intentional
generic_catalog_details	poi_005548	Essence Mine	region_label	2339	10337	2	Runtime shop/travel enrichment and simple labels may make this intentional
generic_catalog_details	poi_005549	Trolls	region_label	2400	10272	1	Runtime shop/travel enrichment and simple labels may make this intentional
generic_catalog_details	poi_005550	Castle Drakan	region_label	2507	7841	0	Runtime shop/travel enrichment and simple labels may make this intentional
generic_catalog_details	poi_005551	Sangvesti	region_label	2596	7840	0	Runtime shop/travel enrichment and simple labels may make this intentional
generic_catalog_details	poi_005552	Sotfa Forest	region_label	2771	7832	0	Runtime shop/travel enrichment and simple labels may make this intentional
generic_catalog_details	poi_005553	Ruined Village	region_label	2710	7853	0	Runtime shop/travel enrichment and simple labels may make this intentional
generic_catalog_details	poi_005554	Apsul Hunting Ground	region_label	2597	7777	0	Runtime shop/travel enrichment and simple labels may make this intentional
generic_catalog_details	poi_005555	Virer Hunting Ground	region_label	2509	7758	0	Runtime shop/travel enrichment and simple labels may make this intentional
generic_catalog_details	poi_005901	Teleport to House | Teleport to House (Inside) | Teleport to House tablet | Teleport to House tablet (Inside) | Construction cape: Tele to POH | Max cape: Tele to POH | Home Portal	teleport	1923	5709	0	Runtime shop/travel enrichment and simple labels may make this intentional
generic_catalog_details	poi_005918	Ape Atoll Teleport | Marim Portal	teleport	2797	2798	1	Runtime shop/travel enrichment and simple labels may make this intentional
generic_catalog_details	poi_005945	Ape Atoll Teleport | Ape Atoll tablet | Ape Atoll Dungeon Portal	teleport	2771	9102	0	Runtime shop/travel enrichment and simple labels may make this intentional
generic_catalog_details	poi_005946	Edgeville Home Teleport	teleport	3087	3504	0	Runtime shop/travel enrichment and simple labels may make this intentional
generic_catalog_details	poi_005947	Arceuus Home Teleport	teleport	1700	3882	0	Runtime shop/travel enrichment and simple labels may make this intentional
generic_catalog_details	poi_005949	Ardougne cloak: Ardougne Farm	teleport	2665	3374	0	Runtime shop/travel enrichment and simple labels may make this intentional
generic_catalog_details	poi_005950	Karamja gloves: Gem Mine	teleport	2840	9387	0	Runtime shop/travel enrichment and simple labels may make this intentional
generic_catalog_details	poi_005956	Kandarin headgear 3: Teleport | Kandarin headgear 4: Teleport	teleport	2730	3420	0	Runtime shop/travel enrichment and simple labels may make this intentional
generic_catalog_details	poi_005958	Western banner 3: Teleport | Western banner 4: Teleport	teleport	2332	3681	0	Runtime shop/travel enrichment and simple labels may make this intentional
generic_catalog_details	poi_005960	Rada's blessing: Kourend Woodland	teleport	1554	3461	0	Runtime shop/travel enrichment and simple labels may make this intentional
generic_catalog_details	poi_005961	Rada's blessing: Mount Karuulm	teleport	1311	3806	0	Runtime shop/travel enrichment and simple labels may make this intentional
generic_catalog_details	poi_005964	Games necklace: Corporeal Beast	teleport	2965	4254	2	Runtime shop/travel enrichment and simple labels may make this intentional
generic_catalog_details	poi_005965	Games necklace: Tears of Guthix	teleport	3245	9500	2	Runtime shop/travel enrichment and simple labels may make this intentional
generic_catalog_details	poi_005966	Games necklace: Wintertodt | 9: Wintertodt Camp	teleport	1631	3940	0	Runtime shop/travel enrichment and simple labels may make this intentional
generic_catalog_details	poi_005995	Digsite pendant: Fossil Island | 2: Fossil Island	teleport	3763	3869	1	Runtime shop/travel enrichment and simple labels may make this intentional
generic_catalog_details	poi_006007	Volcanic Mine tablet	teleport	3811	3813	0	Runtime shop/travel enrichment and simple labels may make this intentional
generic_catalog_details	poi_006008	Wilderness Crabs tablet	teleport	3352	3782	0	Runtime shop/travel enrichment and simple labels may make this intentional
generic_catalog_details	poi_006021	Key master teleport | Master scroll book: Key master teleport	teleport	1310	1250	0	Runtime shop/travel enrichment and simple labels may make this intentional
generic_catalog_details	poi_006029	Construction cape: Home | Max cape: Tele to POH	teleport	1740	3517	0	Runtime shop/travel enrichment and simple labels may make this intentional
generic_catalog_details	poi_006043	Achievement diary cape: 7. Kaleb Paramaya	teleport	2862	2997	0	Runtime shop/travel enrichment and simple labels may make this intentional
generic_catalog_details	poi_006056	Camulet: Enakhra's Temple	teleport	3105	9315	0	Runtime shop/travel enrichment and simple labels may make this intentional
generic_catalog_details	poi_006070	Pharaoh's sceptre: Jalsavrah	teleport	1934	4428	0	Runtime shop/travel enrichment and simple labels may make this intentional
generic_catalog_details	poi_006077	Xeric's talisman: 3. Xeric's Inferno | 3: Inferno	teleport	1504	3815	0	Runtime shop/travel enrichment and simple labels may make this intentional
generic_catalog_details	poi_006081	Amulet of the eye	teleport	3615	9461	0	Runtime shop/travel enrichment and simple labels may make this intentional
generic_catalog_details	poi_006083	Ring of the elements: Water	teleport	3170	3155	0	Runtime shop/travel enrichment and simple labels may make this intentional
generic_catalog_details	poi_006086	Ring of shadows: Ancient Vault	teleport	3296	6436	0	Runtime shop/travel enrichment and simple labels may make this intentional
generic_catalog_details	poi_006087	Ring of shadows: Ghorrock Dungeon	teleport	2912	10336	0	Runtime shop/travel enrichment and simple labels may make this intentional
generic_catalog_details	poi_006088	Ring of shadows: The Scar	teleport	2019	6434	0	Runtime shop/travel enrichment and simple labels may make this intentional
generic_catalog_details	poi_006104	Barbarian Assault Minigame Teleport	teleport	2531	3569	0	Runtime shop/travel enrichment and simple labels may make this intentional
generic_catalog_details	poi_006105	Blast Furnace Minigame Teleport	teleport	2894	10214	0	Runtime shop/travel enrichment and simple labels may make this intentional
generic_catalog_details	poi_006108	Fishing Trawler Minigame Teleport	teleport	2658	3157	0	Runtime shop/travel enrichment and simple labels may make this intentional
generic_catalog_details	poi_006109	Giant's Foundry Minigame Teleport	teleport	3361	3149	0	Runtime shop/travel enrichment and simple labels may make this intentional
generic_catalog_details	poi_006110	Guardians of the Rift Minigame Teleport	teleport	3614	9477	0	Runtime shop/travel enrichment and simple labels may make this intentional
generic_catalog_details	poi_006111	Mage Training Arena Minigame Teleport	teleport	3363	3295	0	Runtime shop/travel enrichment and simple labels may make this intentional
generic_catalog_details	poi_006112	Nightmare Zone Minigame Teleport	teleport	2609	3114	0	Runtime shop/travel enrichment and simple labels may make this intentional
generic_catalog_details	poi_006114	Rat Pits Minigame Teleport: 1. Ardougne	teleport	2561	3319	0	Runtime shop/travel enrichment and simple labels may make this intentional
generic_catalog_details	poi_006115	Rat Pits Minigame Teleport: 2. Varrock	teleport	3262	3405	0	Runtime shop/travel enrichment and simple labels may make this intentional
generic_catalog_details	poi_006116	Rat Pits Minigame Teleport: 3. Keldagrim	teleport	2914	10193	0	Runtime shop/travel enrichment and simple labels may make this intentional
generic_catalog_details	poi_006117	Rat Pits Minigame Teleport: 4. Port Sarim	teleport	3018	3231	0	Runtime shop/travel enrichment and simple labels may make this intentional
generic_catalog_details	poi_006118	Shades of Mort'ton Minigame Teleport	teleport	3506	3304	0	Runtime shop/travel enrichment and simple labels may make this intentional
generic_catalog_details	poi_006119	Soul Wars Minigame Teleport	teleport	2018	5929	0	Runtime shop/travel enrichment and simple labels may make this intentional
generic_catalog_details	poi_006120	Tithe Farm Minigame Teleport	teleport	1792	3501	0	Runtime shop/travel enrichment and simple labels may make this intentional
generic_catalog_details	poi_006121	Trouble Brewing Minigame Teleport	teleport	3801	3015	0	Runtime shop/travel enrichment and simple labels may make this intentional
generic_catalog_details	poi_006123	Teleport portal	teleport	3147	3638	0	Runtime shop/travel enrichment and simple labels may make this intentional
generic_catalog_details	poi_006124	Teleport portal	teleport	3147	3639	0	Runtime shop/travel enrichment and simple labels may make this intentional
generic_catalog_details	poi_006125	Teleport portal	teleport	3147	3640	0	Runtime shop/travel enrichment and simple labels may make this intentional
generic_catalog_details	poi_006126	Teleport portal	teleport	2376	9489	0	Runtime shop/travel enrichment and simple labels may make this intentional
generic_catalog_details	poi_006127	Teleport portal	teleport	2438	3097	0	Runtime shop/travel enrichment and simple labels may make this intentional
generic_catalog_details	poi_006128	Teleport portal	teleport	2438	3096	0	Runtime shop/travel enrichment and simple labels may make this intentional
generic_catalog_details	poi_006129	Teleport portal	teleport	2436	3095	0	Runtime shop/travel enrichment and simple labels may make this intentional
generic_catalog_details	poi_006130	Teleport portal	teleport	2437	3095	0	Runtime shop/travel enrichment and simple labels may make this intentional
generic_catalog_details	poi_006131	Teleport portal	teleport	2436	3091	0	Runtime shop/travel enrichment and simple labels may make this intentional
generic_catalog_details	poi_006132	Teleport portal	teleport	2437	3091	0	Runtime shop/travel enrichment and simple labels may make this intentional
generic_catalog_details	poi_006135	Teleport portal	teleport	2436	3088	0	Runtime shop/travel enrichment and simple labels may make this intentional
generic_catalog_details	poi_006136	Teleport portal	teleport	2437	3088	0	Runtime shop/travel enrichment and simple labels may make this intentional
generic_catalog_details	poi_006137	Teleport portal	teleport	2416	9524	0	Runtime shop/travel enrichment and simple labels may make this intentional
generic_catalog_details	poi_006138	Teleport portal	teleport	2436	3084	0	Runtime shop/travel enrichment and simple labels may make this intentional
generic_catalog_details	poi_006139	Teleport portal	teleport	2437	3084	0	Runtime shop/travel enrichment and simple labels may make this intentional
generic_catalog_details	poi_006140	Teleport portal	teleport	2438	3083	0	Runtime shop/travel enrichment and simple labels may make this intentional
generic_catalog_details	poi_006141	Teleport portal	teleport	2438	3082	0	Runtime shop/travel enrichment and simple labels may make this intentional
generic_catalog_details	poi_006142	Teleport portal	teleport	2374	9488	0	Runtime shop/travel enrichment and simple labels may make this intentional
generic_catalog_details	poi_006143	Teleport portal	teleport	2375	9488	0	Runtime shop/travel enrichment and simple labels may make this intentional
generic_catalog_details	poi_006144	Teleport portal	teleport	2376	9487	0	Runtime shop/travel enrichment and simple labels may make this intentional
generic_catalog_details	poi_006145	Teleport portal	teleport	2376	9486	0	Runtime shop/travel enrichment and simple labels may make this intentional
generic_catalog_details	poi_006146	Teleport portal	teleport	2374	9485	0	Runtime shop/travel enrichment and simple labels may make this intentional
generic_catalog_details	poi_006147	Teleport portal	teleport	2375	9485	0	Runtime shop/travel enrichment and simple labels may make this intentional
generic_catalog_details	poi_006148	Teleport portal	teleport	2373	9486	0	Runtime shop/travel enrichment and simple labels may make this intentional
generic_catalog_details	poi_006149	Teleport portal	teleport	2373	9487	0	Runtime shop/travel enrichment and simple labels may make this intentional
generic_catalog_details	poi_006150	Teleport portal	teleport	2424	9531	0	Runtime shop/travel enrichment and simple labels may make this intentional
generic_catalog_details	poi_006151	Teleport portal	teleport	2425	9531	0	Runtime shop/travel enrichment and simple labels may make this intentional
generic_catalog_details	poi_006152	Teleport portal	teleport	2426	9530	0	Runtime shop/travel enrichment and simple labels may make this intentional
generic_catalog_details	poi_006153	Teleport portal	teleport	2426	9529	0	Runtime shop/travel enrichment and simple labels may make this intentional
generic_catalog_details	poi_006154	Teleport portal	teleport	2424	9528	0	Runtime shop/travel enrichment and simple labels may make this intentional
generic_catalog_details	poi_006155	Teleport portal	teleport	2425	9528	0	Runtime shop/travel enrichment and simple labels may make this intentional
generic_catalog_details	poi_006156	Teleport portal	teleport	2423	9529	0	Runtime shop/travel enrichment and simple labels may make this intentional
generic_catalog_details	poi_006157	Teleport portal	teleport	2423	9530	0	Runtime shop/travel enrichment and simple labels may make this intentional
generic_catalog_details	poi_006158	Teleport portal	teleport	3327	4751	0	Runtime shop/travel enrichment and simple labels may make this intentional
generic_catalog_details	poi_006159	Teleport portal	teleport	3128	3625	0	Runtime shop/travel enrichment and simple labels may make this intentional
generic_catalog_details	poi_006160	Teleport portal	teleport	3128	3627	0	Runtime shop/travel enrichment and simple labels may make this intentional
generic_catalog_details	poi_006161	Teleport portal	teleport	3128	3628	0	Runtime shop/travel enrichment and simple labels may make this intentional
generic_catalog_details	poi_006162	Teleport portal	teleport	3128	3629	0	Runtime shop/travel enrichment and simple labels may make this intentional
generic_catalog_details	poi_006163	Teleport portal	teleport	3328	4751	0	Runtime shop/travel enrichment and simple labels may make this intentional
generic_catalog_details	poi_006164	Teleport portal	teleport	3109	3159	0	Runtime shop/travel enrichment and simple labels may make this intentional
generic_catalog_details	poi_006165	Teleport portal	teleport	2595	3087	2	Runtime shop/travel enrichment and simple labels may make this intentional
generic_catalog_details	poi_006166	Teleport portal	teleport	2595	3088	2	Runtime shop/travel enrichment and simple labels may make this intentional
generic_catalog_details	poi_006167	Teleport portal	teleport	2907	3333	0	Runtime shop/travel enrichment and simple labels may make this intentional
generic_catalog_details	poi_006168	Teleport portal	teleport	2590	3083	2	Runtime shop/travel enrichment and simple labels may make this intentional
generic_catalog_details	poi_006169	Teleport portal	teleport	2591	3083	2	Runtime shop/travel enrichment and simple labels may make this intentional
generic_catalog_details	poi_006170	Teleport portal	teleport	2703	3406	0	Runtime shop/travel enrichment and simple labels may make this intentional
generic_catalog_details	poi_006171	Teleport portal	teleport	2586	3087	2	Runtime shop/travel enrichment and simple labels may make this intentional
generic_catalog_details	poi_006172	Teleport portal	teleport	2586	3088	2	Runtime shop/travel enrichment and simple labels may make this intentional
generic_catalog_details	poi_006173	2: Ferox Enclave | Teleport portal	teleport	3158	10027	0	Runtime shop/travel enrichment and simple labels may make this intentional
generic_catalog_details	poi_006174	2: Ferox Enclave | 1: Edgeville | Teleport portal	teleport	2206	2858	0	Runtime shop/travel enrichment and simple labels may make this intentional
generic_catalog_details	poi_006175	2: Ferox Enclave | 1: Edgeville	teleport	2206	2857	0	Runtime shop/travel enrichment and simple labels may make this intentional
generic_catalog_details	poi_006176	2: Ferox Enclave | 1: Edgeville	teleport	2206	2859	0	Runtime shop/travel enrichment and simple labels may make this intentional
generic_catalog_details	poi_006177	2: Ferox Enclave | 1: Edgeville	teleport	2204	2859	0	Runtime shop/travel enrichment and simple labels may make this intentional
generic_catalog_details	poi_006178	2: Ferox Enclave | 1: Edgeville	teleport	2204	2858	0	Runtime shop/travel enrichment and simple labels may make this intentional
generic_catalog_details	poi_006179	2: Ferox Enclave | 1: Edgeville	teleport	2204	2857	0	Runtime shop/travel enrichment and simple labels may make this intentional
generic_catalog_details	poi_006180	2: Ferox Enclave | 1: Edgeville	teleport	2205	2856	0	Runtime shop/travel enrichment and simple labels may make this intentional
generic_catalog_details	poi_006181	2: Ferox Enclave | 1: Edgeville	teleport	2205	2860	0	Runtime shop/travel enrichment and simple labels may make this intentional
generic_catalog_details	poi_006182	1: Edgeville | Teleport portal	teleport	3081	3475	0	Runtime shop/travel enrichment and simple labels may make this intentional
generic_catalog_details	poi_006183	Teleport portal	teleport	3084	3476	0	Runtime shop/travel enrichment and simple labels may make this intentional
generic_catalog_details	poi_006184	Teleport portal	teleport	3083	3476	0	Runtime shop/travel enrichment and simple labels may make this intentional
generic_catalog_details	poi_006185	Teleport portal	teleport	3082	3476	0	Runtime shop/travel enrichment and simple labels may make this intentional
generic_catalog_details	poi_006186	Teleport portal	teleport	3081	3474	0	Runtime shop/travel enrichment and simple labels may make this intentional
generic_catalog_details	poi_006187	Teleport portal	teleport	3081	3473	0	Runtime shop/travel enrichment and simple labels may make this intentional
generic_catalog_details	poi_006188	Teleport portal	teleport	3158	10028	0	Runtime shop/travel enrichment and simple labels may make this intentional
generic_catalog_details	poi_006189	Teleport portal	teleport	3158	10026	0	Runtime shop/travel enrichment and simple labels may make this intentional
generic_catalog_details	poi_006190	Teleport portal	teleport	2721	4911	0	Runtime shop/travel enrichment and simple labels may make this intentional
generic_catalog_details	poi_006191	Teleport portal	teleport	2720	4884	2	Runtime shop/travel enrichment and simple labels may make this intentional
generic_catalog_details	poi_006192	Teleport portal	teleport	2719	4884	2	Runtime shop/travel enrichment and simple labels may make this intentional
generic_catalog_details	poi_006193	Teleport portal	teleport	2721	4884	2	Runtime shop/travel enrichment and simple labels may make this intentional
generic_catalog_details	poi_006194	Teleport portal	teleport	2718	4883	2	Runtime shop/travel enrichment and simple labels may make this intentional
generic_catalog_details	poi_006195	Teleport portal	teleport	2722	4883	2	Runtime shop/travel enrichment and simple labels may make this intentional
generic_catalog_details	poi_006196	Teleport portal	teleport	2719	4882	2	Runtime shop/travel enrichment and simple labels may make this intentional
generic_catalog_details	poi_006197	Teleport portal	teleport	2720	4882	2	Runtime shop/travel enrichment and simple labels may make this intentional
generic_catalog_details	poi_006198	Teleport portal	teleport	2721	4882	2	Runtime shop/travel enrichment and simple labels may make this intentional
generic_catalog_details	poi_006199	Teleport portal	teleport	2677	5214	2	Runtime shop/travel enrichment and simple labels may make this intentional
generic_catalog_details	poi_006200	Teleport portal	teleport	3110	3363	2	Runtime shop/travel enrichment and simple labels may make this intentional
generic_catalog_details	poi_006201	Teleport portal	teleport	3111	3363	2	Runtime shop/travel enrichment and simple labels may make this intentional
generic_catalog_details	poi_006202	Teleport portal	teleport	2677	5215	2	Runtime shop/travel enrichment and simple labels may make this intentional
generic_catalog_details	poi_006203	Teleport portal	teleport	2678	5213	2	Runtime shop/travel enrichment and simple labels may make this intentional
generic_catalog_details	poi_006204	Teleport portal	teleport	3157	9818	0	Runtime shop/travel enrichment and simple labels may make this intentional
generic_catalog_details	poi_006205	Teleport portal	teleport	3097	3508	1	Runtime shop/travel enrichment and simple labels may make this intentional
generic_catalog_details	poi_006206	Teleport portal	teleport	2021	5223	0	Runtime shop/travel enrichment and simple labels may make this intentional
generic_catalog_details	poi_006207	Teleport portal	teleport	2040	5240	0	Runtime shop/travel enrichment and simple labels may make this intentional
generic_catalog_details	poi_006208	Teleport portal	teleport	1914	5222	0	Runtime shop/travel enrichment and simple labels may make this intentional
generic_catalog_details	poi_006209	Teleport portal	teleport	1863	5239	0	Runtime shop/travel enrichment and simple labels may make this intentional
generic_catalog_details	poi_006210	Teleport portal	teleport	2146	5287	0	Runtime shop/travel enrichment and simple labels may make this intentional
generic_catalog_details	poi_006211	Teleport portal	teleport	2120	5257	0	Runtime shop/travel enrichment and simple labels may make this intentional
generic_catalog_details	poi_006212	Teleport portal	teleport	2119	5258	0	Runtime shop/travel enrichment and simple labels may make this intentional
generic_catalog_details	poi_006213	Teleport portal	teleport	2121	5258	0	Runtime shop/travel enrichment and simple labels may make this intentional
generic_catalog_details	poi_006214	Teleport portal	teleport	2341	5219	0	Runtime shop/travel enrichment and simple labels may make this intentional
generic_catalog_details	poi_006215	Teleport portal	teleport	2364	5212	0	Runtime shop/travel enrichment and simple labels may make this intentional
generic_catalog_details	poi_006216	Teleport portal	teleport	3233	2887	0	Runtime shop/travel enrichment and simple labels may make this intentional
generic_catalog_details	poi_006217	Teleport portal	teleport	3233	9313	0	Runtime shop/travel enrichment and simple labels may make this intentional
generic_catalog_details	poi_006218	Teleport portal	teleport	3234	9312	0	Runtime shop/travel enrichment and simple labels may make this intentional
generic_catalog_details	poi_006219	Teleport portal	teleport	3232	9312	0	Runtime shop/travel enrichment and simple labels may make this intentional
generic_catalog_details	poi_006220	Teleport portal	teleport	3615	9470	0	Runtime shop/travel enrichment and simple labels may make this intentional
generic_catalog_details	poi_006221	Teleport portal	teleport	3104	9573	0	Runtime shop/travel enrichment and simple labels may make this intentional
generic_catalog_details	poi_006222	Teleport portal	teleport	3616	9470	0	Runtime shop/travel enrichment and simple labels may make this intentional
generic_catalog_details	poi_006223	Teleport portal	teleport	3614	9470	0	Runtime shop/travel enrichment and simple labels may make this intentional
generic_catalog_details	poi_006224	Heroes' Guild	teleport	2904	3512	0	Runtime shop/travel enrichment and simple labels may make this intentional
generic_catalog_details	poi_006225	Heroes' Guild | Champions' Guild	teleport	2456	2855	2	Runtime shop/travel enrichment and simple labels may make this intentional
generic_catalog_details	poi_006226	Heroes' Guild	teleport	2456	2854	2	Runtime shop/travel enrichment and simple labels may make this intentional
generic_catalog_details	poi_006227	Heroes' Guild	teleport	2456	2853	2	Runtime shop/travel enrichment and simple labels may make this intentional
generic_catalog_details	poi_006229	Champions' Guild | Legends' Guild	teleport	2458	2855	2	Runtime shop/travel enrichment and simple labels may make this intentional
generic_catalog_details	poi_006230	Champions' Guild	teleport	2457	2855	2	Runtime shop/travel enrichment and simple labels may make this intentional
generic_catalog_details	poi_006234	Ape Atoll Dungeon Portal | Annakarl Portal | Ardougne Portal | Arceuus Library Portal | Barbarian Outpost Portal | Barrows Portal | Battlefront Portal | Camelot Portal | Seers' Village Portal | Carrallanger Portal | Catherby Portal | Civitas illa Fortis Portal | Cemetery Portal | Dareeyak Portal | Draynor Manor Portal | Falador Portal | Fenkenstrain's Castle Portal | Fishing Guild Portal | Ghorrock Portal | Grand Exchange Portal | Harmony Island Portal | Ice Plateau Portal | Kharyrll Portal | Kourend Portal | Lassar Portal | Lumbridge Portal | Lunar Isle Portal | Marim Portal | Mind Altar Portal | Ourania Portal | Paddewwa Portal | Port Khazard Portal | Respawn Portal (Lumbridge) | Respawn Portal (Falador) | Respawn Portal (Camelot) | Respawn Portal (Edgeville) | Respawn Portal (Prifddinas) | Respawn Portal (Ferox Enclave) | Respawn Portal (Kourend Castle) | Respawn Portal (Civitas illa Fortis) | Salve Graveyard Portal | Senntisten Portal | Trollheim Portal | Troll Stronghold Portal | Varrock Portal | Waterbirth Island Portal | Weiss Portal | West Ardougne Portal	teleport	1928	5731	0	Runtime shop/travel enrichment and simple labels may make this intentional
generic_catalog_details	poi_006237	Respawn Portal (Edgeville)	teleport	3095	3469	0	Runtime shop/travel enrichment and simple labels may make this intentional
generic_catalog_details	poi_006238	Respawn Portal (Prifddinas)	teleport	3265	6077	0	Runtime shop/travel enrichment and simple labels may make this intentional
generic_catalog_details	poi_006240	Respawn Portal (Kourend Castle)	teleport	1630	3674	0	Runtime shop/travel enrichment and simple labels may make this intentional
generic_catalog_details	poi_006243	Watchtower Portal | Yanille Portal	teleport	1864	5732	0	Runtime shop/travel enrichment and simple labels may make this intentional
generic_catalog_details	poi_006244	Teleport lever	teleport	3154	3924	0	Runtime shop/travel enrichment and simple labels may make this intentional
generic_catalog_details	poi_006245	Teleport lever	teleport	2561	3311	0	Runtime shop/travel enrichment and simple labels may make this intentional
generic_catalog_details	poi_006246	Teleport lever	teleport	2562	3311	0	Runtime shop/travel enrichment and simple labels may make this intentional
generic_catalog_details	poi_006247	Teleport lever	teleport	3153	3923	0	Runtime shop/travel enrichment and simple labels may make this intentional
generic_catalog_details	poi_006248	Teleport lever	teleport	2271	4680	0	Runtime shop/travel enrichment and simple labels may make this intentional
generic_catalog_details	poi_006249	Teleport lever	teleport	3067	10253	0	Runtime shop/travel enrichment and simple labels may make this intentional
generic_catalog_details	poi_006250	Teleport lever	teleport	3067	10254	0	Runtime shop/travel enrichment and simple labels may make this intentional
generic_catalog_details	poi_006251	Teleport lever	teleport	3090	3475	0	Runtime shop/travel enrichment and simple labels may make this intentional
generic_catalog_details	poi_006252	Edgeville | Karamja | Draynor Village | Al Kharid | Myths' Guild	teleport	1960	5750	0	Runtime shop/travel enrichment and simple labels may make this intentional
generic_catalog_details	poi_006253	1: Lookout | 2: Glade | 3: Inferno | 4: Heart | 5: Honour | 1: Digsite | 2: Fossil Island | 3: Lithkren	teleport	1886	5760	0	Runtime shop/travel enrichment and simple labels may make this intentional
generic_catalog_details	poi_006254	1: Emir's Arena | 2: Castle Wars | 3: Ferox Enclave | 4: Fortis Colosseum | 5: Burthorpe | 6: Barbarian Outpost | 7: Corporeal Beast | 8: Chasm of Tears | 9: Wintertodt Camp | A: Warriors' Guild | B: Champions' Guild | C: Edgeville Monastery | D: Ranging Guild | E: Fishing Guild | F: Mining Guild | G: Crafting Guild | H: Cooking Guild | I: Woodcutting Guild | J: Farming Guild | K: Miscellania | L: Grand Exchange | M: Falador Park | N: Dondakan's Rock | O: Edgeville | P: Karamja | Q: Draynor Village | R: Al Kharid	teleport	1870	5698	0	Runtime shop/travel enrichment and simple labels may make this intentional
generic_catalog_details	poi_006255	7: Corporeal Beast	teleport	2967	4254	0	Runtime shop/travel enrichment and simple labels may make this intentional
generic_catalog_details	poi_006257	F: Mining Guild	teleport	3046	9735	0	Runtime shop/travel enrichment and simple labels may make this intentional
generic_catalog_details	poi_006312	Wilderness obelisk	teleport	1888	5717	0	Runtime shop/travel enrichment and simple labels may make this intentional
generic_catalog_details	poi_006432	Zanaris bank	bank	2383	4459	0	Runtime shop/travel enrichment and simple labels may make this intentional
generic_catalog_details	poi_006433	Mor Ul Rek north bank	bank	2446	5179	0	Runtime shop/travel enrichment and simple labels may make this intentional
generic_catalog_details	poi_006434	Tarn's Lair bank	bank	3195	4570	0	Runtime shop/travel enrichment and simple labels may make this intentional
generic_catalog_details	poi_006435	Hosidius bank	bank	1748	3599	0	Runtime shop/travel enrichment and simple labels may make this intentional
generic_catalog_details	poi_006436	Hosidius Kitchen chest	bank	1676	3616	0	Runtime shop/travel enrichment and simple labels may make this intentional
generic_catalog_details	poi_006437	Shayzien bank	bank	1487	3593	0	Runtime shop/travel enrichment and simple labels may make this intentional
generic_catalog_details	poi_006438	Ent dungeon chest	bank	1549	9875	0	Runtime shop/travel enrichment and simple labels may make this intentional
generic_catalog_details	poi_006439	Mining Guild chest	bank	3012	9718	0	Runtime shop/travel enrichment and simple labels may make this intentional
generic_catalog_details	poi_006440	Unkah chest	bank	3156	2837	0	Runtime shop/travel enrichment and simple labels may make this intentional
generic_catalog_details	poi_006441	Camdozaal chest	bank	2978	5799	0	Runtime shop/travel enrichment and simple labels may make this intentional
generic_catalog_details	poi_006442	Shayzien Encampment bank chest	bank	1485	3646	0	Runtime shop/travel enrichment and simple labels may make this intentional
generic_catalog_details	poi_006443	Ancient Prison bank	bank	2904	5205	0	Runtime shop/travel enrichment and simple labels may make this intentional
generic_catalog_details	poi_006444	Guardians of the Rift chest	bank	3619	9473	0	Runtime shop/travel enrichment and simple labels may make this intentional
generic_catalog_details	poi_006445	Hunter Guild bank	bank	1542	3040	0	Runtime shop/travel enrichment and simple labels may make this intentional
generic_catalog_details	poi_006446	Fortis west bank	bank	1648	3118	0	Runtime shop/travel enrichment and simple labels may make this intentional
generic_catalog_details	poi_006447	Alchemical Society chest	bank	1399	9313	0	Runtime shop/travel enrichment and simple labels may make this intentional
generic_catalog_details	poi_006448	Quetzacalli Gorge bank	bank	1520	3229	0	Runtime shop/travel enrichment and simple labels may make this intentional
generic_catalog_details	poi_006449	Deepfin Mine western chest	bank	2011	9185	0	Runtime shop/travel enrichment and simple labels may make this intentional
generic_catalog_details	poi_006450	Sangvesti bank	bank	2581	7832	0	Runtime shop/travel enrichment and simple labels may make this intentional
generic_catalog_details	poi_006476	Dorgesh-Kaan	dungeon	3230	3215	0	Runtime shop/travel enrichment and simple labels may make this intentional
generic_catalog_details	poi_006477	Dorgesh-Kaan South Dungeon	dungeon	3290	3077	0	Runtime shop/travel enrichment and simple labels may make this intentional
generic_catalog_details	poi_006478	Rogues' Den	dungeon	2906	3537	0	Runtime shop/travel enrichment and simple labels may make this intentional
generic_catalog_details	poi_006479	The Abyss	dungeon	3105	3558	0	Runtime shop/travel enrichment and simple labels may make this intentional
generic_catalog_details	poi_006482	Prifddinas Grand Library	dungeon	2272	3341	0	Runtime shop/travel enrichment and simple labels may make this intentional
generic_catalog_details	poi_006483	Prifddinas Underground	dungeon	2211	3303	0	Runtime shop/travel enrichment and simple labels may make this intentional
generic_catalog_details	poi_006490	Neypotzli (Moons of Peril)	dungeon	1439	3279	0	Runtime shop/travel enrichment and simple labels may make this intentional
generic_catalog_details	poi_006516	Water mill cellar	basement	3166	3307	0	Runtime shop/travel enrichment and simple labels may make this intentional
generic_catalog_details	poi_006518	Varrock Museum Basement	basement	3256	3451	0	Runtime shop/travel enrichment and simple labels may make this intentional
generic_catalog_details	poi_006519	Varrock Rat Pits	dungeon	3262	3401	0	Runtime shop/travel enrichment and simple labels may make this intentional
generic_catalog_details	poi_006521	Sorceress's Garden	dungeon	3320	3141	0	Runtime shop/travel enrichment and simple labels may make this intentional
generic_catalog_details	poi_006522	Digsite Dungeon	dungeon	3354	3425	0	Runtime shop/travel enrichment and simple labels may make this intentional
generic_catalog_details	poi_006561	Polar Eagle Lair	dungeon	2743	3831	0	Runtime shop/travel enrichment and simple labels may make this intentional
generic_catalog_details	poi_006562	Rantz's Cave	dungeon	2630	2980	0	Runtime shop/travel enrichment and simple labels may make this intentional
generic_catalog_details	poi_006563	Harmony Island Basement	basement	3805	2844	0	Runtime shop/travel enrichment and simple labels may make this intentional
generic_catalog_details	poi_006564	KGP Headquarters	dungeon	2638	4011	0	Runtime shop/travel enrichment and simple labels may make this intentional
generic_catalog_details	poi_006565	Tunnel of Chaos	dungeon	3284	3469	0	Runtime shop/travel enrichment and simple labels may make this intentional
generic_catalog_details	poi_006566	Ungael Laboratory	dungeon	2272	4064	0	Runtime shop/travel enrichment and simple labels may make this intentional
generic_catalog_details	poi_006567	Genie Cave	dungeon	3374	2905	0	Runtime shop/travel enrichment and simple labels may make this intentional
generic_catalog_details	poi_006568	Black Knight Catacombs	dungeon	3020	3514	0	Runtime shop/travel enrichment and simple labels may make this intentional
generic_catalog_details	poi_006572	Desert Mining Camp Dungeon	dungeon	3288	3021	0	Runtime shop/travel enrichment and simple labels may make this intentional
generic_catalog_details	poi_006573	Crash Site Cavern	dungeon	2436	3520	0	Runtime shop/travel enrichment and simple labels may make this intentional
generic_catalog_details	poi_006574	Library Historical Archive	dungeon	1624	3808	0	Runtime shop/travel enrichment and simple labels may make this intentional
generic_catalog_details	poi_006575	Brine Rat Cavern	dungeon	2748	3736	0	Runtime shop/travel enrichment and simple labels may make this intentional
generic_catalog_details	poi_006576	Underground Military Glider Hangar	dungeon	2484	3487	1	Runtime shop/travel enrichment and simple labels may make this intentional
generic_catalog_details	poi_006585	Enchanted Valley	dungeon	3035	4520	0	Runtime shop/travel enrichment and simple labels may make this intentional
generic_catalog_details	poi_006586	Mogre Camp	dungeon	2990	3110	0	Runtime shop/travel enrichment and simple labels may make this intentional
generic_catalog_details	poi_006587	Kendal's Lair	dungeon	2780	3680	0	Runtime shop/travel enrichment and simple labels may make this intentional
generic_catalog_details	poi_007430	Karamja gloves 4: Slayer Master	teleport	2869	2982	1	Runtime shop/travel enrichment and simple labels may make this intentional
generic_catalog_details	poi_007431	Morytania legs: Slime Pit	teleport	3683	9888	0	Runtime shop/travel enrichment and simple labels may make this intentional
generic_catalog_details	poi_007432	Ring of wealth: Dondakan | N: Dondakan's Rock	teleport	2824	10168	0	Runtime shop/travel enrichment and simple labels may make this intentional
generic_catalog_details	poi_007439	Achievement diary cape: B. Hatius Cosaintus	teleport	3234	3214	0	Runtime shop/travel enrichment and simple labels may make this intentional
generic_catalog_details	poi_007443	Hallowed crystal shard	teleport	2400	5982	0	Runtime shop/travel enrichment and simple labels may make this intentional
generic_catalog_details	poi_007444	TzHaar Fight Pit Minigame Teleport	teleport	2399	5177	0	Runtime shop/travel enrichment and simple labels may make this intentional
generic_catalog_details	poi_007445	Teleport lever	teleport	2539	4712	0	Runtime shop/travel enrichment and simple labels may make this intentional
generic_catalog_details	poi_007446	Teleport lever	teleport	3090	3956	0	Runtime shop/travel enrichment and simple labels may make this intentional
