location_id	poi_id	icon_key	x	y	plane	rendered	searchable	identity_status	detail_title	details	source_ref	nearest_snapshot_id	snapshot_tooltip	distance_tiles	review_flags
poi_000004	poi_000004	rare_trees	2543	2184	0	true	true	unresolved	Yew trees (Level 60)	Level requirement: Level 60 Woodcutting\nTool needed: Axe (Bronze to Crystal)\nYield: Logs, Birds' nests\nYew tree - Level 60\nRequires Level 60 Woodcutting	Pre-consolidation PoiIndex/PoiDetails snapshot; identity not globally verified; poi/curated-details.tsv:204	RareTreeLocation.YEW	Yew tree - Level 60	1.0	
poi_000005	poi_000005	rare_trees	2562	2191	0	true	true	unresolved	Wyrmscraig - Maple trees (Level 45)	Trees: Maple tree\nLevel requirement: Level 45 Woodcutting\nTool needed: Axe	Pre-consolidation PoiIndex/PoiDetails snapshot; identity not globally verified; poi/curated-details.tsv:874; description corrected 2026-10-08 against https://github.com/runelite/runelite/blob/42a6f17a6a2e8e478aa763890ecd0181a59dad38/runelite-client/src/main/java/net/runelite/client/plugins/worldmap/RareTreeLocation.java#L79	RareTreeLocation.MAPLE	Maple tree - Level 45	1.0	
poi_000006	poi_000006	hunter_training	2572	2195	0	true	true	unresolved	Wyrmscraig - Goats (Level 60)	Target: Wyrmscraig goat (Hunter level 60)\nLevel requirement: Level 60 Hunter\nCatch method: Tracking (Noose wand) / Box trap\nRegion: Isle of Wyrms / Wyrmscraig\nWyrmscraig goat (60)	Pre-consolidation PoiIndex/PoiDetails snapshot; identity not globally verified; poi/curated-details.tsv:880	HunterAreaLocation.WYRMSCRAIG	Wyrmscraig goat (60)	1.0	
poi_000007	poi_000007	rare_trees	2579	2199	0	true	true	unresolved	Wyrmscraig - Maple trees (Level 45)	Trees: Maple tree\nLevel requirement: Level 45 Woodcutting\nTool needed: Axe	Pre-consolidation PoiIndex/PoiDetails snapshot; identity not globally verified; poi/curated-details.tsv:875; description corrected 2026-10-08 against https://github.com/runelite/runelite/blob/42a6f17a6a2e8e478aa763890ecd0181a59dad38/runelite-client/src/main/java/net/runelite/client/plugins/worldmap/RareTreeLocation.java#L79	RareTreeLocation.MAPLE	Maple tree - Level 45	1.0	
poi_000015	poi_000015	fishing_spot	2575	2219	0	true	true	unresolved	Fishing Spot (Lobster & Swordfish)	Method / Fish: Lobster & Swordfish\nTools: Net, Rod + Bait, Pot, or Harpoon\nCoastal saltwater fishing\nShark / Lobster	Pre-consolidation PoiIndex/PoiDetails snapshot; identity not globally verified; poi/curated-details.tsv:1160	FishingSpotLocation.WYRMSCRAIG	Shark / Lobster	1.0	
poi_000019	poi_000019	mining_site	2614	2237	0	true	true	unresolved	Sunstone & Iron Mining Site	Ores available: Sunstone, Iron\nTool needed: Pickaxe (Bronze to Crystal)\nSunstone used for craftables\n9 Sunstone\n5 Coal\n2 Mithril\n1 Runite	Pre-consolidation PoiIndex/PoiDetails snapshot; identity not globally verified; poi/curated-details.tsv:1424	MiningSiteLocation.WYRMSCRAIG_EAST	9 Sunstone<br>5 Coal<br>2 Mithril<br>1 Runite	1.0	
poi_000020	poi_000020	mining_site	2598	2239	0	true	true	unresolved	Sunstone & Iron Mining Site	Ores available: Sunstone, Iron\nTool needed: Pickaxe (Bronze to Crystal)\nSunstone used for craftables\n13 Sunstone\n5 Iron\n8 Coal	Pre-consolidation PoiIndex/PoiDetails snapshot; identity not globally verified; poi/curated-details.tsv:1425	MiningSiteLocation.WYRMSCRAIG_WEST	13 Sunstone<br>5 Iron<br>8 Coal	1.0	
poi_000037	poi_000037	fishing_spot	3003	2276	0	true	true	unresolved	Fishing Spot (Squid)	Fish: Squid\nCheck Fishing skill guide for method and level requirements	Pre-consolidation PoiIndex/PoiDetails snapshot; identity not globally verified; poi/curated-details.tsv:1161; description corrected 2026-10-08 against https://github.com/runelite/runelite/blob/42a6f17a6a2e8e478aa763890ecd0181a59dad38/runelite-client/src/main/java/net/runelite/client/plugins/worldmap/FishingSpotLocation.java#L181	FishingSpotLocation.ONYX_CREST	Squid	1.0	
poi_000053	poi_000053	dungeon_link	2220	2331	0	true	true	unresolved	Sunbleak Cave entrance	Enter Sunbleak Cave.	Pre-consolidation PoiIndex/PoiDetails snapshot; identity not globally verified; poi/curated-details.tsv:1705				no_same_type_snapshot_within_12_tiles
poi_000062	poi_000062	fishing_spot	3191	2376	0	true	true	unresolved	Fishing Spot (Bass, Shark)	Fish: Bass, Shark\nCheck Fishing skill guide for method and level requirements	Pre-consolidation PoiIndex/PoiDetails snapshot; identity not globally verified; poi/curated-details.tsv:1162; description corrected 2026-10-08 against https://github.com/runelite/runelite/blob/42a6f17a6a2e8e478aa763890ecd0181a59dad38/runelite-client/src/main/java/net/runelite/client/plugins/worldmap/FishingSpotLocation.java#L121	FishingSpotLocation.GREAT_CONCH_SOUTH	Shark	1.0	
poi_000063	poi_000063	fishing_spot	3169	2386	0	true	true	unresolved	Fishing Spot (Bass, Shark)	Fish: Bass, Shark\nCheck Fishing skill guide for method and level requirements	Pre-consolidation PoiIndex/PoiDetails snapshot; identity not globally verified; poi/curated-details.tsv:1163; description corrected 2026-10-08 against https://github.com/runelite/runelite/blob/42a6f17a6a2e8e478aa763890ecd0181a59dad38/runelite-client/src/main/java/net/runelite/client/plugins/worldmap/FishingSpotLocation.java#L121	FishingSpotLocation.GREAT_CONCH_SOUTH	Shark	1.0	
poi_000082	poi_000082	fishing_spot	3269	2411	0	true	true	unresolved	Fishing Spot (Lobster, Swordfish, Tuna)	Fish: Lobster, Swordfish, Tuna\nCheck Fishing skill guide for method and level requirements	Pre-consolidation PoiIndex/PoiDetails snapshot; identity not globally verified; poi/curated-details.tsv:1164; description corrected 2026-10-08 against https://github.com/runelite/runelite/blob/42a6f17a6a2e8e478aa763890ecd0181a59dad38/runelite-client/src/main/java/net/runelite/client/plugins/worldmap/FishingSpotLocation.java#L123	FishingSpotLocation.GREAT_CONCH_SOUTH_EAST	Lobster	1.0	
poi_000086	poi_000086	dungeon_link	2637	2416	0	true	true	unresolved	Charred Dungeon	Enter through the dark hole on Charred Island; attach a rope for the first descent.\n60 Sailing is the island docking requirement.	Pre-consolidation PoiIndex/PoiDetails snapshot; identity not globally verified; poi/curated-details.tsv:1706				no_same_type_snapshot_within_12_tiles
poi_000092	poi_000092	fishing_spot	3211	2425	0	true	true	unresolved	Fishing Spot (Pike, Salmon, Trout)	Fish: Pike, Salmon, Trout\nCheck Fishing skill guide for method and level requirements	Pre-consolidation PoiIndex/PoiDetails snapshot; identity not globally verified; poi/curated-details.tsv:1165; description corrected 2026-10-08 against https://github.com/runelite/runelite/blob/42a6f17a6a2e8e478aa763890ecd0181a59dad38/runelite-client/src/main/java/net/runelite/client/plugins/worldmap/FishingSpotLocation.java#L115	FishingSpotLocation.GREAT_CONCH_CENTER	Salmon	1.0	
poi_000093	poi_000093	fishing_spot	3265	2425	0	true	true	unresolved	Fishing Spot (Lobster, Swordfish, Tuna)	Fish: Lobster, Swordfish, Tuna\nCheck Fishing skill guide for method and level requirements	Pre-consolidation PoiIndex/PoiDetails snapshot; identity not globally verified; poi/curated-details.tsv:1166; description corrected 2026-10-08 against https://github.com/runelite/runelite/blob/42a6f17a6a2e8e478aa763890ecd0181a59dad38/runelite-client/src/main/java/net/runelite/client/plugins/worldmap/FishingSpotLocation.java#L123	FishingSpotLocation.GREAT_CONCH_SOUTH_EAST	Lobster	1.0	
poi_000098	poi_000098	fishing_spot	3195	2437	0	true	true	unresolved	Fishing Spot (Pike, Salmon, Trout)	Fish: Pike, Salmon, Trout\nCheck Fishing skill guide for method and level requirements	Pre-consolidation PoiIndex/PoiDetails snapshot; identity not globally verified; poi/curated-details.tsv:1167; description corrected 2026-10-08 against https://github.com/runelite/runelite/blob/42a6f17a6a2e8e478aa763890ecd0181a59dad38/runelite-client/src/main/java/net/runelite/client/plugins/worldmap/FishingSpotLocation.java#L115	FishingSpotLocation.GREAT_CONCH_CENTER	Salmon	1.0	
poi_000102	poi_000102	dungeon_link	3272	2463	0	true	true	unresolved	Coral Nurseries	Underwater steps off The Great Conch.\nStart Troubled Tortugans; wear diving apparatus and fishbowl helmet, or Medallion of the deep.	Pre-consolidation PoiIndex/PoiDetails snapshot; identity not globally verified; poi/curated-details.tsv:1707				no_same_type_snapshot_within_12_tiles
poi_000107	poi_000107	fishing_spot	3260	2480	0	true	true	unresolved	Fishing Spot (Bass, Shark)	Fish: Bass, Shark\nCheck Fishing skill guide for method and level requirements	Pre-consolidation PoiIndex/PoiDetails snapshot; identity not globally verified; poi/curated-details.tsv:1168; description corrected 2026-10-08 against https://github.com/runelite/runelite/blob/42a6f17a6a2e8e478aa763890ecd0181a59dad38/runelite-client/src/main/java/net/runelite/client/plugins/worldmap/FishingSpotLocation.java#L119	FishingSpotLocation.GREAT_CONCH_NORTH_EAST	Shark	1.0	
poi_000113	poi_000113	fishing_spot	3258	2494	0	true	true	unresolved	Fishing Spot (Bass, Shark)	Fish: Bass, Shark\nCheck Fishing skill guide for method and level requirements	Pre-consolidation PoiIndex/PoiDetails snapshot; identity not globally verified; poi/curated-details.tsv:1169; description corrected 2026-10-08 against https://github.com/runelite/runelite/blob/42a6f17a6a2e8e478aa763890ecd0181a59dad38/runelite-client/src/main/java/net/runelite/client/plugins/worldmap/FishingSpotLocation.java#L119	FishingSpotLocation.GREAT_CONCH_NORTH_EAST	Shark	1.0	
poi_000123	poi_000123	fishing_spot	3156	2537	0	true	true	unresolved	Fishing Spot (Lobster, Swordfish, Tuna)	Fish: Lobster, Swordfish, Tuna\nCheck Fishing skill guide for method and level requirements	Pre-consolidation PoiIndex/PoiDetails snapshot; identity not globally verified; poi/curated-details.tsv:1170; description corrected 2026-10-08 against https://github.com/runelite/runelite/blob/42a6f17a6a2e8e478aa763890ecd0181a59dad38/runelite-client/src/main/java/net/runelite/client/plugins/worldmap/FishingSpotLocation.java#L117	FishingSpotLocation.GREAT_CONCH_NORTH	Lobster	1.0	
poi_000124	poi_000124	fishing_spot	3169	2541	0	true	true	unresolved	Fishing Spot (Lobster, Swordfish, Tuna)	Fish: Lobster, Swordfish, Tuna\nCheck Fishing skill guide for method and level requirements	Pre-consolidation PoiIndex/PoiDetails snapshot; identity not globally verified; poi/curated-details.tsv:1171; description corrected 2026-10-08 against https://github.com/runelite/runelite/blob/42a6f17a6a2e8e478aa763890ecd0181a59dad38/runelite-client/src/main/java/net/runelite/client/plugins/worldmap/FishingSpotLocation.java#L117	FishingSpotLocation.GREAT_CONCH_NORTH	Lobster	1.0	
poi_000128	poi_000128	fishing_spot	2074	2604	0	true	true	unresolved	Fishing Spot (Sea Turtle & Manta Ray)	Method / Fish: Sea Turtle & Manta Ray\nTools: Net, Rod + Bait, Pot, or Harpoon\nHarpoon fishing\nSquid	Pre-consolidation PoiIndex/PoiDetails snapshot; identity not globally verified; poi/curated-details.tsv:1172	FishingSpotLocation.WINTUMBER_ISLAND	Squid	1.0	
poi_000132	poi_000132	fishing_spot	3052	2633	0	true	true	unresolved	Fishing Spot (Bass, Shark)	Fish: Bass, Shark\nCheck Fishing skill guide for method and level requirements	Pre-consolidation PoiIndex/PoiDetails snapshot; identity not globally verified; poi/curated-details.tsv:1173; description corrected 2026-10-08 against https://github.com/runelite/runelite/blob/42a6f17a6a2e8e478aa763890ecd0181a59dad38/runelite-client/src/main/java/net/runelite/client/plugins/worldmap/FishingSpotLocation.java#L81	FishingSpotLocation.DOGNOSE_ISLAND	Shark	1.0	
poi_000154	poi_000154	fishing_spot	2476	2696	0	true	true	unresolved	Fishing Spot (Bass, Shark)	Fish: Bass, Shark\nCheck Fishing skill guide for method and level requirements	Pre-consolidation PoiIndex/PoiDetails snapshot; identity not globally verified; poi/curated-details.tsv:1174; description corrected 2026-10-08 against https://github.com/runelite/runelite/blob/42a6f17a6a2e8e478aa763890ecd0181a59dad38/runelite-client/src/main/java/net/runelite/client/plugins/worldmap/FishingSpotLocation.java#L41	FishingSpotLocation.ANGLERS_RETREAT_SOUTH	Shark	1.0	
poi_000158	poi_000158	fishing_spot	2466	2702	0	true	true	unresolved	Fishing Spot (Lobster & Swordfish)	Method / Fish: Lobster & Swordfish\nTools: Net, Rod + Bait, Pot, or Harpoon\nCage / Harpoon\nLobster	Pre-consolidation PoiIndex/PoiDetails snapshot; identity not globally verified; poi/curated-details.tsv:1175	FishingSpotLocation.ANGLERS_RETREAT_WEST	Lobster	1.0	
poi_000160	poi_000160	dungeon	2763	2703	0	true	true	unresolved	Kruk's Dungeon	Type: Dungeon entrance / underground link\nMonkey Madness II • demonic gorillas, Kruk\nApe Atoll Dungeon	Pre-consolidation PoiIndex/PoiDetails snapshot; identity not globally verified; poi/curated-details.tsv:632	DungeonLocation.APE_ATOLL	Ape Atoll Dungeon	1.0	
poi_000168	poi_000168	fishing_spot	2465	2712	0	true	true	unresolved	Fishing Spot (Lobster & Swordfish)	Method / Fish: Lobster & Swordfish\nTools: Net, Rod + Bait, Pot, or Harpoon\nCage / Harpoon\nLobster	Pre-consolidation PoiIndex/PoiDetails snapshot; identity not globally verified; poi/curated-details.tsv:1176	FishingSpotLocation.ANGLERS_RETREAT_WEST	Lobster	1.0	
poi_000171	poi_000171	fishing_spot	1183	2720	0	true	true	unresolved	Fishing Spot (Squid)	Fish: Squid\nCheck Fishing skill guide for method and level requirements	Pre-consolidation PoiIndex/PoiDetails snapshot; identity not globally verified; poi/curated-details.tsv:1177; description corrected 2026-10-08 against https://github.com/runelite/runelite/blob/42a6f17a6a2e8e478aa763890ecd0181a59dad38/runelite-client/src/main/java/net/runelite/client/plugins/worldmap/FishingSpotLocation.java#L148	FishingSpotLocation.LAGUNA_AURORAE_SOUTH	Squid	1.0	
poi_000175	poi_000175	fishing_spot	1173	2722	0	true	true	unresolved	Fishing Spot (Squid)	Fish: Squid\nCheck Fishing skill guide for method and level requirements	Pre-consolidation PoiIndex/PoiDetails snapshot; identity not globally verified; poi/curated-details.tsv:1178; description corrected 2026-10-08 against https://github.com/runelite/runelite/blob/42a6f17a6a2e8e478aa763890ecd0181a59dad38/runelite-client/src/main/java/net/runelite/client/plugins/worldmap/FishingSpotLocation.java#L148	FishingSpotLocation.LAGUNA_AURORAE_SOUTH	Squid	1.0	
poi_000187	poi_000187	agility_training	2753	2742	0	true	true	unresolved	Ape Atoll Agility Course (Level 48)	Level requirement: Level 48 Agility\nLap XP: 580 XP\nActivity: Obstacle Course • Requires Ninja monkey greegree\nApe Atoll Agility Course	Pre-consolidation PoiIndex/PoiDetails snapshot; identity not globally verified; poi/curated-details.tsv:684	AgilityCourseLocation.APE_ATOLL_AGILITY_COURSE	Ape Atoll Agility Course	1.0	
poi_000204	poi_000204	fishing_spot	1587	2777	0	true	true	unresolved	Fishing Spot (Bass, Shark)	Fish: Bass, Shark\nCheck Fishing skill guide for method and level requirements	Pre-consolidation PoiIndex/PoiDetails snapshot; identity not globally verified; poi/curated-details.tsv:1179; description corrected 2026-10-08 against https://github.com/runelite/runelite/blob/42a6f17a6a2e8e478aa763890ecd0181a59dad38/runelite-client/src/main/java/net/runelite/client/plugins/worldmap/FishingSpotLocation.java#L216	FishingSpotLocation.SHIMMERING_ATOLL_EAST	Shark	1.0	
poi_000216	poi_000216	fishing_spot	1594	2783	0	true	true	unresolved	Fishing Spot (Bass, Shark)	Fish: Bass, Shark\nCheck Fishing skill guide for method and level requirements	Pre-consolidation PoiIndex/PoiDetails snapshot; identity not globally verified; poi/curated-details.tsv:1180; description corrected 2026-10-08 against https://github.com/runelite/runelite/blob/42a6f17a6a2e8e478aa763890ecd0181a59dad38/runelite-client/src/main/java/net/runelite/client/plugins/worldmap/FishingSpotLocation.java#L216	FishingSpotLocation.SHIMMERING_ATOLL_EAST	Shark	1.0	
poi_000232	poi_000232	fishing_spot	1201	2792	0	true	true	unresolved	Fishing Spot (Bass, Shark)	Fish: Bass, Shark\nCheck Fishing skill guide for method and level requirements	Pre-consolidation PoiIndex/PoiDetails snapshot; identity not globally verified; poi/curated-details.tsv:1181; description corrected 2026-10-08 against https://github.com/runelite/runelite/blob/42a6f17a6a2e8e478aa763890ecd0181a59dad38/runelite-client/src/main/java/net/runelite/client/plugins/worldmap/FishingSpotLocation.java#L150	FishingSpotLocation.LAGUNA_AURORAE_NORTH	Shark	1.0	
poi_000248	poi_000248	fishing_spot	1552	2807	0	true	true	unresolved	Fishing Spot (Lobster, Swordfish, Tuna)	Fish: Lobster, Swordfish, Tuna\nCheck Fishing skill guide for method and level requirements	Pre-consolidation PoiIndex/PoiDetails snapshot; identity not globally verified; poi/curated-details.tsv:1182; description corrected 2026-10-08 against https://github.com/runelite/runelite/blob/42a6f17a6a2e8e478aa763890ecd0181a59dad38/runelite-client/src/main/java/net/runelite/client/plugins/worldmap/FishingSpotLocation.java#L214	FishingSpotLocation.SHIMMERING_ATOLL_NORTH	Lobster	1.0	
poi_000252	poi_000252	fishing_spot	1547	2813	0	true	true	unresolved	Fishing Spot (Lobster, Swordfish, Tuna)	Fish: Lobster, Swordfish, Tuna\nCheck Fishing skill guide for method and level requirements	Pre-consolidation PoiIndex/PoiDetails snapshot; identity not globally verified; poi/curated-details.tsv:1183; description corrected 2026-10-08 against https://github.com/runelite/runelite/blob/42a6f17a6a2e8e478aa763890ecd0181a59dad38/runelite-client/src/main/java/net/runelite/client/plugins/worldmap/FishingSpotLocation.java#L214	FishingSpotLocation.SHIMMERING_ATOLL_NORTH	Lobster	1.0	
poi_000262	poi_000262	fishing_spot	3046	2826	0	true	true	unresolved	Fishing Spot (Harpoonfish)	Fish: Harpoonfish\nCheck Fishing skill guide for method and level requirements	Pre-consolidation PoiIndex/PoiDetails snapshot; identity not globally verified; poi/curated-details.tsv:1184; description corrected 2026-10-08 against https://github.com/runelite/runelite/blob/42a6f17a6a2e8e478aa763890ecd0181a59dad38/runelite-client/src/main/java/net/runelite/client/plugins/worldmap/FishingSpotLocation.java#L227	FishingSpotLocation.TEMPOROSS	Harpoonfish	1.0	
poi_000266	poi_000266	fishing_spot	3048	2829	0	true	true	unresolved	Fishing Spot (Harpoonfish)	Fish: Harpoonfish\nCheck Fishing skill guide for method and level requirements	Pre-consolidation PoiIndex/PoiDetails snapshot; identity not globally verified; poi/curated-details.tsv:1185; description corrected 2026-10-08 against https://github.com/runelite/runelite/blob/42a6f17a6a2e8e478aa763890ecd0181a59dad38/runelite-client/src/main/java/net/runelite/client/plugins/worldmap/FishingSpotLocation.java#L227	FishingSpotLocation.TEMPOROSS	Harpoonfish	1.0	
poi_000268	poi_000268	fishing_spot	3036	2834	0	true	true	unresolved	Fishing Spot (Harpoonfish)	Fish: Harpoonfish\nCheck Fishing skill guide for method and level requirements	Pre-consolidation PoiIndex/PoiDetails snapshot; identity not globally verified; poi/curated-details.tsv:1186; description corrected 2026-10-08 against https://github.com/runelite/runelite/blob/42a6f17a6a2e8e478aa763890ecd0181a59dad38/runelite-client/src/main/java/net/runelite/client/plugins/worldmap/FishingSpotLocation.java#L227	FishingSpotLocation.TEMPOROSS	Harpoonfish	1.0	
poi_000307	poi_000307	fishing_spot	3051	2867	0	true	true	unresolved	Fishing Spot (Harpoonfish)	Fish: Harpoonfish\nCheck Fishing skill guide for method and level requirements	Pre-consolidation PoiIndex/PoiDetails snapshot; identity not globally verified; poi/curated-details.tsv:1187; description corrected 2026-10-08 against https://github.com/runelite/runelite/blob/42a6f17a6a2e8e478aa763890ecd0181a59dad38/runelite-client/src/main/java/net/runelite/client/plugins/worldmap/FishingSpotLocation.java#L227	FishingSpotLocation.TEMPOROSS	Harpoonfish	1.0	
poi_000310	poi_000310	fishing_spot	3037	2868	0	true	true	unresolved	Fishing Spot (Harpoonfish)	Fish: Harpoonfish\nCheck Fishing skill guide for method and level requirements	Pre-consolidation PoiIndex/PoiDetails snapshot; identity not globally verified; poi/curated-details.tsv:1188; description corrected 2026-10-08 against https://github.com/runelite/runelite/blob/42a6f17a6a2e8e478aa763890ecd0181a59dad38/runelite-client/src/main/java/net/runelite/client/plugins/worldmap/FishingSpotLocation.java#L227	FishingSpotLocation.TEMPOROSS	Harpoonfish	1.0	
poi_000313	poi_000313	agility_short-cut	2546	2871	0	true	true	unresolved	Corsair Cove Rocks (Level 10)	Level requirement: Level 10 Agility\nConnects: Corsair Cove settlement to Feldip Hills\nBypasses the southern coast path	Pre-consolidation PoiIndex/PoiDetails snapshot; identity not globally verified; poi/curated-details.tsv:723				no_same_type_snapshot_within_12_tiles
poi_000316	poi_000316	fishing_spot	3048	2874	0	true	true	unresolved	Fishing Spot (Harpoonfish)	Fish: Harpoonfish\nCheck Fishing skill guide for method and level requirements	Pre-consolidation PoiIndex/PoiDetails snapshot; identity not globally verified; poi/curated-details.tsv:1189; description corrected 2026-10-08 against https://github.com/runelite/runelite/blob/42a6f17a6a2e8e478aa763890ecd0181a59dad38/runelite-client/src/main/java/net/runelite/client/plugins/worldmap/FishingSpotLocation.java#L227	FishingSpotLocation.TEMPOROSS	Harpoonfish	1.0	
poi_000329	poi_000329	agility_short-cut	2487	2898	0	true	true	unresolved	Corsair Cove Resource Area Rocks (Level 30)	Level requirement: Level 30 Agility\nConnects: Feldip Hills to Corsair Cove Resource Area\nRequirements: Dragon Slayer I completed (ogress caves)	Pre-consolidation PoiIndex/PoiDetails snapshot; identity not globally verified; poi/curated-details.tsv:724				no_same_type_snapshot_within_12_tiles
poi_000330	poi_000330	transportation	1389	2899	0	true	true	unresolved	Quetzal Transport (Aldarin)	Destination / Route: Quetzal Transport System\nTravel via Renu to Quetzal landing sites across Varlamore\nUnlocked during Twilight's Promise\nQuetzal	Pre-consolidation PoiIndex/PoiDetails snapshot; identity not globally verified; poi/curated-details.tsv:1604	TransportationPointLocation.QUETZAL_ALDARIN	Quetzal	1.0	
poi_000338	poi_000338	hunter_training	2558	2912	0	true	true	unresolved	Feldip Hills - Red Chinchompas (Level 63)	Target: Carnivorous chinchompa (Red chinchompa)\nLevel requirement: Level 63 Hunter\nCatch method: Box trap (up to 5 traps)\nRegion: Feldip Hills\nCrimson swift (1)\nFeldip Weasel (7)\nTropical wagtail (19)\nSpined larupia (31)\nBarb-tailed kebbit (33)\nBlack warlock (45)\nCarnivorous chinchompa (63)	Pre-consolidation PoiIndex/PoiDetails snapshot; identity not globally verified; poi/curated-details.tsv:793	HunterAreaLocation.FELDIP_HUNTER_AREA	Crimson swift (1)<br>Feldip Weasel (7)<br>Tropical wagtail (19)<br>Spined larupia (31)<br>Barb-tailed kebbit (33)<br>Black warlock (45)<br>Carnivorous chinchompa (63)	1.0	
poi_000365	poi_000365	minigame	3034	2929	0	true	true	unresolved	The Tempor Tantrum (Barracuda Trials)	Activity: Barracuda Trial boat race\nRequires Level 30 Sailing\nTrial Master: Rum-dashed Ralph\nLocation: The Storm Tempor\nRequirements: Iron helm, oak masts and linen sails\nSwordfish: Stormy key\nShark: Barrel stand\nMarlin: Ralph's fabric roll	Pre-consolidation PoiIndex/PoiDetails snapshot; identity not globally verified; poi/curated-details.tsv:947	MinigameLocation.TAI_BWO_WANNAI_CLEANUP	Tai Bwo Wannai Cleanup	275.481	no_same_type_snapshot_within_12_tiles
poi_000368	poi_000368	transportation	1672	2933	0	true	true	unresolved	Quetzal Transport (Colossal Wyrm Remains)	Destination / Route: Quetzal Transport System\nTravel via Renu to Quetzal landing sites across Varlamore\nRequires building the landing site\nQuetzal	Pre-consolidation PoiIndex/PoiDetails snapshot; identity not globally verified; poi/curated-details.tsv:1608	TransportationPointLocation.QUETZAL_AVIUM_SAVANNAH_SOUTH	Quetzal	1.0	
poi_000378	poi_000378	agility_short-cut	2898	2939	0	true	true	unresolved	Kharazi Jungle Vine (Level 79)	Level requirement: Level 79 Agility\nConnects: Southern cliff face into the deep Kharazi Jungle\nRequirements: Legends' Quest started or completed	Pre-consolidation PoiIndex/PoiDetails snapshot; identity not globally verified; poi/curated-details.tsv:737				no_same_type_snapshot_within_12_tiles
poi_000381	poi_000381	agility_short-cut	2925	2946	0	true	true	unresolved	Karamja Stepping Stones (Level 30)	Level requirement: Level 30 Agility\nConnects: Southern Karamja river crossing near Cairn Isle\nFast crossing without navigating coastal marshes	Pre-consolidation PoiIndex/PoiDetails snapshot; identity not globally verified; poi/curated-details.tsv:738				no_same_type_snapshot_within_12_tiles
poi_000387	poi_000387	fishing_spot	1586	2951	0	true	true	unresolved	Fishing Spot (Bass, Lobster, Shark, Swordfish, Tuna)	Fish: Bass, Lobster, Shark, Swordfish, Tuna\nCheck Fishing skill guide for method and level requirements	Pre-consolidation PoiIndex/PoiDetails snapshot; identity not globally verified; poi/curated-details.tsv:1190; description corrected 2026-10-08 against https://github.com/runelite/runelite/blob/42a6f17a6a2e8e478aa763890ecd0181a59dad38/runelite-client/src/main/java/net/runelite/client/plugins/worldmap/FishingSpotLocation.java#L48	FishingSpotLocation.AVIUM_SAVANNAH_SOUTH_WEST_2	Shark / Lobster	1.0	
poi_000409	poi_000409	dungeon	3310	2962	0	true	true	unresolved	Smoke Dungeon	Requires: Facemask or Slayer helmet (smoke damage)\nBring a rope and light source	Pre-consolidation PoiIndex/PoiDetails snapshot; identity not globally verified; poi/curated-details.tsv:446	DungeonLocation.SMOKE_DUNGEON	Smoke Dungeon	1.0	
poi_000411	poi_000411	house_portal	1422	2963	0	true	true	unresolved	House/POH portal	Player-owned house portal (Varlamore)\nTeleports: Teleport to House (spell/tab), Construction cape, Max cape	Pre-consolidation PoiIndex/PoiDetails snapshot; identity not globally verified; poi/curated-details.tsv:1686				no_same_type_snapshot_within_12_tiles
poi_000413	poi_000413	agility_training	3351	2963	0	true	true	unresolved	Pollnivneach Rooftop Course (Level 70)	Level requirement: Level 70 Agility\nLap XP: 890 XP\nActivity: Rooftop Course • Marks of Grace: Yes\nPollnivneach Rooftop Course	Pre-consolidation PoiIndex/PoiDetails snapshot; identity not globally verified; poi/curated-details.tsv:697	AgilityCourseLocation.POLLNIVNEACH_ROOFTOP_COURSE	Pollnivneach Rooftop Course	1.0	
poi_000425	poi_000425	agility_short-cut	3711	2970	0	true	true	unresolved	Mos Le'Harmless Estuary Stepping Stone (Level 60)	Level requirement: Level 60 Agility\nConnects: Mos Le'Harmless town across estuary to Cave horrors & jungle\nRequirements: Cabin Fever quest completed	Pre-consolidation PoiIndex/PoiDetails snapshot; identity not globally verified; poi/curated-details.tsv:776				no_same_type_snapshot_within_12_tiles
poi_000428	poi_000428	fishing_spot	1899	2972	0	true	true	unresolved	Fishing Spot (Lobster & Swordfish)	Method / Fish: Lobster & Swordfish\nTools: Net, Rod + Bait, Pot, or Harpoon\nCage / Harpoon\nLobster	Pre-consolidation PoiIndex/PoiDetails snapshot; identity not globally verified; poi/curated-details.tsv:1191	FishingSpotLocation.VATRACHOS_ISLAND	Lobster	1.0	
poi_000441	poi_000441	agility_short-cut	2864	2974	0	true	true	unresolved	Shilo Village Stepping Stone (Level 32)	Level requirement: Level 32 Agility\nConnects: Shilo Village river bank to southern nature altar area\nRequirements: Shilo Village quest completed	Pre-consolidation PoiIndex/PoiDetails snapshot; identity not globally verified; poi/curated-details.tsv:734				no_same_type_snapshot_within_12_tiles
poi_000468	poi_000468	quest_start	2835	2985	0	true	true	unresolved	One Small Favour	Start: Yanni Salika in Shilo Village\nDifficulty: Experienced • Length: Very Long\nReward: 2 Quest Points\nRequirements: 36 Agility, 25 Crafting, 18 Herblore, 30 Smithing\nUnlocks: Steel key ring, 2x 10,000 XP lamps	Pre-consolidation PoiIndex/PoiDetails snapshot; identity not globally verified; poi/curated-details.tsv:1642				no_same_type_snapshot_within_12_tiles
poi_000486	poi_000486	transportation	1548	2997	0	true	true	unresolved	Quetzal Transport (Sunset Coast)	Destination / Route: Quetzal Transport System\nTravel via Renu to Quetzal landing sites across Varlamore\nUnlocked during Twilight's Promise\nQuetzal	Pre-consolidation PoiIndex/PoiDetails snapshot; identity not globally verified; poi/curated-details.tsv:1615	TransportationPointLocation.QUETZAL_SUNSET_COAST	Quetzal	1.0	
poi_000496	poi_000496	hunter_training	2787	3001	0	true	true	unresolved	Karamja / Cairn Isle - Horned Graahks (Level 41)	Target: Horned graahk (Graahk fur / Horned graahk pouch)\nLevel requirement: Level 41 Hunter\nCatch method: Pitfall trap (Logs & Teasing stick)\nRegion: Karamja / Cairn Isle\nHorned graahk (41)	Pre-consolidation PoiIndex/PoiDetails snapshot; identity not globally verified; poi/curated-details.tsv:799	HunterAreaLocation.KARAMJA_HUNTER_AREA	Horned graahk (41)	1.0	
poi_000497	poi_000497	mining_site	2823	3001	0	true	true	unresolved	Shilo Village mine	Resources: 7 surface gem rocks\nRequires Level 40 Mining\nRequires completion of Shilo Village\nTools: Pickaxe\nUnderground extension: 48 additional gem rocks\nAccess requires the Medium Karamja Diary\n7 Gem rock	Pre-consolidation PoiIndex/PoiDetails snapshot; identity not globally verified; poi/curated-details.tsv:374	MiningSiteLocation.SHILO_VILLAGE_SURFACE	7 Gem rock	1.0	
poi_000508	poi_000508	mining_site	3107	3012	0	true	true	unresolved	Iron & Coal Mining Site	Ores available: Iron, Coal\nTool needed: Pickaxe (Bronze to Crystal)\nDesert mining	Pre-consolidation PoiIndex/PoiDetails snapshot; identity not globally verified; poi/curated-details.tsv:1426	MiningSiteLocation.BANDIT_CAMP_QUARRY	2 Clay<br>2 Coal<br>36 Sandstone<br>34 Granite	118.727	no_same_type_snapshot_within_12_tiles
poi_000512	poi_000512	transportation	1344	3020	0	true	true	unresolved	Quetzal Transport (Kastori)	Destination / Route: Quetzal Transport System\nTravel via Renu to Quetzal landing sites across Varlamore\nRequires building the landing site\nQuetzal	Pre-consolidation PoiIndex/PoiDetails snapshot; identity not globally verified; poi/curated-details.tsv:1611	TransportationPointLocation.QUETZAL_KASTORI	Quetzal	1.0	
poi_000524	poi_000524	minigame	2439	3030	0	true	true	unresolved	The Jubbly Jive (Barracuda Trials)	Activity: Barracuda Trial boat race\nRequires Level 55 Sailing\nTrial Master: Gurtob\nLocation: Backwater\nRequirements: Inoculation station, mithril helm\nSwordfish: Fetid key\nShark: Captured wind mote\nMarlin: Gurtob's fabric roll	Pre-consolidation PoiIndex/PoiDetails snapshot; identity not globally verified; poi/curated-details.tsv:949	MinigameLocation.CASTLE_WARS	Castle Wars	62.0	no_same_type_snapshot_within_12_tiles
poi_000541	poi_000541	transportation	1702	3037	0	true	true	unresolved	Quetzal Transport (Outer Fortis)	Destination / Route: Quetzal Transport System\nTravel via Renu to Quetzal landing sites across Varlamore\nRequires building the landing site\nQuetzal	Pre-consolidation PoiIndex/PoiDetails snapshot; identity not globally verified; poi/curated-details.tsv:1612	TransportationPointLocation.QUETZAL_AVIUM_SAVANNAH_NORTH_EAST	Quetzal	1.0	
poi_000544	poi_000544	mining_site	3464	3038	0	true	true	unresolved	Clay & Iron Mining Site	Ores available: Clay, Iron\nTool needed: Pickaxe (Bronze to Crystal)\nUzer mine	Pre-consolidation PoiIndex/PoiDetails snapshot; identity not globally verified; poi/curated-details.tsv:1427	MiningSiteLocation.UZER	10 Clay	131.472	no_same_type_snapshot_within_12_tiles
poi_000563	poi_000563	agility_short-cut	2907	3050	0	true	true	unresolved	Tai Bwo Wannai Stepping Stones (Level 30)	Level requirement: Level 30 Agility\nConnects: Jungle path south of Tai Bwo Wannai across river\nQuick access between village and Calquat farming patch	Pre-consolidation PoiIndex/PoiDetails snapshot; identity not globally verified; poi/curated-details.tsv:739				no_same_type_snapshot_within_12_tiles
poi_000571	poi_000571	transportation	1585	3055	0	true	true	unresolved	Quetzal Transport (Hunter Guild)	Destination / Route: Quetzal Transport System\nTravel via Renu to Quetzal landing sites across Varlamore\nUnlocked during Twilight's Promise\nQuetzal	Pre-consolidation PoiIndex/PoiDetails snapshot; identity not globally verified; poi/curated-details.tsv:1610	TransportationPointLocation.QUETZAL_HUNTER_GUILD	Quetzal	1.0	
poi_000592	poi_000592	fishing_spot	2196	3067	0	true	true	unresolved	Fishing Spot (Sacred eel)	Fish: Sacred eel\nCheck Fishing skill guide for method and level requirements	Pre-consolidation PoiIndex/PoiDetails snapshot; identity not globally verified; poi/curated-details.tsv:1192; description corrected 2026-10-08 against https://github.com/runelite/runelite/blob/42a6f17a6a2e8e478aa763890ecd0181a59dad38/runelite-client/src/main/java/net/runelite/client/plugins/worldmap/FishingSpotLocation.java#L246	FishingSpotLocation.ZUL_ANDRA	Sacred eel	1.0	
poi_000595	poi_000595	fishing_spot	2184	3068	0	true	true	unresolved	Fishing Spot (Sacred eel)	Fish: Sacred eel\nCheck Fishing skill guide for method and level requirements	Pre-consolidation PoiIndex/PoiDetails snapshot; identity not globally verified; poi/curated-details.tsv:1193; description corrected 2026-10-08 against https://github.com/runelite/runelite/blob/42a6f17a6a2e8e478aa763890ecd0181a59dad38/runelite-client/src/main/java/net/runelite/client/plugins/worldmap/FishingSpotLocation.java#L246	FishingSpotLocation.ZUL_ANDRA	Sacred eel	1.0	
poi_000599	poi_000599	agility_short-cut	2553	3072	0	true	true	unresolved	Yanille South Wall Climb (Level 69)	Level requirement: Level 69 Agility (or 39 Agility with Mith grapple)\nConnects: South-west Yanille town wall to Gu'Tanoth outskirts\nRequirements: Medium Ardougne Diary task (with grapple)	Pre-consolidation PoiIndex/PoiDetails snapshot; identity not globally verified; poi/curated-details.tsv:727				no_same_type_snapshot_within_12_tiles
poi_000601	poi_000601	agility_short-cut	2157	3073	0	true	true	unresolved	Zul-Andra Stepping Stone (Level 76)	Level requirement: Level 76 Agility\nConnects: Zul-Andra pier to the eastern peninsula\nQuick access to Zulrah's shrine without fairy ring scroll	Pre-consolidation PoiIndex/PoiDetails snapshot; identity not globally verified; poi/curated-details.tsv:716				no_same_type_snapshot_within_12_tiles
poi_000626	poi_000626	transportation	1226	3089	0	true	true	unresolved	Quetzal Transport (Tal Teklan)	Destination / Route: Quetzal Transport System\nTravel via Renu to Quetzal landing sites across Varlamore\nUnlocked during Twilight's Promise\nQuetzal	Pre-consolidation PoiIndex/PoiDetails snapshot; identity not globally verified; poi/curated-details.tsv:1616	TransportationPointLocation.QUETZAL_TAL_TEKLAN	Quetzal	1.0	
poi_000678	poi_000678	hunter_training	3402	3104	0	true	true	unresolved	Uzer - Orange Salamanders (Level 47)	Target: Orange salamander\nLevel requirement: Level 47 Hunter\nCatch method: Net trap (Ropes & Small fishing nets on young trees)\nRegion: Kharidian Desert (East of Uzer • Waterskins needed)\nGolden warbler (5)\nDesert devil (13)\nOrange salamander (47)	Pre-consolidation PoiIndex/PoiDetails snapshot; identity not globally verified; poi/curated-details.tsv:813	HunterAreaLocation.UZER_HUNTER_AREA	Golden warbler (5)<br>Desert devil (13)<br>Orange salamander (47)	1.0	
poi_000685	poi_000685	transportation	1448	3108	0	true	true	unresolved	Quetzal Transport (Cam Torum)	Destination / Route: Quetzal Transport System\nTravel via Renu to Quetzal landing sites across Varlamore\nRequires building the landing site\nQuetzal	Pre-consolidation PoiIndex/PoiDetails snapshot; identity not globally verified; poi/curated-details.tsv:1606	TransportationPointLocation.QUETZAL_CAM_TORUM	Quetzal	1.0	
poi_000689	poi_000689	agility_short-cut	2575	3109	0	true	true	unresolved	Yanille Underwall Tunnel (Level 16)	Level requirement: Level 16 Agility\nConnects: Yanille northern wall to the Watchtower area\nQuick access from Watchtower teleport into Yanille	Pre-consolidation PoiIndex/PoiDetails snapshot; identity not globally verified; poi/curated-details.tsv:728				no_same_type_snapshot_within_12_tiles
poi_000696	poi_000696	transportation	1777	3111	0	true	true	unresolved	Quetzal Transport (Fortis Colosseum)	Destination / Route: Quetzal Transport System\nTravel via Renu to Quetzal landing sites across Varlamore\nRequires building the landing site\nQuetzal	Pre-consolidation PoiIndex/PoiDetails snapshot; identity not globally verified; poi/curated-details.tsv:1609	TransportationPointLocation.QUETZAL_EAST_CIVITAS_ILLA_FORTIS	Quetzal	1.0	
poi_000749	poi_000749	agility_short-cut	2875	3128	0	true	true	unresolved	Karamja River Grapple / Tree (Level 34)	Level requirement: Level 34 Agility, 21 Strength, 42 Ranged\nConnects: Central Karamja jungle across river to Legends' Guild south\nRequirements: Crossbow & Mith grapple	Pre-consolidation PoiIndex/PoiDetails snapshot; identity not globally verified; poi/curated-details.tsv:736				no_same_type_snapshot_within_12_tiles
poi_000760	poi_000760	fishing_spot	2892	3134	0	true	true	unresolved	Fishing Spot (Karambwan)	Method / Fish: Karambwan\nTools: Net, Rod + Bait, Pot, or Harpoon\nKarambwan vessel + Karambwanji\nKarambwan	Pre-consolidation PoiIndex/PoiDetails snapshot; identity not globally verified; poi/curated-details.tsv:1194	FishingSpotLocation.MUDSKIPPER_SOUND	Karambwan	1.0	
poi_000762	poi_000762	agility_short-cut	3211	3135	0	true	true	unresolved	Lumbridge Swamp Stepping Stone (Level 66)	Level requirement: Level 66 Agility\nConnects: Southern Lumbridge Swamp across River Lum to Al Kharid mine\nFast route between Lumbridge Swamp Caves and Al Kharid	Pre-consolidation PoiIndex/PoiDetails snapshot; identity not globally verified; poi/curated-details.tsv:760				no_same_type_snapshot_within_12_tiles
poi_000778	poi_000778	transportation	1700	3142	0	true	true	unresolved	Quetzal Transport (Civitas illa Fortis)	Destination / Route: Quetzal Transport System\nCentral Quetzal perch in Civitas illa Fortis\nUnlocked during Twilight's Promise\nQuetzal to Varrock	Pre-consolidation PoiIndex/PoiDetails snapshot; identity not globally verified; poi/curated-details.tsv:1607	TransportationPointLocation.QUETZAL_VARLAMORE_VARROCK	Quetzal to Varrock	1.0	
poi_000785	poi_000785	agility_short-cut	2874	3143	0	true	true	unresolved	Karamja Volcano Strong Tree (Level 78)	Level requirement: Level 78 Agility (or 52 Agility with Mith grapple)\nConnects: Musa Point across sea inlet to Harpie Bug Swarms\nRequirements: Hard Karamja Diary task (with grapple)	Pre-consolidation PoiIndex/PoiDetails snapshot; identity not globally verified; poi/curated-details.tsv:735				no_same_type_snapshot_within_12_tiles
poi_000815	poi_000815	agility_short-cut	2448	3155	0	true	true	unresolved	Observatory Rocks & Grapple (Level 23)	Level requirement: Level 23 Agility, 28 Strength, 24 Ranged\nConnects: River bank to Observatory hill summit\nRequirements: Crossbow & Mith grapple (once) • Observatory Quest	Pre-consolidation PoiIndex/PoiDetails snapshot; identity not globally verified; poi/curated-details.tsv:725				no_same_type_snapshot_within_12_tiles
poi_000825	poi_000825	agility_short-cut	3294	3158	0	true	true	unresolved	Al Kharid Palace Window (Level 70)	Level requirement: Level 70 Agility\nConnects: Al Kharid Palace south window to the southern coast\nRequirements: Prince Ali Rescue quest completed	Pre-consolidation PoiIndex/PoiDetails snapshot; identity not globally verified; poi/curated-details.tsv:764				no_same_type_snapshot_within_12_tiles
poi_000865	poi_000865	transportation	1437	3169	0	true	true	unresolved	Quetzal Transport (The Teomat)	Destination / Route: Quetzal Transport System\nTravel via Renu to Quetzal landing sites across Varlamore\nUnlocked during Twilight's Promise\nQuetzal	Pre-consolidation PoiIndex/PoiDetails snapshot; identity not globally verified; poi/curated-details.tsv:1617	TransportationPointLocation.QUETZAL_RALOS_RISE	Quetzal	1.0	
poi_000868	poi_000868	dungeon_link	3203	3169	0	true	true	unresolved	Zanaris	Entrance through the Lumbridge Swamp shed.\nRequires Lost City and an equipped dramen staff; elite Lumbridge and Draynor diary removes the staff requirement.	Pre-consolidation PoiIndex/PoiDetails snapshot; identity not globally verified; poi/curated-details.tsv:1708				no_same_type_snapshot_within_12_tiles
poi_000901	poi_000901	fishing_spot	2926	3179	0	true	true	unresolved	Fishing Spot (Anchovies, Herring, Lobster, Sardine, Shrimp, Swordfish, Tuna)	Fish: Anchovies, Herring, Lobster, Sardine, Shrimp, Swordfish, Tuna\nCheck Fishing skill guide for method and level requirements	Pre-consolidation PoiIndex/PoiDetails snapshot; identity not globally verified; poi/curated-details.tsv:1195; description corrected 2026-10-08 against https://github.com/runelite/runelite/blob/42a6f17a6a2e8e478aa763890ecd0181a59dad38/runelite-client/src/main/java/net/runelite/client/plugins/worldmap/FishingSpotLocation.java#L178	FishingSpotLocation.MUSA_POINT	Lobster / Anchovies	1.0	
poi_000902	poi_000902	agility_short-cut	3246	3179	0	true	true	unresolved	River Lum Broken Raft (West) (Level 48)	Level requirement: Level 48 Agility (or 8 Agility with Mith grapple)\nConnects: Lumbridge graveyard / east bank to Al Kharid palace gardens\nGrapple requires: 19 Strength, 37 Ranged, Crossbow & Mith grapple	Pre-consolidation PoiIndex/PoiDetails snapshot; identity not globally verified; poi/curated-details.tsv:761				no_same_type_snapshot_within_12_tiles
poi_000903	poi_000903	agility_short-cut	3259	3179	0	true	true	unresolved	River Lum Broken Raft (East) (Level 48)	Level requirement: Level 48 Agility (or 8 Agility with Mith grapple)\nConnects: Al Kharid palace gardens across River Lum to Lumbridge\nGrapple requires: 19 Strength, 37 Ranged, Crossbow & Mith grapple	Pre-consolidation PoiIndex/PoiDetails snapshot; identity not globally verified; poi/curated-details.tsv:762				no_same_type_snapshot_within_12_tiles
poi_000929	poi_000929	fishing_spot	2076	3189	0	true	true	unresolved	Fishing Spot (Lobster, Swordfish, Tuna)	Fish: Lobster, Swordfish, Tuna\nCheck Fishing skill guide for method and level requirements	Pre-consolidation PoiIndex/PoiDetails snapshot; identity not globally verified; poi/curated-details.tsv:1196; description corrected 2026-10-08 against https://github.com/runelite/runelite/blob/42a6f17a6a2e8e478aa763890ecd0181a59dad38/runelite-client/src/main/java/net/runelite/client/plugins/worldmap/FishingSpotLocation.java#L154	FishingSpotLocation.LLEDRITH_ISLAND	Lobster	1.0	
poi_000944	poi_000944	fishing_spot	3099	3194	0	true	true	unresolved	Fishing Spot (Shrimp & Anchovies)	Method / Fish: Shrimp & Anchovies\nTools: Net, Rod + Bait, Pot, or Harpoon\nSmall fishing net\nAnchovies	Pre-consolidation PoiIndex/PoiDetails snapshot; identity not globally verified; poi/curated-details.tsv:1197	FishingSpotLocation.BAY_OF_SARIM	Anchovies	1.0	
poi_000949	poi_000949	agility_training	3273	3195	0	true	true	unresolved	Al Kharid Rooftop Course (Level 20)	Level requirement: Level 20 Agility\nLap XP: 180 XP\nActivity: Rooftop Course • Marks of Grace: Yes\nAl Kharid Rooftop Course	Pre-consolidation PoiIndex/PoiDetails snapshot; identity not globally verified; poi/curated-details.tsv:683	AgilityCourseLocation.AL_KHARID_ROOFTOP_COURSE	Al Kharid Rooftop Course	1.0	
poi_000950	poi_000950	fishing_spot	2087	3196	0	true	true	unresolved	Fishing Spot (Lobster, Swordfish, Tuna)	Fish: Lobster, Swordfish, Tuna\nCheck Fishing skill guide for method and level requirements	Pre-consolidation PoiIndex/PoiDetails snapshot; identity not globally verified; poi/curated-details.tsv:1198; description corrected 2026-10-08 against https://github.com/runelite/runelite/blob/42a6f17a6a2e8e478aa763890ecd0181a59dad38/runelite-client/src/main/java/net/runelite/client/plugins/worldmap/FishingSpotLocation.java#L154	FishingSpotLocation.LLEDRITH_ISLAND	Lobster	1.0	
poi_000951	poi_000951	fishing_spot	2887	3196	0	true	true	unresolved	Fishing Spot (Bass, Shark)	Fish: Bass, Shark\nCheck Fishing skill guide for method and level requirements	Pre-consolidation PoiIndex/PoiDetails snapshot; identity not globally verified; poi/curated-details.tsv:1199; description corrected 2026-10-08 against https://github.com/runelite/runelite/blob/42a6f17a6a2e8e478aa763890ecd0181a59dad38/runelite-client/src/main/java/net/runelite/client/plugins/worldmap/FishingSpotLocation.java#L203	FishingSpotLocation.RIMMINGTON_STRAIT	Shark	1.0	
poi_000993	poi_000993	task_master	3234	3214	0	true	true	unresolved	Task Master	Achievement Diary task master: Hatius Cosaintus (Lumbridge & Draynor)\nClaim tier rewards: easy, medium, hard, elite\nTeleport destination: Achievement diary cape (Hatius Cosaintus)	Pre-consolidation PoiIndex/PoiDetails snapshot; identity not globally verified; poi/curated-details.tsv:1699				no_same_type_snapshot_within_12_tiles
poi_001005	poi_001005	hunter_training	2448	3219	0	true	true	unresolved	Ourania / Ardougne - Red Salamanders (Level 59)	Target: Red salamander\nLevel requirement: Level 59 Hunter\nCatch method: Net trap (Ropes & Small fishing nets on young trees)\nRegion: Kandarin (South of Ardougne / Ourania)\nRed salamander (59)	Pre-consolidation PoiIndex/PoiDetails snapshot; identity not globally verified; poi/curated-details.tsv:806	HunterAreaLocation.OURANIA_HUNTER_AREA_EAST	Red salamander (59)	1.0	
poi_001006	poi_001006	agility_short-cut	3471	3219	0	true	true	unresolved	Burgh de Rott Low Fence (Level 25)	Level requirement: Level 25 Agility\nConnects: Burgh de Rott north-west fence to swamp perimeter\nRequirements: Darkness of Hallowvale quest (partial)	Pre-consolidation PoiIndex/PoiDetails snapshot; identity not globally verified; poi/curated-details.tsv:775				no_same_type_snapshot_within_12_tiles
poi_001012	poi_001012	transportation	1512	3222	0	true	true	unresolved	Quetzal Transport (Quetzacalli Gorge)	Destination / Route: Quetzal Transport System\nTravel via Renu to Quetzal landing sites across Varlamore\nUnlocked during Twilight's Promise\nQuetzal	Pre-consolidation PoiIndex/PoiDetails snapshot; identity not globally verified; poi/curated-details.tsv:1613	TransportationPointLocation.QUETZAL_QUETZACALLI_GORGE	Quetzal	1.0	
poi_001018	poi_001018	house_portal	2952	3224	0	true	true	unresolved	House/POH portal	Player-owned house portal (Rimmington)\nTeleports: Teleport to House (spell/tab), Construction cape, Max cape	Pre-consolidation PoiIndex/PoiDetails snapshot; identity not globally verified; poi/curated-details.tsv:1694				no_same_type_snapshot_within_12_tiles
poi_001026	poi_001026	task_master	3096	3227	0	true	true	unresolved	Task Master	Achievement Diary task master: Twiggy O'Korn (Lumbridge & Draynor)\nClaim tier rewards: easy, medium, hard, elite\nTeleport destination: Achievement diary cape (Twiggy O'Korn)	Pre-consolidation PoiIndex/PoiDetails snapshot; identity not globally verified; poi/curated-details.tsv:1697				no_same_type_snapshot_within_12_tiles
poi_001063	poi_001063	hunter_training	2476	3240	0	true	true	unresolved	Hunter area (Red salamander)	Target: Red salamander (59)\nLevel requirement: Level 59 Hunter	Pre-consolidation PoiIndex/PoiDetails snapshot; identity not globally verified; poi/curated-details.tsv:807; description corrected 2026-10-08 against https://github.com/runelite/runelite/blob/42a6f17a6a2e8e478aa763890ecd0181a59dad38/runelite-client/src/main/java/net/runelite/client/plugins/worldmap/HunterAreaLocation.java#L78	HunterAreaLocation.OURANIA_HUNTER_AREA_SOUTH	Red salamander (59)	1.0	
poi_001089	poi_001089	basement	2924	3250	0	true	true	unresolved	Melzar's Maze basement	Type: Dungeon entrance / underground link\nMay require light source, rope, or combat gear	Pre-consolidation PoiIndex/PoiDetails snapshot; identity not globally verified; retained basement/cellar marker classification; poi/curated-details.tsv:325; retained metadata, not a newly inferred marker				no_same_type_snapshot_within_12_tiles
poi_001100	poi_001100	agility_short-cut	2338	3253	0	true	true	unresolved	Arandar Mountain Pass Rocks (Advanced) (Level 85)	Level requirement: Level 85 Agility\nConnects: Arandar mountain pass southern shortcut\nRequirements: Regicide quest completed • Western Elite Diary task\nDirect route into Lletya and Isafdar forests	Pre-consolidation PoiIndex/PoiDetails snapshot; identity not globally verified; poi/curated-details.tsv:720				no_same_type_snapshot_within_12_tiles
poi_001122	poi_001122	agility_short-cut	3069	3261	0	true	true	unresolved	Draynor Village Underwall Tunnel (Level 42)	Level requirement: Level 42 Agility\nConnects: Draynor Village willow trees to Port Sarim market\nQuick access between Draynor bank and Port Sarim docks	Pre-consolidation PoiIndex/PoiDetails snapshot; identity not globally verified; poi/curated-details.tsv:755				no_same_type_snapshot_within_12_tiles
poi_001125	poi_001125	quest_start	2606	3264	0	true	true	unresolved	Biohazard	Start: Elena in East Ardougne\nDifficulty: Novice • Length: Medium\nReward: 3 Quest Points\nRequirements: Plague City completion, Priest gown, Ethically sourced samples	Pre-consolidation PoiIndex/PoiDetails snapshot; identity not globally verified; poi/curated-details.tsv:1633				no_same_type_snapshot_within_12_tiles
poi_001182	poi_001182	agility_short-cut	2338	3288	0	true	true	unresolved	Arandar Mountain Pass Rocks (Medium) (Level 68)	Level requirement: Level 68 Agility\nConnects: Arandar mountain pass middle shortcut\nRequirements: Regicide quest completed\nShortens path between Tirannwn and Kandarin	Pre-consolidation PoiIndex/PoiDetails snapshot; identity not globally verified; poi/curated-details.tsv:719				no_same_type_snapshot_within_12_tiles
poi_001213	poi_001213	agility_training	2674	3298	0	true	true	unresolved	Ardougne Rooftop Course (Level 90)	Level requirement: Level 90 Agility\nLap XP: 793 XP\nActivity: Rooftop Course • Marks of Grace: Yes\nArdougne Rooftop Course	Pre-consolidation PoiIndex/PoiDetails snapshot; identity not globally verified; poi/curated-details.tsv:685	AgilityCourseLocation.ARDOUGNE_ROOFTOP_COURSE	Ardougne Rooftop Course	1.0	
poi_001216	poi_001216	quest_start	2617	3299	0	true	true	unresolved	Plague City	Start: Edmond in East Ardougne\nDifficulty: Novice • Length: Short\nReward: 1 Quest Point\nRequirements: Dwellberries, Rope, Spade, Bucket of milk	Pre-consolidation PoiIndex/PoiDetails snapshot; identity not globally verified; poi/curated-details.tsv:1632				no_same_type_snapshot_within_12_tiles
poi_001217	poi_001217	agility_short-cut	2346	3300	0	true	true	unresolved	Arandar Mountain Pass Rocks (Easy) (Level 59)	Level requirement: Level 59 Agility\nConnects: Arandar mountain pass northern shortcut\nRequirements: Regicide quest completed\nShortens path between Tirannwn and Kandarin	Pre-consolidation PoiIndex/PoiDetails snapshot; identity not globally verified; poi/curated-details.tsv:718				no_same_type_snapshot_within_12_tiles
poi_001222	poi_001222	transportation	1613	3302	0	true	true	unresolved	Quetzal Transport (Salvager Overlook)	Destination / Route: Quetzal Transport System\nTravel via Renu to Quetzal landing sites across Varlamore\nRequires building the landing site\nQuetzal	Pre-consolidation PoiIndex/PoiDetails snapshot; identity not globally verified; poi/curated-details.tsv:1614	TransportationPointLocation.QUETZAL_SALVAGER_OVERLOOK	Quetzal	1.0	
poi_001261	poi_001261	agility_short-cut	2948	3313	0	true	true	unresolved	Falador Underwall Tunnel (Level 26)	Level requirement: Level 26 Agility\nConnects: South-west Falador wall to the farm & crafting guild road\nFast exit from south Falador	Pre-consolidation PoiIndex/PoiDetails snapshot; identity not globally verified; poi/curated-details.tsv:753				no_same_type_snapshot_within_12_tiles
poi_001271	poi_001271	agility_short-cut	3306	3315	0	true	true	unresolved	Al Kharid Mine Cliff Scramble (Level 38)	Level requirement: Level 38 Agility\nConnects: Al Kharid northern mine plateau to the scorpion pit below\nDirect descent into the mining site	Pre-consolidation PoiIndex/PoiDetails snapshot; identity not globally verified; poi/curated-details.tsv:765				no_same_type_snapshot_within_12_tiles
poi_001309	poi_001309	agility_short-cut	3419	3326	0	true	true	unresolved	Mort Myre Swamp Stepping Stone (Level 50)	Level requirement: Level 50 Agility\nConnects: Island in River Salve south-west of Mort Myre Swamp\nQuick crossing across the Salve river boundary	Pre-consolidation PoiIndex/PoiDetails snapshot; identity not globally verified; poi/curated-details.tsv:766				no_same_type_snapshot_within_12_tiles
poi_001319	poi_001319	quest_start	3110	3330	0	true	true	unresolved	Ernest the Chicken	Start: Veronica outside Draynor Manor\nDifficulty: Novice • Length: Short\nReward: 4 Quest Points\nRequirements: 1x Spade, 1x Fish food	Pre-consolidation PoiIndex/PoiDetails snapshot; identity not globally verified; poi/curated-details.tsv:1627				no_same_type_snapshot_within_12_tiles
poi_001336	poi_001336	agility_short-cut	3240	3334	0	true	true	unresolved	Varrock South Fence Jump (Level 13)	Level requirement: Level 13 Agility\nConnects: South Varrock stone wall to the mining & farming fields\nQuick access to Varrock south gate area	Pre-consolidation PoiIndex/PoiDetails snapshot; identity not globally verified; poi/curated-details.tsv:763				no_same_type_snapshot_within_12_tiles
poi_001343	poi_001343	quest_start	2592	3335	0	true	true	unresolved	Tower of Life	Start: Effigy south of Ardougne Monastery\nDifficulty: Novice • Length: Medium\nReward: 2 Quest Points\nRequirements: 10 Construction, Beer, Saw, Hammer	Pre-consolidation PoiIndex/PoiDetails snapshot; identity not globally verified; poi/curated-details.tsv:1634				no_same_type_snapshot_within_12_tiles
poi_001347	poi_001347	agility_short-cut	2603	3336	0	true	true	unresolved	East Ardougne Log Balance (Level 33)	Level requirement: Level 33 Agility\nConnects: West bank of River Dougne to Ardougne Zoo / Monastery\nCrosses River Dougne south of East Ardougne castle	Pre-consolidation PoiIndex/PoiDetails snapshot; identity not globally verified; poi/curated-details.tsv:729				no_same_type_snapshot_within_12_tiles
poi_001375	poi_001375	task_master	2978	3347	0	true	true	unresolved	Task Master	Achievement Diary task master: Sir Rebral (Falador Diary)\nClaim tier rewards: easy, medium, hard, elite\nTeleport destination: Achievement diary cape (Sir Rebral)	Pre-consolidation PoiIndex/PoiDetails snapshot; identity not globally verified; poi/curated-details.tsv:1695				no_same_type_snapshot_within_12_tiles
poi_001382	poi_001382	fishing_spot	2163	3350	0	true	true	unresolved	Fishing Spot (Bass, Lobster, Shark, Swordfish, Tuna)	Fish: Bass, Lobster, Shark, Swordfish, Tuna\nCheck Fishing skill guide for method and level requirements	Pre-consolidation PoiIndex/PoiDetails snapshot; identity not globally verified; poi/curated-details.tsv:1200; description corrected 2026-10-08 against https://github.com/runelite/runelite/blob/42a6f17a6a2e8e478aa763890ecd0181a59dad38/runelite-client/src/main/java/net/runelite/client/plugins/worldmap/FishingSpotLocation.java#L195	FishingSpotLocation.PRIFDDINAS_OUTSIDE_EAST	Shark / Lobster	1.0	
poi_001411	poi_001411	agility_short-cut	2937	3357	0	true	true	unresolved	Falador Crumbling Wall (Level 5)	Level requirement: Level 5 Agility\nConnects: Falador West Bank to the southern Taverley road\nMost famous shortcut: saves long walk around Falador city walls	Pre-consolidation PoiIndex/PoiDetails snapshot; identity not globally verified; poi/curated-details.tsv:752				no_same_type_snapshot_within_12_tiles
poi_001423	poi_001423	mining_site	2908	3362	0	true	true	unresolved	Iron & Coal Mining Site	Ores available: Iron, Coal\nTool needed: Pickaxe (Bronze to Crystal)\nTaverley mine\n2 Copper\n6 Tin\n3 Iron\n2 Coal	Pre-consolidation PoiIndex/PoiDetails snapshot; identity not globally verified; poi/curated-details.tsv:1428	MiningSiteLocation.FALADOR_WEST	2 Copper<br>6 Tin<br>3 Iron<br>2 Coal	1.0	
poi_001425	poi_001425	agility_short-cut	3151	3362	0	true	true	unresolved	Champions' Guild Stepping Stone (Level 31)	Level requirement: Level 31 Agility\nConnects: Champions' Guild / Varrock south to wheat field & windmill\nCrosses River Lum south of Varrock	Pre-consolidation PoiIndex/PoiDetails snapshot; identity not globally verified; poi/curated-details.tsv:758				no_same_type_snapshot_within_12_tiles
poi_001429	poi_001429	transportation	1411	3363	0	true	true	unresolved	Quetzal Transport (Auburnvale)	Destination / Route: Quetzal Transport System\nTravel via Renu to Quetzal landing sites across Varlamore\nUnlocked during Twilight's Promise\nQuetzal	Pre-consolidation PoiIndex/PoiDetails snapshot; identity not globally verified; poi/curated-details.tsv:1605	TransportationPointLocation.QUETZAL_AUBURNVALE	Quetzal	1.0	
poi_001459	poi_001459	fishing_spot	2164	3371	0	true	true	unresolved	Fishing Spot (Bass, Lobster, Shark, Swordfish, Tuna)	Fish: Bass, Lobster, Shark, Swordfish, Tuna\nCheck Fishing skill guide for method and level requirements	Pre-consolidation PoiIndex/PoiDetails snapshot; identity not globally verified; poi/curated-details.tsv:1201; description corrected 2026-10-08 against https://github.com/runelite/runelite/blob/42a6f17a6a2e8e478aa763890ecd0181a59dad38/runelite-client/src/main/java/net/runelite/client/plugins/worldmap/FishingSpotLocation.java#L195	FishingSpotLocation.PRIFDDINAS_OUTSIDE_EAST	Shark / Lobster	1.0	
poi_001504	poi_001504	agility_short-cut	3032	3391	0	true	true	unresolved	Falador North Wall Climb (Level 52)	Level requirement: Level 52 Agility (or 11 Agility with Mith grapple)\nConnects: North-east Falador Park over wall to Dwarven Mine & Barbarian Village\nRequirements: Medium Falador Diary task (with grapple)	Pre-consolidation PoiIndex/PoiDetails snapshot; identity not globally verified; poi/curated-details.tsv:754				no_same_type_snapshot_within_12_tiles
poi_001539	poi_001539	hunter_training	3678	3405	0	true	true	unresolved	Darkmeyer / Sanguinesti - Hunter Area	Target: Swamp lizard (29), Moonlight moth (75)\nLevel requirement: Level 29 / 75 Hunter\nCatch method: Net trap & Butterfly net\nRegion: Morytania (Sanguinesti Region)\nSwamp lizard (29)	Pre-consolidation PoiIndex/PoiDetails snapshot; identity not globally verified; poi/curated-details.tsv:817	HunterAreaLocation.SLEPE_NORTH	Swamp lizard (29)	1.0	
poi_001563	poi_001563	fishing_spot	2612	3413	0	true	true	unresolved	Fishing Spot (Shark & Lobster)	Method / Fish: Shark & Lobster\nTools: Net, Rod + Bait, Pot, or Harpoon\nHarpoon / Lobster pot\nShark / Lobster	Pre-consolidation PoiIndex/PoiDetails snapshot; identity not globally verified; poi/curated-details.tsv:1202	FishingSpotLocation.FISHING_GUILD	Shark / Lobster	1.0	
poi_001568	poi_001568	fishing_spot	2828	3414	0	true	true	unresolved	Fishing Spot (Lobster & Swordfish)	Method / Fish: Lobster & Swordfish\nTools: Net, Rod + Bait, Pot, or Harpoon\nCage / Harpoon\nLobster	Pre-consolidation PoiIndex/PoiDetails snapshot; identity not globally verified; poi/curated-details.tsv:1203	FishingSpotLocation.CATHERBY_BAY	Lobster	1.0	
poi_001569	poi_001569	agility_training	3220	3414	0	true	true	unresolved	Varrock Rooftop Course (Level 30)	Level requirement: Level 30 Agility\nLap XP: 238 XP\nActivity: Rooftop Course • Marks of Grace: Yes\nVarrock Rooftop Course	Pre-consolidation PoiIndex/PoiDetails snapshot; identity not globally verified; poi/curated-details.tsv:702	AgilityCourseLocation.VARROCK_ROOFTOP_COURSE	Varrock Rooftop Course	1.0	
poi_001574	poi_001574	task_master	3225	3415	0	true	true	unresolved	Task Master	Achievement Diary task master: Toby (Varrock Diary)\nClaim tier rewards: easy, medium, hard, elite\nTeleport destination: Achievement diary cape (Toby)	Pre-consolidation PoiIndex/PoiDetails snapshot; identity not globally verified; poi/curated-details.tsv:1698				no_same_type_snapshot_within_12_tiles
poi_001579	poi_001579	fishing_spot	2606	3417	0	true	true	unresolved	Fishing Spot (Shark & Lobster)	Method / Fish: Shark & Lobster\nTools: Net, Rod + Bait, Pot, or Harpoon\nHarpoon / Lobster pot\nShark / Lobster	Pre-consolidation PoiIndex/PoiDetails snapshot; identity not globally verified; poi/curated-details.tsv:1204	FishingSpotLocation.FISHING_GUILD	Shark / Lobster	1.0	
poi_001595	poi_001595	fishing_spot	2605	3423	0	true	true	unresolved	Fishing Spot (Shark & Lobster)	Method / Fish: Shark & Lobster\nTools: Net, Rod + Bait, Pot, or Harpoon\nHarpoon / Lobster pot\nShark / Lobster	Pre-consolidation PoiIndex/PoiDetails snapshot; identity not globally verified; poi/curated-details.tsv:1205	FishingSpotLocation.FISHING_GUILD	Shark / Lobster	1.0	
poi_001597	poi_001597	fishing_spot	2854	3423	0	true	true	unresolved	Fishing Spot (Lobster & Swordfish)	Method / Fish: Lobster & Swordfish\nTools: Net, Rod + Bait, Pot, or Harpoon\nCage / Harpoon\nShark / Lobster / Anchovies	Pre-consolidation PoiIndex/PoiDetails snapshot; identity not globally verified; poi/curated-details.tsv:1206	FishingSpotLocation.CATHERBY	Shark / Lobster / Anchovies	1.0	
poi_001613	poi_001613	fishing_spot	2860	3426	0	true	true	unresolved	Fishing Spot (Lobster & Swordfish)	Method / Fish: Lobster & Swordfish\nTools: Net, Rod + Bait, Pot, or Harpoon\nCage / Harpoon\nShark / Lobster / Anchovies	Pre-consolidation PoiIndex/PoiDetails snapshot; identity not globally verified; poi/curated-details.tsv:1207	FishingSpotLocation.CATHERBY	Shark / Lobster / Anchovies	1.0	
poi_001622	poi_001622	fishing_spot	2235	3428	0	true	true	unresolved	Fishing Spot (Lobster & Swordfish)	Method / Fish: Lobster & Swordfish\nTools: Net, Rod + Bait, Pot, or Harpoon\nCage / Harpoon\nShark / Lobster	Pre-consolidation PoiIndex/PoiDetails snapshot; identity not globally verified; poi/curated-details.tsv:1208	FishingSpotLocation.PRIFDDINAS_OUTSIDE_NORTH	Shark / Lobster	1.0	
poi_001627	poi_001627	fishing_spot	2845	3429	0	true	true	unresolved	Fishing Spot (Lobster & Swordfish)	Method / Fish: Lobster & Swordfish\nTools: Net, Rod + Bait, Pot, or Harpoon\nCage / Harpoon\nShark / Lobster / Anchovies	Pre-consolidation PoiIndex/PoiDetails snapshot; identity not globally verified; poi/curated-details.tsv:1209	FishingSpotLocation.CATHERBY	Shark / Lobster / Anchovies	1.0	
poi_001628	poi_001628	agility_short-cut	2869	3429	0	true	true	unresolved	Catherby Cliffside Rocks (Level 68)	Level requirement: Level 68 Agility (or 32 Agility with Mith grapple)\nConnects: Catherby tree patch over cliff to Taverley\nHigh-value shortcut for Farming tree runs	Pre-consolidation PoiIndex/PoiDetails snapshot; identity not globally verified; poi/curated-details.tsv:740				no_same_type_snapshot_within_12_tiles
poi_001630	poi_001630	fishing_spot	2227	3430	0	true	true	unresolved	Fishing Spot (Lobster & Swordfish)	Method / Fish: Lobster & Swordfish\nTools: Net, Rod + Bait, Pot, or Harpoon\nCage / Harpoon\nShark / Lobster	Pre-consolidation PoiIndex/PoiDetails snapshot; identity not globally verified; poi/curated-details.tsv:1210	FishingSpotLocation.PRIFDDINAS_OUTSIDE_NORTH	Shark / Lobster	1.0	
poi_001635	poi_001635	fishing_spot	2837	3431	0	true	true	unresolved	Fishing Spot (Lobster & Swordfish)	Method / Fish: Lobster & Swordfish\nTools: Net, Rod + Bait, Pot, or Harpoon\nCage / Harpoon\nShark / Lobster / Anchovies	Pre-consolidation PoiIndex/PoiDetails snapshot; identity not globally verified; poi/curated-details.tsv:1211	FishingSpotLocation.CATHERBY	Shark / Lobster / Anchovies	1.0	
poi_001636	poi_001636	fishing_spot	1485	3432	0	true	true	unresolved	Fishing Spot (Anchovies, Bass, Herring, Lobster, Sardine, Shark, Shrimp, Swordfish, Tuna)	Fish: Anchovies, Bass, Herring, Lobster, Sardine, Shark, Shrimp, Swordfish, Tuna\nCheck Fishing skill guide for method and level requirements	Pre-consolidation PoiIndex/PoiDetails snapshot; identity not globally verified; poi/curated-details.tsv:1212; description corrected 2026-10-08 against https://github.com/runelite/runelite/blob/42a6f17a6a2e8e478aa763890ecd0181a59dad38/runelite-client/src/main/java/net/runelite/client/plugins/worldmap/FishingSpotLocation.java#L152	FishingSpotLocation.LANDS_END_WEST	Shark / Lobster / Anchovies	1.0	
poi_001653	poi_001653	hunter_training	1557	3436	0	true	true	unresolved	Hunter area (Copper longtail)	Target: Copper longtail (9)\nLevel requirement: Level 9 Hunter	Pre-consolidation PoiIndex/PoiDetails snapshot; identity not globally verified; poi/curated-details.tsv:827; description corrected 2026-10-08 against https://github.com/runelite/runelite/blob/42a6f17a6a2e8e478aa763890ecd0181a59dad38/runelite-client/src/main/java/net/runelite/client/plugins/worldmap/HunterAreaLocation.java#L70	HunterAreaLocation.KOUREND_WOODLAND_SOUTH	Copper longtail (9)	1.0	
poi_001654	poi_001654	fishing_spot	1889	3436	0	true	true	unresolved	Fishing Spot (Bass, Shark)	Fish: Bass, Shark\nCheck Fishing skill guide for method and level requirements	Pre-consolidation PoiIndex/PoiDetails snapshot; identity not globally verified; poi/curated-details.tsv:1213; description corrected 2026-10-08 against https://github.com/runelite/runelite/blob/42a6f17a6a2e8e478aa763890ecd0181a59dad38/runelite-client/src/main/java/net/runelite/client/plugins/worldmap/FishingSpotLocation.java#L77	FishingSpotLocation.CHINCHOMPA_ISLAND	Shark	1.0	
poi_001661	poi_001661	hunter_training	3554	3438	0	true	true	unresolved	Mort Myre Swamp - Swamp Lizards (Level 29)	Target: Swamp lizard (Mort Myre Swamp)\nLevel requirement: Level 29 Hunter\nCatch method: Net trap (Ropes & Small fishing nets)\nRegion: Morytania\nSwamp lizard (29)	Pre-consolidation PoiIndex/PoiDetails snapshot; identity not globally verified; poi/curated-details.tsv:816	HunterAreaLocation.CANIFIS_HUNTER_AREA1	Swamp lizard (29)	1.0	
poi_001682	poi_001682	fishing_spot	2235	3445	0	true	true	unresolved	Fishing Spot (Lobster & Swordfish)	Method / Fish: Lobster & Swordfish\nTools: Net, Rod + Bait, Pot, or Harpoon\nCage / Harpoon\nShark / Lobster	Pre-consolidation PoiIndex/PoiDetails snapshot; identity not globally verified; poi/curated-details.tsv:1214	FishingSpotLocation.PRIFDDINAS_OUTSIDE_NORTH	Shark / Lobster	1.0	
poi_001684	poi_001684	hunter_training	3536	3445	0	true	true	unresolved	Canifis - Swamp Lizards (Level 29)	Target: Swamp lizard (Green salamander)\nLevel requirement: Level 29 Hunter\nCatch method: Net trap (Ropes & Small fishing nets on young trees)\nRegion: Morytania (Mort Myre Swamp • Priest in Peril)\nSwamp lizard (29)	Pre-consolidation PoiIndex/PoiDetails snapshot; identity not globally verified; poi/curated-details.tsv:815	HunterAreaLocation.CANIFIS_HUNTER_AREA2	Swamp lizard (29)	1.0	
poi_001692	poi_001692	dungeon	3509	3448	0	true	true	unresolved	Fenkenstrain's Dungeon Entrance	Type: Dungeon entrance / underground link\nFenkenstrain Castle gravestone entrance\nMyreque Hideout	Pre-consolidation PoiIndex/PoiDetails snapshot; identity not globally verified; poi/curated-details.tsv:463	DungeonLocation.MYREQUE_HIDEOUT_SWAMP	Myreque Hideout	1.0	
poi_001717	poi_001717	minigame	2253	3459	0	true	true	unresolved	The Gwenith Glide (Barracuda Trials)	Activity: Barracuda Trial boat race\nRequires Level 72 Sailing\nTrial Master: Gwyna\nLocation: Porth Gwenith\nRequirements: Adamant keel; Regicide quest\nSwordfish: Serrated key\nShark: Heart of Ithell\nMarlin: Gwyna's fabric roll	Pre-consolidation PoiIndex/PoiDetails snapshot; identity not globally verified; poi/curated-details.tsv:951	MinigameLocation.GNOME_BALL	Gnome Ball	131.244	no_same_type_snapshot_within_12_tiles
poi_001732	poi_001732	agility_training	3543	3463	0	true	true	unresolved	Werewolf Agility Course (Level 60)	Level requirement: Level 60 Agility\nLap XP: 730 XP (with stick returned)\nActivity: Obstacle Course • Requires Ring of Charos\nWerewolf Agility Course	Pre-consolidation PoiIndex/PoiDetails snapshot; identity not globally verified; poi/curated-details.tsv:703	AgilityCourseLocation.WEREWOLF_AGILITY_COURSE	Werewolf Agility Course	1.0	
poi_001737	poi_001737	house_portal	2892	3465	0	true	true	unresolved	House/POH portal	Player-owned house portal (Taverley)\nTeleports: Teleport to House (spell/tab), Construction cape, Max cape	Pre-consolidation PoiIndex/PoiDetails snapshot; identity not globally verified; poi/curated-details.tsv:1693				no_same_type_snapshot_within_12_tiles
poi_001753	poi_001753	agility_short-cut	3228	3471	0	true	true	unresolved	Varrock Palace Garden Trellis (Level 35)	Level requirement: Level 35 Agility\nConnects: Southern wall of Varrock Palace into the garden\nDirect access into the Varrock Palace grounds	Pre-consolidation PoiIndex/PoiDetails snapshot; identity not globally verified; poi/curated-details.tsv:786				no_same_type_snapshot_within_12_tiles
poi_001767	poi_001767	agility_short-cut	2599	3475	0	true	true	unresolved	Coal Trucks Log Balance (Level 20)	Level requirement: Level 20 Agility\nConnects: Coal Trucks mining site across River McGrubor\nFast route between Coal Trucks and Seers' Village bank	Pre-consolidation PoiIndex/PoiDetails snapshot; identity not globally verified; poi/curated-details.tsv:730				no_same_type_snapshot_within_12_tiles
poi_001772	poi_001772	agility_short-cut	3423	3476	0	true	true	unresolved	Paterdomus Ornate Railing (Level 65)	Level requirement: Level 65 Agility\nConnects: Paterdomus temple cellar to Mort Myre Swamp surface\nRequirements: Priest in Peril quest • Medium Morytania Diary task	Pre-consolidation PoiIndex/PoiDetails snapshot; identity not globally verified; poi/curated-details.tsv:767				no_same_type_snapshot_within_12_tiles
poi_001777	poi_001777	hunter_training	1513	3478	0	true	true	unresolved	Hunter area (Ruby harvest)	Target: Ruby harvest (15)\nLevel requirement: Level 15 Hunter	Pre-consolidation PoiIndex/PoiDetails snapshot; identity not globally verified; poi/curated-details.tsv:826; description corrected 2026-10-08 against https://github.com/runelite/runelite/blob/42a6f17a6a2e8e478aa763890ecd0181a59dad38/runelite-client/src/main/java/net/runelite/client/plugins/worldmap/HunterAreaLocation.java#L68	HunterAreaLocation.KOUREND_WOODLAND_CENTER	Ruby harvest (15)	1.0	
poi_001780	poi_001780	task_master	3465	3478	0	true	true	unresolved	Task Master	Achievement Diary task master: Carl Le-sabrè (Desert Diary)\nClaim tier rewards: easy, medium, hard, elite\nTeleport destination: Achievement diary cape (Carl Le-sabrè)	Pre-consolidation PoiIndex/PoiDetails snapshot; identity not globally verified; poi/curated-details.tsv:1701				no_same_type_snapshot_within_12_tiles
poi_001811	poi_001811	agility_training	2729	3488	0	true	true	unresolved	Seers' Village Rooftop Course (Level 60)	Level requirement: Level 60 Agility\nLap XP: 570 XP\nActivity: Rooftop Course • Marks of Grace: Yes\nFastest course with Kandarin Hard Diary\nSeers' Village Rooftop Course	Pre-consolidation PoiIndex/PoiDetails snapshot; identity not globally verified; poi/curated-details.tsv:700	AgilityCourseLocation.SEERS_VILLAGE_ROOFTOP_COURSE	Seers' Village Rooftop Course	1.0	
poi_001848	poi_001848	quest_start	2522	3498	0	true	true	unresolved	Monkey Madness I	Start: King Narnode Shareen in Tree Gnome Stronghold\nDifficulty: Master • Length: Long\nReward: 3 Quest Points\nRequirements: The Grand Tree, Tree Gnome Village\nUnlocks: Dragon scimitar & Monkey greegree	Pre-consolidation PoiIndex/PoiDetails snapshot; identity not globally verified; poi/curated-details.tsv:1639				no_same_type_snapshot_within_12_tiles
poi_001853	poi_001853	agility_short-cut	2321	3499	0	true	true	unresolved	Eagles' Peak Rocks (Level 25)	Level requirement: Level 25 Agility\nConnects: Eagles' Peak north side to the western plains\nFaster path to the falconry and hunting grounds	Pre-consolidation PoiIndex/PoiDetails snapshot; identity not globally verified; poi/curated-details.tsv:721				no_same_type_snapshot_within_12_tiles
poi_001869	poi_001869	hunter_training	1482	3504	0	true	true	unresolved	Hunter area (Chinchompa)	Target: Chinchompa (53)\nLevel requirement: Level 53 Hunter	Pre-consolidation PoiIndex/PoiDetails snapshot; identity not globally verified; poi/curated-details.tsv:825; description corrected 2026-10-08 against https://github.com/runelite/runelite/blob/42a6f17a6a2e8e478aa763890ecd0181a59dad38/runelite-client/src/main/java/net/runelite/client/plugins/worldmap/HunterAreaLocation.java#L69	HunterAreaLocation.KOUREND_WOODLAND_NORTH_WEST	Chinchompa (53)	1.0	
poi_001874	poi_001874	mining_site	2698	3506	0	true	true	unresolved	Iron & Coal Mining Site	Ores available: Iron, Coal\nTool needed: Pickaxe (Bronze to Crystal)\nArdougne mine	Pre-consolidation PoiIndex/PoiDetails snapshot; identity not globally verified; poi/curated-details.tsv:1429	MiningSiteLocation.COAL_TRUCKS	18 Coal	120.033	no_same_type_snapshot_within_12_tiles
poi_001900	poi_001900	agility_short-cut	2486	3515	0	true	true	unresolved	Tree Gnome Stronghold Loose Railing (Level 37)	Level requirement: Level 37 Agility\nConnects: South-east Stronghold fence to outskirts\nBypasses the Stronghold main entrance gates	Pre-consolidation PoiIndex/PoiDetails snapshot; identity not globally verified; poi/curated-details.tsv:726				no_same_type_snapshot_within_12_tiles
poi_001902	poi_001902	agility_short-cut	3140	3515	0	true	true	unresolved	Grand Exchange Underwall Tunnel (Level 21)	Level requirement: Level 21 Agility\nConnects: North-west Grand Exchange directly to Edgeville\nExtremely popular shortcut between GE and Edgeville bank/furnace	Pre-consolidation PoiIndex/PoiDetails snapshot; identity not globally verified; poi/curated-details.tsv:759				no_same_type_snapshot_within_12_tiles
poi_001903	poi_001903	dungeon	3343	3515	0	true	true	unresolved	Zemouregal's Base	Requires: Defender of Varrock quest, Hartwin / Arrav\nArmoured zombies training and Zemouregal's fortress underneath Silvarea	Pre-consolidation PoiIndex/PoiDetails snapshot; identity not globally verified; poi/curated-details.tsv:491	DungeonLocation.PATERDOMUS	Paterdomus basement	61.66	no_same_type_snapshot_within_12_tiles
poi_001916	poi_001916	agility_short-cut	2926	3523	0	true	true	unresolved	Goblin Village Tight-Gap (Level 14)	Level requirement: Level 14 Agility\nConnects: Burthorpe southern border to Chaos Temple / Goblin Village\nRequirements: Falador Easy Diary completed	Pre-consolidation PoiIndex/PoiDetails snapshot; identity not globally verified; poi/curated-details.tsv:751				no_same_type_snapshot_within_12_tiles
poi_001939	poi_001939	fishing_spot	2137	3537	0	true	true	unresolved	Fishing Spot (Lobster, Swordfish, Tuna)	Fish: Lobster, Swordfish, Tuna\nCheck Fishing skill guide for method and level requirements	Pre-consolidation PoiIndex/PoiDetails snapshot; identity not globally verified; poi/curated-details.tsv:1215; description corrected 2026-10-08 against https://github.com/runelite/runelite/blob/42a6f17a6a2e8e478aa763890ecd0181a59dad38/runelite-client/src/main/java/net/runelite/client/plugins/worldmap/FishingSpotLocation.java#L83	FishingSpotLocation.DRUMSTICK_ISLE_WEST	Lobster	1.0	
poi_001950	poi_001950	fishing_spot	2159	3541	0	true	true	unresolved	Fishing Spot (Cod & Bass)	Method / Fish: Cod & Bass\nTools: Net, Rod + Bait, Pot, or Harpoon\nBig fishing net / Harpoon\nShark	Pre-consolidation PoiIndex/PoiDetails snapshot; identity not globally verified; poi/curated-details.tsv:1216	FishingSpotLocation.DRUMSTICK_ISLE_EAST	Shark	1.0	
poi_001959	poi_001959	fishing_spot	2131	3544	0	true	true	unresolved	Fishing Spot (Lobster, Swordfish, Tuna)	Fish: Lobster, Swordfish, Tuna\nCheck Fishing skill guide for method and level requirements	Pre-consolidation PoiIndex/PoiDetails snapshot; identity not globally verified; poi/curated-details.tsv:1217; description corrected 2026-10-08 against https://github.com/runelite/runelite/blob/42a6f17a6a2e8e478aa763890ecd0181a59dad38/runelite-client/src/main/java/net/runelite/client/plugins/worldmap/FishingSpotLocation.java#L83	FishingSpotLocation.DRUMSTICK_ISLE_WEST	Lobster	1.0	
poi_001972	poi_001972	fishing_spot	2156	3551	0	true	true	unresolved	Fishing Spot (Cod & Bass)	Method / Fish: Cod & Bass\nTools: Net, Rod + Bait, Pot, or Harpoon\nBig fishing net / Harpoon\nShark	Pre-consolidation PoiIndex/PoiDetails snapshot; identity not globally verified; poi/curated-details.tsv:1218	FishingSpotLocation.DRUMSTICK_ISLE_EAST	Shark	1.0	
poi_001974	poi_001974	agility_short-cut	3421	3551	0	true	true	unresolved	Slayer Tower Ivy Climb (Ground Floor) (Level 81)	Level requirement: Level 81 Agility\nConnects: Slayer Tower ground floor outside wall directly to 2nd floor\nBypasses lower floors directly to Nechryaels / Abyssal demons	Pre-consolidation PoiIndex/PoiDetails snapshot; identity not globally verified; poi/curated-details.tsv:768				no_same_type_snapshot_within_12_tiles
poi_001992	poi_001992	dungeon	1214	3559	0	true	true	unresolved	Lizardman Temple Entrance	Type: Dungeon entrance / underground link\nMount Quidamortem entrance to Lizardman Temple\nQuidamortem Cave	Pre-consolidation PoiIndex/PoiDetails snapshot; identity not globally verified; poi/curated-details.tsv:314; poi/curated-details.tsv:462	DungeonLocation.QUIDAMORTEM_CAVE	Quidamortem Cave	1.0	
poi_002025	poi_002025	agility_short-cut	1613	3570	0	true	true	unresolved	River Hos Stepping Stones (Level 40)	Level requirement: Level 40 Agility\nConnects: Hosidius across River Hos to Shayzien\nFast crossing between western and eastern Great Kourend	Pre-consolidation PoiIndex/PoiDetails snapshot; identity not globally verified; poi/curated-details.tsv:708				no_same_type_snapshot_within_12_tiles
poi_002032	poi_002032	agility_short-cut	1605	3572	0	true	true	unresolved	River Hos Stepping Stones (Level 40)	Level requirement: Level 40 Agility\nConnects: Shayzien Encampment across River Hos to Hosidius\nFast crossing between western and eastern Great Kourend	Pre-consolidation PoiIndex/PoiDetails snapshot; identity not globally verified; poi/curated-details.tsv:707				no_same_type_snapshot_within_12_tiles
poi_002050	poi_002050	hunter_training	2336	3584	0	true	true	unresolved	Piscatoris - Grey Chinchompas (Level 53)	Target: Chinchompa (Grey chinchompa)\nLevel requirement: Level 53 Hunter\nCatch method: Box trap\nRegion: Piscatoris Hunter Area\nCommon kebbit (3)\nCopper longtail (9)\nRuby harvest (15)\nWild kebbit (23)\nFerret (27)\nWhite rabbit (27)\nPrickly kebbit (37)\nRazor-backed kebbit (49)\nChinchompa (53)	Pre-consolidation PoiIndex/PoiDetails snapshot; identity not globally verified; poi/curated-details.tsv:800	HunterAreaLocation.PISCATORIS_HUNTER_AREA	Common kebbit (3)<br>Copper longtail (9)<br>Ruby harvest (15)<br>Wild kebbit (23)<br>Ferret (27)<br>White rabbit (27)<br>Prickly kebbit (37)<br>Razor-backed kebbit (49)<br>Chinchompa (53)	1.0	
poi_002058	poi_002058	agility_short-cut	2722	3591	0	true	true	unresolved	Fremennik Province Log Balance (Level 48)	Level requirement: Level 48 Agility\nConnects: River crossing between Seers' Village and Rellekka\nQuick route from McGrubor's Wood into Fremennik lands	Pre-consolidation PoiIndex/PoiDetails snapshot; identity not globally verified; poi/curated-details.tsv:732				no_same_type_snapshot_within_12_tiles
poi_002063	poi_002063	hunter_training	1185	3595	0	true	true	unresolved	Hunter area (Crimson swift)	Target: Crimson swift (1)\nLevel requirement: Level 1 Hunter	Pre-consolidation PoiIndex/PoiDetails snapshot; identity not globally verified; poi/curated-details.tsv:823; description corrected 2026-10-08 against https://github.com/runelite/runelite/blob/42a6f17a6a2e8e478aa763890ecd0181a59dad38/runelite-client/src/main/java/net/runelite/client/plugins/worldmap/HunterAreaLocation.java#L67	HunterAreaLocation.KEBOS_SWAMP	Crimson swift (1)	1.0	
poi_002065	poi_002065	fishing_spot	1839	3595	0	true	true	unresolved	Fishing Spot (Anchovies, Bass, Herring, Lobster, Sardine, Shark, Shrimp, Swordfish, Tuna)	Fish: Anchovies, Bass, Herring, Lobster, Sardine, Shark, Shrimp, Swordfish, Tuna\nCheck Fishing skill guide for method and level requirements	Pre-consolidation PoiIndex/PoiDetails snapshot; identity not globally verified; poi/curated-details.tsv:1219; description corrected 2026-10-08 against https://github.com/runelite/runelite/blob/42a6f17a6a2e8e478aa763890ecd0181a59dad38/runelite-client/src/main/java/net/runelite/client/plugins/worldmap/FishingSpotLocation.java#L127	FishingSpotLocation.HOSIDIUS_EAST	Shark / Lobster / Anchovies	1.0	
poi_002067	poi_002067	hunter_training	2380	3599	0	true	true	unresolved	Piscatoris - Falconry (Level 43–69)	Target: Spotted kebbit (43), Dark kebbit (57), Dashing kebbit (69)\nLevel requirement: Level 43 / 57 / 69 Hunter\nCatch method: Falconry (Gyr falcon & Falconry glove - 500 coins)\nRegion: Piscatoris (Falconry Area)\nSpotted kebbit (43)\nDark kebbit (57)\nDashing kebbit (69)	Pre-consolidation PoiIndex/PoiDetails snapshot; identity not globally verified; poi/curated-details.tsv:801	HunterAreaLocation.FALCONRY	Spotted kebbit (43)<br>Dark kebbit (57)<br>Dashing kebbit (69)	1.0	
poi_002072	poi_002072	fishing_spot	1818	3603	0	true	true	unresolved	Fishing Spot (Anchovies, Bass, Herring, Lobster, Sardine, Shark, Shrimp, Swordfish, Tuna)	Fish: Anchovies, Bass, Herring, Lobster, Sardine, Shark, Shrimp, Swordfish, Tuna\nCheck Fishing skill guide for method and level requirements	Pre-consolidation PoiIndex/PoiDetails snapshot; identity not globally verified; poi/curated-details.tsv:1220; description corrected 2026-10-08 against https://github.com/runelite/runelite/blob/42a6f17a6a2e8e478aa763890ecd0181a59dad38/runelite-client/src/main/java/net/runelite/client/plugins/worldmap/FishingSpotLocation.java#L127	FishingSpotLocation.HOSIDIUS_EAST	Shark / Lobster / Anchovies	1.0	
poi_002073	poi_002073	fishing_spot	1828	3605	0	true	true	unresolved	Fishing Spot (Anchovies, Bass, Herring, Lobster, Sardine, Shark, Shrimp, Swordfish, Tuna)	Fish: Anchovies, Bass, Herring, Lobster, Sardine, Shark, Shrimp, Swordfish, Tuna\nCheck Fishing skill guide for method and level requirements	Pre-consolidation PoiIndex/PoiDetails snapshot; identity not globally verified; poi/curated-details.tsv:1221; description corrected 2026-10-08 against https://github.com/runelite/runelite/blob/42a6f17a6a2e8e478aa763890ecd0181a59dad38/runelite-client/src/main/java/net/runelite/client/plugins/worldmap/FishingSpotLocation.java#L127	FishingSpotLocation.HOSIDIUS_EAST	Shark / Lobster / Anchovies	1.0	
poi_002084	poi_002084	fishing_spot	1829	3614	0	true	true	unresolved	Fishing Spot (Anchovies, Bass, Herring, Lobster, Sardine, Shark, Shrimp, Swordfish, Tuna)	Fish: Anchovies, Bass, Herring, Lobster, Sardine, Shark, Shrimp, Swordfish, Tuna\nCheck Fishing skill guide for method and level requirements	Pre-consolidation PoiIndex/PoiDetails snapshot; identity not globally verified; poi/curated-details.tsv:1222; description corrected 2026-10-08 against https://github.com/runelite/runelite/blob/42a6f17a6a2e8e478aa763890ecd0181a59dad38/runelite-client/src/main/java/net/runelite/client/plugins/worldmap/FishingSpotLocation.java#L127	FishingSpotLocation.HOSIDIUS_EAST	Shark / Lobster / Anchovies	1.0	
poi_002091	poi_002091	fishing_spot	1841	3619	0	true	true	unresolved	Fishing Spot (Anchovies, Bass, Herring, Lobster, Sardine, Shark, Shrimp, Swordfish, Tuna)	Fish: Anchovies, Bass, Herring, Lobster, Sardine, Shark, Shrimp, Swordfish, Tuna\nCheck Fishing skill guide for method and level requirements	Pre-consolidation PoiIndex/PoiDetails snapshot; identity not globally verified; poi/curated-details.tsv:1223; description corrected 2026-10-08 against https://github.com/runelite/runelite/blob/42a6f17a6a2e8e478aa763890ecd0181a59dad38/runelite-client/src/main/java/net/runelite/client/plugins/worldmap/FishingSpotLocation.java#L127	FishingSpotLocation.HOSIDIUS_EAST	Shark / Lobster / Anchovies	1.0	
poi_002104	poi_002104	task_master	2659	3627	0	true	true	unresolved	Task Master	Achievement Diary task master: Thorodin (Fremennik Diary)\nClaim tier rewards: easy, medium, hard, elite\nTeleport destination: Achievement diary cape (Thorodin)	Pre-consolidation PoiIndex/PoiDetails snapshot; identity not globally verified; poi/curated-details.tsv:1691				no_same_type_snapshot_within_12_tiles
poi_002111	poi_002111	hunter_training	1364	3632	0	true	true	unresolved	Lake Molch - Aerial fishing	Target: Bluegill (35), Common tench (51), Greater siren (87), Mottled eel (68)\nLevel requirement: Level 35 / 51 / 68 / 87 Hunter	Pre-consolidation PoiIndex/PoiDetails snapshot; identity not globally verified; poi/curated-details.tsv:824; description corrected 2026-10-08 against https://github.com/runelite/runelite/blob/42a6f17a6a2e8e478aa763890ecd0181a59dad38/runelite-client/src/main/java/net/runelite/client/plugins/worldmap/HunterAreaLocation.java#L72	HunterAreaLocation.LAKE_MOLCH	Bluegill (35)<br>Common tench (51)<br>Mottled eel (68)<br>Greater siren (87)	1.0	
poi_002133	poi_002133	dungeon	2509	3644	0	true	true	unresolved	Lighthouse Dungeon Iron Ladder	Type: Dungeon entrance / underground link\nLighthouse entrance to Dagannoths lair\nLighthouse basement	Pre-consolidation PoiIndex/PoiDetails snapshot; identity not globally verified; poi/curated-details.tsv:460	DungeonLocation.LIGHTHOUSE	Lighthouse basement	1.0	
poi_002169	poi_002169	task_master	1648	3665	0	true	true	unresolved	Task Master	Achievement Diary task master: Elise (Varlamore Diary)\nClaim tier rewards: easy, medium, hard, elite\nTeleport destination: Achievement diary cape (A. Elise)	Pre-consolidation PoiIndex/PoiDetails snapshot; identity not globally verified; poi/curated-details.tsv:1687				no_same_type_snapshot_within_12_tiles
poi_002170	poi_002170	agility_short-cut	2877	3666	0	true	true	unresolved	Trollheim Medium Cliff Scramble (Level 43)	Level requirement: Level 43 Agility\nConnects: Mid-level Trollheim mountain trail ascending to summit\nRequirements: Death Plateau quest	Pre-consolidation PoiIndex/PoiDetails snapshot; identity not globally verified; poi/curated-details.tsv:743				no_same_type_snapshot_within_12_tiles
poi_002185	poi_002185	agility_short-cut	2870	3670	0	true	true	unresolved	Trollheim Easy Cliff Scramble (Level 41)	Level requirement: Level 41 Agility\nConnects: Lower Trollheim path ascending toward the peak\nRequirements: Death Plateau quest (Climbing boots)	Pre-consolidation PoiIndex/PoiDetails snapshot; identity not globally verified; poi/curated-details.tsv:742				no_same_type_snapshot_within_12_tiles
poi_002191	poi_002191	agility_short-cut	2918	3672	0	true	true	unresolved	Trollheim Mountain Path (Level 47)	Level requirement: Level 47 Agility\nConnects: Trollheim south-east cliff descent\nAlternative descent from Trollheim summit	Pre-consolidation PoiIndex/PoiDetails snapshot; identity not globally verified; poi/curated-details.tsv:747				no_same_type_snapshot_within_12_tiles
poi_002194	poi_002194	hunter_training	3295	3673	0	true	true	unresolved	Wilderness - Black Salamanders (Level 67)	Target: Black salamander\nLevel requirement: Level 67 Hunter (Wilderness Level 19–21)\nCatch method: Net trap (Ropes & Small fishing nets on young trees)\nRegion: Wilderness (Boneyard / Lava Maze)\nBlack salamander (67)	Pre-consolidation PoiIndex/PoiDetails snapshot; identity not globally verified; poi/curated-details.tsv:812	HunterAreaLocation.BONEYARD_HUNTER_AREA	Black salamander (67)	1.0	
poi_002195	poi_002195	fishing_spot	2077	3674	0	true	true	unresolved	Fishing Spot (Squid)	Fish: Squid\nCheck Fishing skill guide for method and level requirements	Pre-consolidation PoiIndex/PoiDetails snapshot; identity not globally verified; poi/curated-details.tsv:1224; description corrected 2026-10-08 against https://github.com/runelite/runelite/blob/42a6f17a6a2e8e478aa763890ecd0181a59dad38/runelite-client/src/main/java/net/runelite/client/plugins/worldmap/FishingSpotLocation.java#L62	FishingSpotLocation.BUCCANEERS_HAVEN	Squid	1.0	
poi_002204	poi_002204	agility_training	2625	3677	0	true	true	unresolved	Rellekka Rooftop Course (Level 80)	Level requirement: Level 80 Agility\nLap XP: 780 XP\nActivity: Rooftop Course • Marks of Grace: Yes\nRellekka Rooftop Course	Pre-consolidation PoiIndex/PoiDetails snapshot; identity not globally verified; poi/curated-details.tsv:699	AgilityCourseLocation.RELLEKKA_ROOFTOP_COURSE	Rellekka Rooftop Course	1.0	
poi_002210	poi_002210	agility_short-cut	2946	3678	0	true	true	unresolved	Trollheim to Wilderness Rocks (Level 64)	Level requirement: Level 64 Agility\nConnects: Trollheim eastern base to Level 21 Wilderness\nRequirements: Troll Stronghold quest (partial)	Pre-consolidation PoiIndex/PoiDetails snapshot; identity not globally verified; poi/curated-details.tsv:748				no_same_type_snapshot_within_12_tiles
poi_002215	poi_002215	agility_short-cut	2903	3680	0	true	true	unresolved	Trollheim Hard Cliff Scramble (Level 47)	Level requirement: Level 47 Agility\nConnects: Eastern Trollheim descent directly toward God Wars route\nFastest route down Trollheim mountain	Pre-consolidation PoiIndex/PoiDetails snapshot; identity not globally verified; poi/curated-details.tsv:745				no_same_type_snapshot_within_12_tiles
poi_002224	poi_002224	agility_short-cut	2887	3684	0	true	true	unresolved	Trollheim Hard Cliff Scramble (Level 47)	Level requirement: Level 47 Agility\nConnects: Trollheim mountain ridge climb\nBypasses winding mountain paths and thrower trolls	Pre-consolidation PoiIndex/PoiDetails snapshot; identity not globally verified; poi/curated-details.tsv:746				no_same_type_snapshot_within_12_tiles
poi_002236	poi_002236	agility_short-cut	2908	3686	0	true	true	unresolved	Trollheim Advanced Cliff Scramble (Level 44)	Level requirement: Level 44 Agility\nConnects: Upper Trollheim trail to the mountain plateau\nQuicker path to Eadgar's cave and God Wars Dungeon entrance	Pre-consolidation PoiIndex/PoiDetails snapshot; identity not globally verified; poi/curated-details.tsv:744				no_same_type_snapshot_within_12_tiles
poi_002259	poi_002259	agility_short-cut	2842	3694	0	true	true	unresolved	Troll Stronghold Rocks (Level 73)	Level requirement: Level 73 Agility\nConnects: Troll Stronghold main entrance to the roof herb patch\nRequirements: Troll Stronghold quest completed\nDirect route to My Arm's disease-free herb patch	Pre-consolidation PoiIndex/PoiDetails snapshot; identity not globally verified; poi/curated-details.tsv:741				no_same_type_snapshot_within_12_tiles
poi_002263	poi_002263	agility_short-cut	2689	3697	0	true	true	unresolved	Rellekka Broken Fence (Level 57)	Level requirement: Level 57 Agility\nConnects: Eastern Rellekka to Rock Crab coast and Slayer Cave\nDirect escape / entry through eastern Rellekka palisade	Pre-consolidation PoiIndex/PoiDetails snapshot; identity not globally verified; poi/curated-details.tsv:733				no_same_type_snapshot_within_12_tiles
poi_002265	poi_002265	fishing_spot	2308	3700	0	true	true	unresolved	Fishing Spot (Monkfish)	Method / Fish: Monkfish\nTools: Net, Rod + Bait, Pot, or Harpoon\nCheck Fishing skill guide for exact bait & level reqs\nMonkfish	Pre-consolidation PoiIndex/PoiDetails snapshot; identity not globally verified; poi/curated-details.tsv:1119	FishingSpotLocation.PISCATORIS	Monkfish	0.0	
poi_002266	poi_002266	fishing_spot	2329	3701	0	true	true	unresolved	Fishing Spot (Monkfish)	Method / Fish: Monkfish\nTools: Net, Rod + Bait, Pot, or Harpoon\nSmall fishing net	Pre-consolidation PoiIndex/PoiDetails snapshot; identity not globally verified; poi/curated-details.tsv:1225	FishingSpotLocation.PISCATORIS	Monkfish	21.024	no_same_type_snapshot_within_12_tiles
poi_002268	poi_002268	fishing_spot	2348	3702	0	true	true	unresolved	Fishing Spot (Monkfish)	Method / Fish: Monkfish\nTools: Net, Rod + Bait, Pot, or Harpoon\nSmall fishing net	Pre-consolidation PoiIndex/PoiDetails snapshot; identity not globally verified; poi/curated-details.tsv:1226	FishingSpotLocation.FREMENNIK_STRAIT	Monkfish	17.72	no_same_type_snapshot_within_12_tiles
poi_002291	poi_002291	fishing_spot	2344	3719	0	true	true	unresolved	Fishing Spot (Monkfish)	Method / Fish: Monkfish\nTools: Net, Rod + Bait, Pot, or Harpoon\nSmall fishing net\nMonkfish	Pre-consolidation PoiIndex/PoiDetails snapshot; identity not globally verified; poi/curated-details.tsv:1227	FishingSpotLocation.FREMENNIK_STRAIT	Monkfish	1.0	
poi_002330	poi_002330	quest_start	1700	3742	0	true	true	unresolved	The Ascent of Arceuus	Start: Mori in Arceuus\nDifficulty: Intermediate • Length: Short\nReward: 1 Quest Point\nRequirements: Client of Kourend, 12 Hunter	Pre-consolidation PoiIndex/PoiDetails snapshot; identity not globally verified; poi/curated-details.tsv:1674				no_same_type_snapshot_within_12_tiles
poi_002343	poi_002343	quest_start	1483	3748	0	true	true	unresolved	The Queen of Thieves	Start: Tomas Lawry in Port Piscarilius\nDifficulty: Novice • Length: Short\nReward: 1 Quest Point\nRequirements: Client of Kourend, 20 Thieving	Pre-consolidation PoiIndex/PoiDetails snapshot; identity not globally verified; poi/curated-details.tsv:1673				no_same_type_snapshot_within_12_tiles
poi_002367	poi_002367	agility_short-cut	2929	3760	0	true	true	unresolved	Wilderness God Wars Dungeon Rocky Handholds (Level 60)	Level requirement: Level 60 Agility (or 60 Strength)\nConnects: Level 28 Wilderness into the God Wars Dungeon entrance\nRequirements: Rope • Danger: Wilderness PvP area	Pre-consolidation PoiIndex/PoiDetails snapshot; identity not globally verified; poi/curated-details.tsv:749				no_same_type_snapshot_within_12_tiles
poi_002372	poi_002372	fishing_spot	1887	3764	0	true	true	unresolved	Fishing Spot (Anglerfish)	Fish: Anglerfish\nCheck Fishing skill guide for method and level requirements	Pre-consolidation PoiIndex/PoiDetails snapshot; identity not globally verified; poi/curated-details.tsv:1228; description corrected 2026-10-08 against https://github.com/runelite/runelite/blob/42a6f17a6a2e8e478aa763890ecd0181a59dad38/runelite-client/src/main/java/net/runelite/client/plugins/worldmap/FishingSpotLocation.java#L125	FishingSpotLocation.GULF_OF_KOUREND	Anglerfish	1.0	
poi_002375	poi_002375	agility_short-cut	2944	3770	0	true	true	unresolved	Wilderness God Wars Dungeon Rocky Handholds (Level 60)	Level requirement: Level 60 Agility (or 60 Strength)\nConnects: God Wars Dungeon crevice climb to Wilderness surface\nRequirements: Rope • Danger: Wilderness PvP area	Pre-consolidation PoiIndex/PoiDetails snapshot; identity not globally verified; poi/curated-details.tsv:750				no_same_type_snapshot_within_12_tiles
poi_002376	poi_002376	hunter_training	3143	3771	0	true	true	unresolved	Wilderness - Black Chinchompas (Level 73)	Target: Black chinchompa (Highest XP & combat damage)\nLevel requirement: Level 73 Hunter (Wilderness Level 32–34)\nCatch method: Box trap (up to 6 traps in Wilderness)\nRegion: Wilderness (High risk PvP area)\nBlack chinchompa (73)	Pre-consolidation PoiIndex/PoiDetails snapshot; identity not globally verified; poi/curated-details.tsv:811	HunterAreaLocation.WILDERNESS	Black chinchompa (73)	1.0	
poi_002389	poi_002389	fishing_spot	2401	3780	0	true	true	unresolved	Fishing Spot (Shark & Lobster)	Method / Fish: Shark & Lobster\nTools: Net, Rod + Bait, Pot, or Harpoon\nHarpoon / Cage\nShark / Lobster	Pre-consolidation PoiIndex/PoiDetails snapshot; identity not globally verified; poi/curated-details.tsv:1229	FishingSpotLocation.JATISZO	Shark / Lobster	1.0	
poi_002392	poi_002392	hunter_training	2720	3780	0	true	true	unresolved	Rellekka - Polar Kebbits & Kyatts (Level 1–55)	Target: Polar kebbit (1), Cerulean twitch (11), Sabre-toothed kyatt (55)\nLevel requirement: Level 1 / 11 / 25 / 35 / 55 Hunter\nCatch method: Tracking (Noose wand), Bird snare, Pitfall trap\nRegion: Fremennik Province (Rellekka Hunter Area)\nPolar kebbit (1)\nCerulean twitch (11)\nSapphire glacialis (25)\nSnowy knight (35)\nSabre-toothed kebbit (51)\nSabre-toothed kyatt (55)	Pre-consolidation PoiIndex/PoiDetails snapshot; identity not globally verified; poi/curated-details.tsv:808	HunterAreaLocation.RELLEKA_HUNTER_AREA	Polar kebbit (1)<br>Cerulean twitch (11)<br>Sapphire glacialis (25)<br>Snowy knight (35)<br>Sabre-toothed kebbit (51)<br>Sabre-toothed kyatt (55)	1.0	
poi_002394	poi_002394	agility_short-cut	1325	3782	0	true	true	unresolved	Mount Karuulm Lower Rocks (Level 29)	Level requirement: Level 29 Agility\nConnects: Base of Mount Karuulm to middle plateau\nQuicker path to the Karuulm Slayer Dungeon and volcano	Pre-consolidation PoiIndex/PoiDetails snapshot; identity not globally verified; poi/curated-details.tsv:705				no_same_type_snapshot_within_12_tiles
poi_002395	poi_002395	quest_start	1796	3782	0	true	true	unresolved	A Kingdom Divided	Start: Commander Fullore in Kourend Castle\nDifficulty: Experienced • Length: Long\nReward: 2 Quest Points\nRequirements: All 5 Kourend quests, The Depths of Despair,\nQueen of Thieves, 54 Agility, 52 Thieving, 52 Woodcutting,\n50 Herblore, 42 Mining, 38 Crafting, 35 Magic	Pre-consolidation PoiIndex/PoiDetails snapshot; identity not globally verified; poi/curated-details.tsv:1678				no_same_type_snapshot_within_12_tiles
poi_002398	poi_002398	fishing_spot	2417	3783	0	true	true	unresolved	Fishing Spot (Shark & Lobster)	Method / Fish: Shark & Lobster\nTools: Net, Rod + Bait, Pot, or Harpoon\nHarpoon / Cage	Pre-consolidation PoiIndex/PoiDetails snapshot; identity not globally verified; poi/curated-details.tsv:1230	FishingSpotLocation.JATISZO	Shark / Lobster	5.831	
poi_002405	poi_002405	fishing_spot	2420	3789	0	true	true	unresolved	Fishing Spot (Shark & Lobster)	Method / Fish: Shark & Lobster\nTools: Net, Rod + Bait, Pot, or Harpoon\nHarpoon / Cage\nShark / Lobster	Pre-consolidation PoiIndex/PoiDetails snapshot; identity not globally verified; poi/curated-details.tsv:1231	FishingSpotLocation.JATISZO	Shark / Lobster	1.0	
poi_002408	poi_002408	agility_short-cut	1323	3791	0	true	true	unresolved	Mount Karuulm Upper Rocks (Level 62)	Level requirement: Level 62 Agility\nConnects: Middle plateau to top of Mount Karuulm\nQuick access to the Slayer Master Konar quo Maten	Pre-consolidation PoiIndex/PoiDetails snapshot; identity not globally verified; poi/curated-details.tsv:706				no_same_type_snapshot_within_12_tiles
poi_002415	poi_002415	fishing_spot	1763	3796	0	true	true	unresolved	Fishing Spot (Anchovies, Herring, Lobster, Sardine, Shrimp, Swordfish, Tuna)	Fish: Anchovies, Herring, Lobster, Sardine, Shrimp, Swordfish, Tuna\nCheck Fishing skill guide for method and level requirements	Pre-consolidation PoiIndex/PoiDetails snapshot; identity not globally verified; poi/curated-details.tsv:1232; description corrected 2026-10-08 against https://github.com/runelite/runelite/blob/42a6f17a6a2e8e478aa763890ecd0181a59dad38/runelite-client/src/main/java/net/runelite/client/plugins/worldmap/FishingSpotLocation.java#L188	FishingSpotLocation.PORT_PISCARILIUS_WEST	Lobster / Anchovies	1.0	
poi_002420	poi_002420	hunter_training	3694	3800	0	true	true	unresolved	Fossil Island - Herbiboar (Mushroom Meadow) (Level 80)	Target: Herbiboar (Harvest herbs with Magic secateurs • Pet chance)\nLevel requirement: Level 80 Hunter & 31 Herblore\nCatch method: Tracking (Inspect fungi and burrow holes)\nRegion: Fossil Island (Bone Voyage quest)\nHerbiboar (80)	Pre-consolidation PoiIndex/PoiDetails snapshot; identity not globally verified; poi/curated-details.tsv:818	HunterAreaLocation.FOSSIL_ISLAND1	Herbiboar (80)	1.0	
poi_002421	poi_002421	fishing_spot	1746	3802	0	true	true	unresolved	Fishing Spot (Anchovies, Herring, Lobster, Sardine, Shrimp, Swordfish, Tuna)	Fish: Anchovies, Herring, Lobster, Sardine, Shrimp, Swordfish, Tuna\nCheck Fishing skill guide for method and level requirements	Pre-consolidation PoiIndex/PoiDetails snapshot; identity not globally verified; poi/curated-details.tsv:1233; description corrected 2026-10-08 against https://github.com/runelite/runelite/blob/42a6f17a6a2e8e478aa763890ecd0181a59dad38/runelite-client/src/main/java/net/runelite/client/plugins/worldmap/FishingSpotLocation.java#L188	FishingSpotLocation.PORT_PISCARILIUS_WEST	Lobster / Anchovies	1.0	
poi_002435	poi_002435	agility_short-cut	3201	3807	0	true	true	unresolved	Lava Dragon Isle Stepping Stones (Level 74)	Level requirement: Level 74 Agility\nConnects: Level 36 Wilderness southern shore to Lava Dragon Isle\nQuicker escape and entry to Lava Dragon hunting grounds\nDanger: High-level Wilderness PvP	Pre-consolidation PoiIndex/PoiDetails snapshot; identity not globally verified; poi/curated-details.tsv:757				no_same_type_snapshot_within_12_tiles
poi_002444	poi_002444	hunter_training	3702	3809	0	true	true	unresolved	Fossil Island - Herbiboar (Volcanic Meadow) (Level 80)	Target: Herbiboar (Harvest herbs with Magic secateurs)\nLevel requirement: Level 80 Hunter & 31 Herblore\nCatch method: Tracking (Inspect fungi and mud patches)\nRegion: Fossil Island\nHerbiboar (80)	Pre-consolidation PoiIndex/PoiDetails snapshot; identity not globally verified; poi/curated-details.tsv:819	HunterAreaLocation.FOSSIL_ISLAND2	Herbiboar (80)	1.0	
poi_002446	poi_002446	agility_short-cut	3664	3810	0	true	true	unresolved	Fossil Island Mushroom Meadow Stepping Stones (Level 50)	Level requirement: Level 50 Agility\nConnects: Mushroom Meadow across water to western forest\nRequirements: Bone Voyage quest • Quicker Herbiboar tracking	Pre-consolidation PoiIndex/PoiDetails snapshot; identity not globally verified; poi/curated-details.tsv:777				no_same_type_snapshot_within_12_tiles
poi_002459	poi_002459	agility_short-cut	3715	3816	0	true	true	unresolved	Fossil Island Museum Camp Crevice (Level 70)	Level requirement: Level 70 Agility\nConnects: Hardwood tree patch through cliff to Museum Camp\nRequirements: Bone Voyage quest completed\nHigh-value shortcut for Teak/Mahogany tree runs	Pre-consolidation PoiIndex/PoiDetails snapshot; identity not globally verified; poi/curated-details.tsv:779				no_same_type_snapshot_within_12_tiles
poi_002466	poi_002466	agility_short-cut	3781	3822	0	true	true	unresolved	Fossil Island Volcanic Mine Rope (Level 64)	Level requirement: Level 64 Agility\nConnects: Volcanic Meadow path across fissure to Volcanic Mine\nRequirements: Bone Voyage quest completed	Pre-consolidation PoiIndex/PoiDetails snapshot; identity not globally verified; poi/curated-details.tsv:782				no_same_type_snapshot_within_12_tiles
poi_002470	poi_002470	dungeon	1382	3825	0	true	true	unresolved	Molch Pearl Caves Entrance	Type: Dungeon entrance / underground link\nLake Molch cave entrance\nForsaken Tower basement	Pre-consolidation PoiIndex/PoiDetails snapshot; identity not globally verified; poi/curated-details.tsv:465	DungeonLocation.FORSAKEN_TOWER	Forsaken Tower basement	1.0	
poi_002472	poi_002472	agility_short-cut	2316	3828	0	true	true	unresolved	Neitiznot Rope Bridge (Level 40)	Level requirement: Level 40 Agility\nConnects: Neitiznot town across chasm to northern islands\nRequirements: The Fremennik Isles quest (partial)	Pre-consolidation PoiIndex/PoiDetails snapshot; identity not globally verified; poi/curated-details.tsv:722				no_same_type_snapshot_within_12_tiles
poi_002473	poi_002473	agility_short-cut	3713	3828	0	true	true	unresolved	Fossil Island Museum Camp Crevice (Level 70)	Level requirement: Level 70 Agility\nConnects: Museum Camp directly through cliff to hardwood tree patch\nRequirements: Bone Voyage quest completed\nHigh-value shortcut for Teak/Mahogany tree runs	Pre-consolidation PoiIndex/PoiDetails snapshot; identity not globally verified; poi/curated-details.tsv:778				no_same_type_snapshot_within_12_tiles
poi_002475	poi_002475	hunter_training	3704	3829	0	true	true	unresolved	Fossil Island - Herbiboar (Level 80)	Target: Herbiboar\nLevel requirement: Level 80 Hunter & 31 Herblore\nCatch method: Tracking\nRegion: Fossil Island (Requires completion of Bone Voyage)	Pre-consolidation PoiIndex/PoiDetails snapshot; identity not globally verified; poi/curated-details.tsv:820; description corrected 2026-10-08: https://github.com/runelite/runelite/blob/42a6f17a6a2e8e478aa763890ecd0181a59dad38/runelite-client/src/main/java/net/runelite/client/plugins/worldmap/HunterAreaLocation.java#L53, https://oldschool.runescape.wiki/w/Hunter_training#Levels_80%E2%80%9399:_Herbiboar	HunterAreaLocation.FOSSIL_ISLAND3	Herbiboar (80)	1.0	
poi_002478	poi_002478	agility_short-cut	3730	3831	0	true	true	unresolved	Fossil Island Volcanic Meadow Crevice (Level 70)	Level requirement: Level 70 Agility\nConnects: Museum Camp north path to Volcanic Meadow\nRequirements: Bone Voyage quest completed	Pre-consolidation PoiIndex/PoiDetails snapshot; identity not globally verified; poi/curated-details.tsv:780				no_same_type_snapshot_within_12_tiles
poi_002479	poi_002479	agility_short-cut	3745	3831	0	true	true	unresolved	Fossil Island Volcanic Meadow Crevice (Level 70)	Level requirement: Level 70 Agility\nConnects: Volcanic Meadow path toward the Volcanic Mine\nRequirements: Bone Voyage quest completed	Pre-consolidation PoiIndex/PoiDetails snapshot; identity not globally verified; poi/curated-details.tsv:781				no_same_type_snapshot_within_12_tiles
poi_002491	poi_002491	mining_site	1491	3847	0	true	true	unresolved	Iron & Coal Mining Site	Ores available: Iron, Coal\nTool needed: Pickaxe (Bronze to Crystal)\nLovakengj mine	Pre-consolidation PoiIndex/PoiDetails snapshot; identity not globally verified; poi/curated-details.tsv:1430	MiningSiteLocation.BLAST_MINE_EAST	20 Hard rock	24.597	no_same_type_snapshot_within_12_tiles
poi_002498	poi_002498	hunter_training	3750	3850	0	true	true	unresolved	Fossil Island - Herbiboar (Level 80)	Target: Herbiboar\nLevel requirement: Level 80 Hunter & 31 Herblore\nCatch method: Tracking\nRegion: Fossil Island (Requires completion of Bone Voyage)	Pre-consolidation PoiIndex/PoiDetails snapshot; identity not globally verified; poi/curated-details.tsv:822; description corrected 2026-10-08: https://github.com/runelite/runelite/blob/42a6f17a6a2e8e478aa763890ecd0181a59dad38/runelite-client/src/main/java/net/runelite/client/plugins/worldmap/HunterAreaLocation.java#L54, https://oldschool.runescape.wiki/w/Hunter_training#Levels_80%E2%80%9399:_Herbiboar	HunterAreaLocation.FOSSIL_ISLAND4	Herbiboar (80)	1.0	
poi_002499	poi_002499	agility_short-cut	1771	3851	0	true	true	unresolved	Dense Essence Mine East Rocks (Level 52)	Level requirement: Level 52 Agility\nConnects: Arceuus Dense Runestone quarry (east side)\nBypasses lower cliff toward the Dark Altar path	Pre-consolidation PoiIndex/PoiDetails snapshot; identity not globally verified; poi/curated-details.tsv:714				no_same_type_snapshot_within_12_tiles
poi_002500	poi_002500	agility_short-cut	1743	3853	0	true	true	unresolved	Dense Essence Mine West Rocks (Level 73)	Level requirement: Level 73 Agility\nConnects: Arceuus Dense Runestone quarry (west side)\nHigh-level shortcut for faster Blood and Soul Runecrafting	Pre-consolidation PoiIndex/PoiDetails snapshot; identity not globally verified; poi/curated-details.tsv:712				no_same_type_snapshot_within_12_tiles
poi_002516	poi_002516	agility_short-cut	2573	3862	0	true	true	unresolved	Miscellania Stepping Stone (Level 55)	Level requirement: Level 55 Agility\nConnects: Miscellania castle docks across water to Etceteria\nBypasses the long wooden bridge between the islands	Pre-consolidation PoiIndex/PoiDetails snapshot; identity not globally verified; poi/curated-details.tsv:731				no_same_type_snapshot_within_12_tiles
poi_002528	poi_002528	hunter_training	3685	3870	0	true	true	unresolved	Fossil Island - Herbiboar (Level 80)	Target: Herbiboar\nLevel requirement: Level 80 Hunter & 31 Herblore\nCatch method: Tracking\nRegion: Fossil Island (Requires completion of Bone Voyage)	Pre-consolidation PoiIndex/PoiDetails snapshot; identity not globally verified; poi/curated-details.tsv:821; description corrected 2026-10-08: https://github.com/runelite/runelite/blob/42a6f17a6a2e8e478aa763890ecd0181a59dad38/runelite-client/src/main/java/net/runelite/client/plugins/worldmap/HunterAreaLocation.java#L55, https://oldschool.runescape.wiki/w/Hunter_training#Levels_80%E2%80%9399:_Herbiboar	HunterAreaLocation.FOSSIL_ISLAND5	Herbiboar (80)	1.0	
poi_002531	poi_002531	agility_short-cut	1760	3873	0	true	true	unresolved	Dense Essence Mine North Rocks (Level 69)	Level requirement: Level 69 Agility\nConnects: Arceuus Dense Runestone quarry (north side)\nBypasses rocky ridges for faster essence transport	Pre-consolidation PoiIndex/PoiDetails snapshot; identity not globally verified; poi/curated-details.tsv:713				no_same_type_snapshot_within_12_tiles
poi_002536	poi_002536	agility_short-cut	3093	3880	0	true	true	unresolved	Lava Maze Stepping Stone (Level 82)	Level requirement: Level 82 Agility\nConnects: Level 46 Wilderness across lava to central Lava Maze\nDirect access to the Muddy Chest without running through the maze\nDanger: High-level Wilderness PvP	Pre-consolidation PoiIndex/PoiDetails snapshot; identity not globally verified; poi/curated-details.tsv:756				no_same_type_snapshot_within_12_tiles
poi_002539	poi_002539	agility_short-cut	1775	3888	0	true	true	unresolved	Dense Essence Mine Boulder (Level 49)	Level requirement: Level 49 Agility\nConnects: Arceuus North path to Dense Runestone quarry\nClimb over boulder obstacle to reach mining area	Pre-consolidation PoiIndex/PoiDetails snapshot; identity not globally verified; poi/curated-details.tsv:715				no_same_type_snapshot_within_12_tiles
poi_002557	poi_002557	agility_training	2998	3916	0	true	true	unresolved	Wilderness Agility Course (Level 52)	Level requirement: Level 52 Agility\nLap XP: 571.4 XP\nActivity: Obstacle Course • Wilderness PvP danger\nWilderness Agility Course	Pre-consolidation PoiIndex/PoiDetails snapshot; identity not globally verified; poi/curated-details.tsv:704	AgilityCourseLocation.WILDERNESS_AGILITY_COURSE	Wilderness Agility Course	1.0	
poi_002586	poi_002586	dungeon_link	3090	3956	0	true	true	unresolved	Mage Arena Bank	Requires: Knife or slash weapon to cut webs (Wilderness lvl 51)\nKolodion's Mage Arena and god cape arena\nTeleport lever connects surface and underground bank	Pre-consolidation PoiIndex/PoiDetails snapshot; identity not globally verified; poi/curated-details.tsv:1696				no_same_type_snapshot_within_12_tiles
poi_002599	poi_002599	agility_short-cut	2263	4044	0	true	true	unresolved	Weiss Cliffside (Level 68)	Level requirement: Level 68 Agility\nConnects: Weiss northern coast to the upper village\nRequirements: Making Friends with My Arm quest	Pre-consolidation PoiIndex/PoiDetails snapshot; identity not globally verified; poi/curated-details.tsv:717				no_same_type_snapshot_within_12_tiles
poi_002614	poi_002614	mining_site	2485	4373	0	true	true	unresolved	Volcanic Ash & Iron Mining Site	Ores available: Volcanic Ash, Iron\nTool needed: Pickaxe (Bronze to Crystal)\nFossil Island mine	Pre-consolidation PoiIndex/PoiDetails snapshot; identity not globally verified; poi/curated-details.tsv:1431	MiningSiteLocation.MISCELLANIA	9 Coal	483.741	no_same_type_snapshot_within_12_tiles
poi_002618	poi_002618	mining_site	2775	4420	0	true	true	unresolved	Volcanic Ash & Iron Mining Site	Ores available: Volcanic Ash, Iron\nTool needed: Pickaxe (Bronze to Crystal)\nFossil Island mine	Pre-consolidation PoiIndex/PoiDetails snapshot; identity not globally verified; poi/curated-details.tsv:1432	MiningSiteLocation.GRIMSTONE_NORTH_WEST	2 Coal<br>3 Runite	358.848	no_same_type_snapshot_within_12_tiles
poi_002623	poi_002623	mining_site	2724	4434	0	true	true	unresolved	Volcanic Ash & Iron Mining Site	Ores available: Volcanic Ash, Iron\nTool needed: Pickaxe (Bronze to Crystal)\nFossil Island mine	Pre-consolidation PoiIndex/PoiDetails snapshot; identity not globally verified; poi/curated-details.tsv:1433	MiningSiteLocation.GRIMSTONE_NORTH_WEST	2 Coal<br>3 Runite	392.21	no_same_type_snapshot_within_12_tiles
poi_002624	poi_002624	mining_site	2784	4436	0	true	true	unresolved	Volcanic Ash & Iron Mining Site	Ores available: Volcanic Ash, Iron\nTool needed: Pickaxe (Bronze to Crystal)\nFossil Island mine	Pre-consolidation PoiIndex/PoiDetails snapshot; identity not globally verified; poi/curated-details.tsv:1434	MiningSiteLocation.GRIMSTONE_NORTH_WEST	2 Coal<br>3 Runite	370.935	no_same_type_snapshot_within_12_tiles
poi_002625	poi_002625	mining_site	2791	4436	0	true	true	unresolved	Volcanic Ash & Iron Mining Site	Ores available: Volcanic Ash, Iron\nTool needed: Pickaxe (Bronze to Crystal)\nFossil Island mine	Pre-consolidation PoiIndex/PoiDetails snapshot; identity not globally verified; poi/curated-details.tsv:1435	MiningSiteLocation.GRIMSTONE_NORTH_WEST	2 Coal<br>3 Runite	368.787	no_same_type_snapshot_within_12_tiles
poi_002626	poi_002626	mining_site	2750	4437	0	true	true	unresolved	Volcanic Ash & Iron Mining Site	Ores available: Volcanic Ash, Iron\nTool needed: Pickaxe (Bronze to Crystal)\nFossil Island mine	Pre-consolidation PoiIndex/PoiDetails snapshot; identity not globally verified; poi/curated-details.tsv:1436	MiningSiteLocation.GRIMSTONE_NORTH_WEST	2 Coal<br>3 Runite	383.94	no_same_type_snapshot_within_12_tiles
poi_002631	poi_002631	mining_site	2804	4445	0	true	true	unresolved	Volcanic Ash & Iron Mining Site	Ores available: Volcanic Ash, Iron\nTool needed: Pickaxe (Bronze to Crystal)\nFossil Island mine	Pre-consolidation PoiIndex/PoiDetails snapshot; identity not globally verified; poi/curated-details.tsv:1437	MiningSiteLocation.GRIMSTONE_NORTH_WEST	2 Coal<br>3 Runite	373.805	no_same_type_snapshot_within_12_tiles
poi_002647	poi_002647	mining_site	3025	4490	0	true	true	unresolved	Volcanic Ash & Iron Mining Site	Ores available: Volcanic Ash, Iron\nTool needed: Pickaxe (Bronze to Crystal)\nFossil Island mine	Pre-consolidation PoiIndex/PoiDetails snapshot; identity not globally verified; poi/curated-details.tsv:1438	MiningSiteLocation.GRIMSTONE_NORTH_EAST	3 Coal<br>3 Adamantite<br>4 Nickel	421.701	no_same_type_snapshot_within_12_tiles
poi_002648	poi_002648	mining_site	2723	4491	0	true	true	unresolved	Volcanic Ash & Iron Mining Site	Ores available: Volcanic Ash, Iron\nTool needed: Pickaxe (Bronze to Crystal)\nFossil Island mine	Pre-consolidation PoiIndex/PoiDetails snapshot; identity not globally verified; poi/curated-details.tsv:1439	MiningSiteLocation.GRIMSTONE_NORTH_WEST	2 Coal<br>3 Runite	444.222	no_same_type_snapshot_within_12_tiles
poi_002649	poi_002649	fishing_spot	3042	4510	0	true	true	unresolved	Fishing Spot (Volcanic Ash & Seaweed)	Method / Fish: Seaweed & Drift Net\nTools: Net, Rod + Bait, Pot, or Harpoon\nDrift net fishing	Pre-consolidation PoiIndex/PoiDetails snapshot; identity not globally verified; poi/curated-details.tsv:1234	FishingSpotLocation.WILDERNESS_RESOURCE_AREA	Dark Crab	602.462	no_same_type_snapshot_within_12_tiles
poi_002651	poi_002651	mining_site	2810	4577	0	true	true	unresolved	Coal, Mithril & Adamantite Mining Site	Ores available: Coal, Mithril, Adamantite, Runite\nTool needed: Pickaxe (Bronze to Crystal)\nBlast Mine	Pre-consolidation PoiIndex/PoiDetails snapshot; identity not globally verified; poi/curated-details.tsv:1440	MiningSiteLocation.GRIMSTONE_NORTH_WEST	2 Coal<br>3 Runite	501.328	no_same_type_snapshot_within_12_tiles
poi_002652	poi_002652	mining_site	2783	4594	0	true	true	unresolved	Coal, Mithril & Adamantite Mining Site	Ores available: Coal, Mithril, Adamantite, Runite\nTool needed: Pickaxe (Bronze to Crystal)\nBlast Mine	Pre-consolidation PoiIndex/PoiDetails snapshot; identity not globally verified; poi/curated-details.tsv:1441	MiningSiteLocation.GRIMSTONE_NORTH_WEST	2 Coal<br>3 Runite	523.473	no_same_type_snapshot_within_12_tiles
poi_002661	poi_002661	fishing_spot	2680	4702	0	true	true	unresolved	Fishing Spot (Sacred Eel)	Method / Fish: Sacred Eel\nTools: Net, Rod + Bait, Pot, or Harpoon\nFishing rod + Bait	Pre-consolidation PoiIndex/PoiDetails snapshot; identity not globally verified; poi/curated-details.tsv:1235	FishingSpotLocation.MOR_UL_REK	Infernal Eel	409.762	no_same_type_snapshot_within_12_tiles
poi_002664	poi_002664	fishing_spot	2674	4708	0	true	true	unresolved	Fishing Spot (Sacred Eel)	Method / Fish: Sacred Eel\nTools: Net, Rod + Bait, Pot, or Harpoon\nFishing rod + Bait	Pre-consolidation PoiIndex/PoiDetails snapshot; identity not globally verified; poi/curated-details.tsv:1236	FishingSpotLocation.MOR_UL_REK	Infernal Eel	402.061	no_same_type_snapshot_within_12_tiles
poi_002665	poi_002665	fishing_spot	2669	4710	0	true	true	unresolved	Fishing Spot (Sacred Eel)	Method / Fish: Sacred Eel\nTools: Net, Rod + Bait, Pot, or Harpoon\nFishing rod + Bait	Pre-consolidation PoiIndex/PoiDetails snapshot; identity not globally verified; poi/curated-details.tsv:1237	FishingSpotLocation.MOR_UL_REK	Infernal Eel	398.497	no_same_type_snapshot_within_12_tiles
poi_002666	poi_002666	dungeon_link	2539	4712	0	true	false	unresolved	Mage Arena Bank	Requires: Knife or slash weapon to cut webs (Wilderness lvl 51)\nKolodion's Mage Arena and god cape arena\nTeleport lever connects surface and underground bank	Pre-consolidation PoiIndex/PoiDetails snapshot; identity not globally verified; poi/curated-details.tsv:1690				no_same_type_snapshot_within_12_tiles
poi_002725	poi_002725	minigame	2399	5177	0	true	true	unresolved	Minigame	TzHaar Fight Pit (Mor Ul Rek)\nSafe minigame: fight other players to be the last standing\nTeleport destination: TzHaar Fight Pit Minigame Teleport\nTzHaar Fight Pit	Pre-consolidation PoiIndex/PoiDetails snapshot; identity not globally verified; poi/curated-details.tsv:1688	MinigameLocation.TZHAAR_FIGHT_PIT	TzHaar Fight Pit	1.0	
poi_002735	poi_002735	fishing_spot	2694	5225	0	true	true	unresolved	Fishing Spot (Infernal Eel)	Method / Fish: Infernal Eel\nTools: Net, Rod + Bait, Pot, or Harpoon\nOily rod + Bait	Pre-consolidation PoiIndex/PoiDetails snapshot; identity not globally verified; poi/curated-details.tsv:1238	FishingSpotLocation.MOR_UL_REK	Infernal Eel	209.69	no_same_type_snapshot_within_12_tiles
poi_002738	poi_002738	fishing_spot	2747	5229	0	true	true	unresolved	Fishing Spot (Infernal Eel)	Method / Fish: Infernal Eel\nTools: Net, Rod + Bait, Pot, or Harpoon\nOily rod + Bait	Pre-consolidation PoiIndex/PoiDetails snapshot; identity not globally verified; poi/curated-details.tsv:1239	FishingSpotLocation.MOR_UL_REK	Infernal Eel	254.065	no_same_type_snapshot_within_12_tiles
poi_002782	poi_002782	fishing_spot	3276	5454	0	true	true	unresolved	Fishing Spot (Cave Eel)	Method / Fish: Cave Eel\nTools: Net, Rod + Bait, Pot, or Harpoon\nFishing rod + Bait	Pre-consolidation PoiIndex/PoiDetails snapshot; identity not globally verified; poi/curated-details.tsv:1240	FishingSpotLocation.CAMDOZAAL_SOUTH	Tetra	476.211	no_same_type_snapshot_within_12_tiles
poi_002785	poi_002785	fishing_spot	3309	5456	0	true	true	unresolved	Fishing Spot (Cave Eel)	Method / Fish: Cave Eel\nTools: Net, Rod + Bait, Pot, or Harpoon\nFishing rod + Bait	Pre-consolidation PoiIndex/PoiDetails snapshot; identity not globally verified; poi/curated-details.tsv:1241	FishingSpotLocation.CAMDOZAAL_SOUTH	Tetra	499.608	no_same_type_snapshot_within_12_tiles
poi_002786	poi_002786	fishing_spot	3341	5456	0	true	true	unresolved	Fishing Spot (Cave Eel)	Method / Fish: Cave Eel\nTools: Net, Rod + Bait, Pot, or Harpoon\nFishing rod + Bait	Pre-consolidation PoiIndex/PoiDetails snapshot; identity not globally verified; poi/curated-details.tsv:1242	FishingSpotLocation.CAMDOZAAL_SOUTH	Tetra	524.481	no_same_type_snapshot_within_12_tiles
poi_002829	poi_002829	fishing_spot	1971	5854	0	true	true	unresolved	Fishing Spot (Crystal Eel)	Method / Fish: Crystal Eel\nTools: Net, Rod + Bait, Pot, or Harpoon\nCrystal rod + Bait	Pre-consolidation PoiIndex/PoiDetails snapshot; identity not globally verified; poi/curated-details.tsv:1243	FishingSpotLocation.BRAINDEATH_ISLAND	Rum deal (Quest)	792.642	no_same_type_snapshot_within_12_tiles
poi_002831	poi_002831	mining_site	2004	5865	0	true	true	unresolved	Silver & Gold Mining Site	Ores available: Silver, Gold\nTool needed: Pickaxe (Bronze to Crystal)\nLunar Isle mine	Pre-consolidation PoiIndex/PoiDetails snapshot; identity not globally verified; poi/curated-details.tsv:1442	MiningSiteLocation.ANCIENT_CAVERN_NORTH	4 Mithril	477.546	no_same_type_snapshot_within_12_tiles
poi_002841	poi_002841	fishing_spot	2090	5913	0	true	true	unresolved	Fishing Spot (Camdozaal Tetra)	Method / Fish: Camdozaal Tetra\nTools: Net, Rod + Bait, Pot, or Harpoon\nSmall fishing net	Pre-consolidation PoiIndex/PoiDetails snapshot; identity not globally verified; poi/curated-details.tsv:1244	FishingSpotLocation.CAMDOZAAL_NORTH	Cave eel	837.607	no_same_type_snapshot_within_12_tiles
poi_002857	poi_002857	minigame	2400	5982	0	true	true	unresolved	Minigame	Hallowed Sepulchre (Darkmeyer Agility minigame)\nRequires completion of Sins of the Father\nTeleport destination: Hallowed crystal shard	Pre-consolidation PoiIndex/PoiDetails snapshot; identity not globally verified; poi/curated-details.tsv:1689	MinigameLocation.TZHAAR_FIGHT_PIT	TzHaar Fight Pit	805.002	no_same_type_snapshot_within_12_tiles
poi_002878	poi_002878	mining_site	3026	6041	0	true	true	unresolved	Tephra & Soft Clay Mining Site	Ores available: Tephra, Soft clay\nTool needed: Pickaxe (Bronze to Crystal)\nZalcano / Prifddinas	Pre-consolidation PoiIndex/PoiDetails snapshot; identity not globally verified; poi/curated-details.tsv:1443	MiningSiteLocation.GWENITH_PRIFDDINAS_MAP	10 Gold	204.443	no_same_type_snapshot_within_12_tiles
poi_002879	poi_002879	mining_site	3041	6041	0	true	true	unresolved	Tephra & Soft Clay Mining Site	Ores available: Tephra, Soft clay\nTool needed: Pickaxe (Bronze to Crystal)\nZalcano / Prifddinas	Pre-consolidation PoiIndex/PoiDetails snapshot; identity not globally verified; poi/curated-details.tsv:1444	MiningSiteLocation.GWENITH_PRIFDDINAS_MAP	10 Gold	192.852	no_same_type_snapshot_within_12_tiles
poi_002885	poi_002885	fishing_spot	2089	6047	0	true	true	unresolved	Fishing Spot (Camdozaal Tetra)	Method / Fish: Camdozaal Tetra\nTools: Net, Rod + Bait, Pot, or Harpoon\nSmall fishing net	Pre-consolidation PoiIndex/PoiDetails snapshot; identity not globally verified; poi/curated-details.tsv:1245	FishingSpotLocation.CAMDOZAAL_NORTH	Cave eel	865.647	no_same_type_snapshot_within_12_tiles
poi_002898	poi_002898	mining_site	3026	6058	0	true	true	unresolved	Tephra & Soft Clay Mining Site	Ores available: Tephra, Soft clay\nTool needed: Pickaxe (Bronze to Crystal)\nZalcano / Prifddinas	Pre-consolidation PoiIndex/PoiDetails snapshot; identity not globally verified; poi/curated-details.tsv:1445	MiningSiteLocation.GWENITH_PRIFDDINAS_MAP	10 Gold	194.427	no_same_type_snapshot_within_12_tiles
poi_002899	poi_002899	mining_site	3041	6058	0	true	true	unresolved	Tephra & Soft Clay Mining Site	Ores available: Tephra, Soft clay\nTool needed: Pickaxe (Bronze to Crystal)\nZalcano / Prifddinas	Pre-consolidation PoiIndex/PoiDetails snapshot; identity not globally verified; poi/curated-details.tsv:1446	MiningSiteLocation.GWENITH_PRIFDDINAS_MAP	10 Gold	182.2	no_same_type_snapshot_within_12_tiles
poi_002918	poi_002918	house_portal	3239	6077	0	true	true	unresolved	House/POH portal	Player-owned house portal (Prifddinas)\nRequires completion of Song of the Elves\nTeleports: Teleport to House (spell/tab), Construction cape, Max cape	Pre-consolidation PoiIndex/PoiDetails snapshot; identity not globally verified; poi/curated-details.tsv:1700				no_same_type_snapshot_within_12_tiles
poi_002934	poi_002934	fishing_spot	1693	6099	0	true	true	unresolved	Fishing Spot (Cave Eel)	Method / Fish: Cave Eel\nTools: Net, Rod + Bait, Pot, or Harpoon\nFishing rod + Bait	Pre-consolidation PoiIndex/PoiDetails snapshot; identity not globally verified; poi/curated-details.tsv:1246	FishingSpotLocation.BRAINDEATH_ISLAND	Rum deal (Quest)	1107.333	no_same_type_snapshot_within_12_tiles
poi_002939	poi_002939	fishing_spot	3187	6102	0	true	true	unresolved	Fishing Spot (Bass, Lobster, Shark, Swordfish, Tuna)	Fish: Bass, Lobster, Shark, Swordfish, Tuna\nCheck Fishing skill guide for method and level requirements	Pre-consolidation PoiIndex/PoiDetails snapshot; identity not globally verified; poi/curated-details.tsv:1247; description corrected 2026-10-08 against https://github.com/runelite/runelite/blob/42a6f17a6a2e8e478aa763890ecd0181a59dad38/runelite-client/src/main/java/net/runelite/client/plugins/worldmap/FishingSpotLocation.java#L190	FishingSpotLocation.PRIFDDINAS_INSIDE_EAST	Shark / Lobster	1.0	
poi_002940	poi_002940	mining_site	2726	6103	0	true	true	unresolved	Iron, Coal & Mithril Mining Site	Ores available: Iron, Coal, Mithril\nTool needed: Pickaxe (Bronze to Crystal)\nPrifddinas North	Pre-consolidation PoiIndex/PoiDetails snapshot; identity not globally verified; poi/curated-details.tsv:1447	MiningSiteLocation.CAMDOZAAL_MINES_WEST	10 Barronite<br>2 Copper<br>2 Clay<br>1 Tin	347.287	no_same_type_snapshot_within_12_tiles
poi_002964	poi_002964	fishing_spot	3188	6123	0	true	true	unresolved	Fishing Spot (Bass, Lobster, Shark, Swordfish, Tuna)	Fish: Bass, Lobster, Shark, Swordfish, Tuna\nCheck Fishing skill guide for method and level requirements	Pre-consolidation PoiIndex/PoiDetails snapshot; identity not globally verified; poi/curated-details.tsv:1248; description corrected 2026-10-08 against https://github.com/runelite/runelite/blob/42a6f17a6a2e8e478aa763890ecd0181a59dad38/runelite-client/src/main/java/net/runelite/client/plugins/worldmap/FishingSpotLocation.java#L190	FishingSpotLocation.PRIFDDINAS_INSIDE_EAST	Shark / Lobster	1.0	
poi_003018	poi_003018	fishing_spot	3259	6180	0	true	true	unresolved	Fishing Spot (Bass, Lobster, Shark, Swordfish, Tuna)	Fish: Bass, Lobster, Shark, Swordfish, Tuna\nCheck Fishing skill guide for method and level requirements	Pre-consolidation PoiIndex/PoiDetails snapshot; identity not globally verified; poi/curated-details.tsv:1249; description corrected 2026-10-08 against https://github.com/runelite/runelite/blob/42a6f17a6a2e8e478aa763890ecd0181a59dad38/runelite-client/src/main/java/net/runelite/client/plugins/worldmap/FishingSpotLocation.java#L192	FishingSpotLocation.PRIFDDINAS_INSIDE_NORTH	Shark / Lobster	1.0	
poi_003021	poi_003021	fishing_spot	3251	6182	0	true	true	unresolved	Fishing Spot (Bass, Lobster, Shark, Swordfish, Tuna)	Fish: Bass, Lobster, Shark, Swordfish, Tuna\nCheck Fishing skill guide for method and level requirements	Pre-consolidation PoiIndex/PoiDetails snapshot; identity not globally verified; poi/curated-details.tsv:1250; description corrected 2026-10-08 against https://github.com/runelite/runelite/blob/42a6f17a6a2e8e478aa763890ecd0181a59dad38/runelite-client/src/main/java/net/runelite/client/plugins/worldmap/FishingSpotLocation.java#L192	FishingSpotLocation.PRIFDDINAS_INSIDE_NORTH	Shark / Lobster	1.0	
poi_003026	poi_003026	fishing_spot	2718	6197	0	true	true	unresolved	Fishing Spot (Shrimp & Anchovies)	Method / Fish: Shrimp & Anchovies\nTools: Net, Rod + Bait, Pot, or Harpoon\nSmall fishing net	Pre-consolidation PoiIndex/PoiDetails snapshot; identity not globally verified; poi/curated-details.tsv:1251	FishingSpotLocation.CAMDOZAAL_NORTH	Cave eel	438.782	no_same_type_snapshot_within_12_tiles
poi_003028	poi_003028	fishing_spot	3259	6197	0	true	true	unresolved	Fishing Spot (Bass, Lobster, Shark, Swordfish, Tuna)	Fish: Bass, Lobster, Shark, Swordfish, Tuna\nCheck Fishing skill guide for method and level requirements	Pre-consolidation PoiIndex/PoiDetails snapshot; identity not globally verified; poi/curated-details.tsv:1252; description corrected 2026-10-08 against https://github.com/runelite/runelite/blob/42a6f17a6a2e8e478aa763890ecd0181a59dad38/runelite-client/src/main/java/net/runelite/client/plugins/worldmap/FishingSpotLocation.java#L192	FishingSpotLocation.PRIFDDINAS_INSIDE_NORTH	Shark / Lobster	1.0	
poi_003047	poi_003047	mining_site	1939	6352	0	true	true	unresolved	Barronite Mining Site	Ores available: Barronite\nTool needed: Pickaxe (Bronze to Crystal)\nCamdozaal mine	Pre-consolidation PoiIndex/PoiDetails snapshot; identity not globally verified; poi/curated-details.tsv:1448	MiningSiteLocation.ANCIENT_CAVERN_NORTH	4 Mithril	942.501	no_same_type_snapshot_within_12_tiles
poi_003048	poi_003048	mining_site	1961	6368	0	true	true	unresolved	Barronite Mining Site	Ores available: Barronite\nTool needed: Pickaxe (Bronze to Crystal)\nCamdozaal mine	Pre-consolidation PoiIndex/PoiDetails snapshot; identity not globally verified; poi/curated-details.tsv:1449	MiningSiteLocation.ANCIENT_CAVERN_NORTH	4 Mithril	960.787	no_same_type_snapshot_within_12_tiles
poi_003055	poi_003055	mining_site	1935	6373	0	true	true	unresolved	Barronite Mining Site	Ores available: Barronite\nTool needed: Pickaxe (Bronze to Crystal)\nCamdozaal mine	Pre-consolidation PoiIndex/PoiDetails snapshot; identity not globally verified; poi/curated-details.tsv:1450	MiningSiteLocation.ANCIENT_CAVERN_NORTH	4 Mithril	963.029	no_same_type_snapshot_within_12_tiles
poi_003124	poi_003124	mining_site	3035	6448	0	true	true	unresolved	Iron, Coal & Mithril Mining Site	Ores available: Iron, Coal, Mithril\nTool needed: Pickaxe (Bronze to Crystal)\nIsle of Souls mine	Pre-consolidation PoiIndex/PoiDetails snapshot; identity not globally verified; poi/curated-details.tsv:1451	MiningSiteLocation.GWENITH_PRIFDDINAS_MAP	10 Gold	319.476	no_same_type_snapshot_within_12_tiles
poi_003125	poi_003125	mining_site	3043	6448	0	true	true	unresolved	Iron, Coal & Mithril Mining Site	Ores available: Iron, Coal, Mithril\nTool needed: Pickaxe (Bronze to Crystal)\nIsle of Souls mine	Pre-consolidation PoiIndex/PoiDetails snapshot; identity not globally verified; poi/curated-details.tsv:1452	MiningSiteLocation.GWENITH_PRIFDDINAS_MAP	10 Gold	315.748	no_same_type_snapshot_within_12_tiles
poi_003144	poi_003144	fishing_spot	2710	7819	0	true	true	unresolved	Fishing Spot (Cam Torum Tetra)	Method / Fish: Cam Torum Tetra\nTools: Net, Rod + Bait, Pot, or Harpoon\nSmall fishing net	Pre-consolidation PoiIndex/PoiDetails snapshot; identity not globally verified; poi/curated-details.tsv:1253	FishingSpotLocation.WYRMSCRAIG_CAVERN	Lava eel	784.414	no_same_type_snapshot_within_12_tiles
poi_003147	poi_003147	fishing_spot	2721	7825	0	true	true	unresolved	Fishing Spot (Cam Torum Tetra)	Method / Fish: Cam Torum Tetra\nTools: Net, Rod + Bait, Pot, or Harpoon\nSmall fishing net	Pre-consolidation PoiIndex/PoiDetails snapshot; identity not globally verified; poi/curated-details.tsv:1254	FishingSpotLocation.WYRMSCRAIG_CAVERN	Lava eel	777.232	no_same_type_snapshot_within_12_tiles
poi_003155	poi_003155	mining_site	2616	8593	0	true	true	unresolved	Coal, Mithril & Adamantite Mining Site	Ores available: Coal, Mithril, Adamantite\nTool needed: Pickaxe (Bronze to Crystal)\nCavern mine	Pre-consolidation PoiIndex/PoiDetails snapshot; identity not globally verified; poi/curated-details.tsv:1453	MiningSiteLocation.WYRMSCRAIG_CAVERN	10 Silver<br>7 Lead<br>2 Coal<br>6 Nickel<br>1 Runite	191.0	no_same_type_snapshot_within_12_tiles
poi_003156	poi_003156	fishing_spot	2611	8598	0	true	true	unresolved	Fishing Spot (Lava Eel)	Method / Fish: Lava Eel\nTools: Net, Rod + Bait, Pot, or Harpoon\nOily fishing rod + Bait	Pre-consolidation PoiIndex/PoiDetails snapshot; identity not globally verified; poi/curated-details.tsv:1255	FishingSpotLocation.WYRMSCRAIG_CAVERN	Lava eel	191.0	no_same_type_snapshot_within_12_tiles
poi_003160	poi_003160	dungeon_link	2563	8630	0	true	true	unresolved	Wyrmscraig Cavern exit	Exit from Wyrmscraig Cavern.	Pre-consolidation PoiIndex/PoiDetails snapshot; identity not globally verified; poi/curated-details.tsv:1709				no_same_type_snapshot_within_12_tiles
poi_003162	poi_003162	mining_site	2225	8721	0	true	true	unresolved	Silver & Iron Mining Site	Ores available: Silver, Iron\nTool needed: Pickaxe (Bronze to Crystal)\nDorgesh-Kaan mine	Pre-consolidation PoiIndex/PoiDetails snapshot; identity not globally verified; poi/curated-details.tsv:1454	MiningSiteLocation.SUNBLEAK_CAVE_SOUTH	3 Coal<br>4 Adamantite	256.002	no_same_type_snapshot_within_12_tiles
poi_003163	poi_003163	dungeon_link	2219	8730	0	true	true	unresolved	Sunbleak Cave exit	Exit from Sunbleak Cave.	Pre-consolidation PoiIndex/PoiDetails snapshot; identity not globally verified; poi/curated-details.tsv:1710				no_same_type_snapshot_within_12_tiles
poi_003164	poi_003164	mining_site	2222	8747	0	true	true	unresolved	Silver & Iron Mining Site	Ores available: Silver, Iron\nTool needed: Pickaxe (Bronze to Crystal)\nDorgesh-Kaan mine	Pre-consolidation PoiIndex/PoiDetails snapshot; identity not globally verified; poi/curated-details.tsv:1455	MiningSiteLocation.SUNBLEAK_CAVE_SOUTH	3 Coal<br>4 Adamantite	230.009	no_same_type_snapshot_within_12_tiles
poi_003165	poi_003165	fishing_spot	2725	8845	0	true	true	unresolved	Fishing Spot (Lava Eel)	Method / Fish: Lava Eel\nTools: Net, Rod + Bait, Pot, or Harpoon\nOily fishing rod + Bait	Pre-consolidation PoiIndex/PoiDetails snapshot; identity not globally verified; poi/curated-details.tsv:1256	FishingSpotLocation.CHARRED_DUNGEON	Lava eel	89.805	no_same_type_snapshot_within_12_tiles
poi_003166	poi_003166	mining_site	2635	8849	0	true	true	unresolved	Coal & Mithril Mining Site	Ores available: Coal, Mithril\nTool needed: Pickaxe (Bronze to Crystal)\nTaverley Dungeon	Pre-consolidation PoiIndex/PoiDetails snapshot; identity not globally verified; poi/curated-details.tsv:1456	MiningSiteLocation.CHARRED_DUNGEON	10 Coal<br>3 Adamantite<br>2 Runite	89.805	no_same_type_snapshot_within_12_tiles
poi_003167	poi_003167	dungeon_link	3168	8874	0	true	true	unresolved	Shellbane Gryphon Cave exit	Exit to The Great Conch.	Pre-consolidation PoiIndex/PoiDetails snapshot; identity not globally verified; poi/curated-details.tsv:1711				no_same_type_snapshot_within_12_tiles
poi_003168	poi_003168	dungeon_link	2684	8876	0	true	true	unresolved	Charred Dungeon exit	Climb the rope to return to Charred Island.	Pre-consolidation PoiIndex/PoiDetails snapshot; identity not globally verified; poi/curated-details.tsv:1712				no_same_type_snapshot_within_12_tiles
poi_003180	poi_003180	dungeon_link	1191	9185	0	true	true	unresolved	Kurask Lair exit	Exit from Kurask Lair.	Pre-consolidation PoiIndex/PoiDetails snapshot; identity not globally verified; poi/curated-details.tsv:1713				no_same_type_snapshot_within_12_tiles
poi_003191	poi_003191	mining_site	2152	9301	0	true	true	unresolved	Gold & Silver Mining Site	Ores available: Gold, Silver\nTool needed: Pickaxe (Bronze to Crystal)\nTzHaar mine	Pre-consolidation PoiIndex/PoiDetails snapshot; identity not globally verified; poi/curated-details.tsv:1457	MiningSiteLocation.DEEPFIN_MINE_EAST	21 Coal<br>6 Adamantite<br>4 Runite	117.661	no_same_type_snapshot_within_12_tiles
poi_003192	poi_003192	mining_site	2135	9308	0	true	true	unresolved	Gold & Silver Mining Site	Ores available: Gold, Silver\nTool needed: Pickaxe (Bronze to Crystal)\nTzHaar mine	Pre-consolidation PoiIndex/PoiDetails snapshot; identity not globally verified; poi/curated-details.tsv:1458	MiningSiteLocation.DEEPFIN_MINE_EAST	21 Coal<br>6 Adamantite<br>4 Runite	116.078	no_same_type_snapshot_within_12_tiles
poi_003233	poi_003233	mining_site	3088	9499	0	true	true	unresolved	Coal & Mithril Mining Site	Ores available: Coal, Mithril\nTool needed: Pickaxe (Bronze to Crystal)\nMining Guild	Pre-consolidation PoiIndex/PoiDetails snapshot; identity not globally verified; poi/curated-details.tsv:1459	MiningSiteLocation.ASGARNIA_ICE_DUNGEON_WEST	2 Blurite	79.259	no_same_type_snapshot_within_12_tiles
poi_003237	poi_003237	mining_site	3075	9505	0	true	true	unresolved	Coal & Mithril Mining Site	Ores available: Coal, Mithril\nTool needed: Pickaxe (Bronze to Crystal)\nMining Guild	Pre-consolidation PoiIndex/PoiDetails snapshot; identity not globally verified; poi/curated-details.tsv:1460	MiningSiteLocation.ASGARNIA_ICE_DUNGEON_WEST	2 Blurite	68.154	no_same_type_snapshot_within_12_tiles
poi_003238	poi_003238	dungeon_link	1797	9506	0	true	true	unresolved	Fortis Colosseum exit	Exit from Fortis Colosseum.	Pre-consolidation PoiIndex/PoiDetails snapshot; identity not globally verified; poi/curated-details.tsv:1714				no_same_type_snapshot_within_12_tiles
poi_003240	poi_003240	dungeon_link	1933	9520	0	true	true	unresolved	Here be minotaurs exit	Exit from Here be minotaurs.	Pre-consolidation PoiIndex/PoiDetails snapshot; identity not globally verified; poi/curated-details.tsv:1715				no_same_type_snapshot_within_12_tiles
poi_003255	poi_003255	fishing_spot	3355	9566	0	true	true	unresolved	Fishing Spot (Cave Eel)	Method / Fish: Cave Eel\nTools: Net, Rod + Bait, Pot, or Harpoon\nFishing rod + Bait	Pre-consolidation PoiIndex/PoiDetails snapshot; identity not globally verified; poi/curated-details.tsv:1257	FishingSpotLocation.LUMBRIDGE_SWAMP_CAVE_EAST	Frog spawn, Cave eel	111.072	no_same_type_snapshot_within_12_tiles
poi_003269	poi_003269	fishing_spot	3371	9577	0	true	true	unresolved	Fishing Spot (Cave Eel)	Method / Fish: Cave Eel\nTools: Net, Rod + Bait, Pot, or Harpoon\nFishing rod + Bait	Pre-consolidation PoiIndex/PoiDetails snapshot; identity not globally verified; poi/curated-details.tsv:1258	FishingSpotLocation.LUMBRIDGE_SWAMP_CAVE_EAST	Frog spawn, Cave eel	127.193	no_same_type_snapshot_within_12_tiles
poi_003274	poi_003274	fishing_spot	3362	9588	0	true	true	unresolved	Fishing Spot (Cave Eel)	Method / Fish: Cave Eel\nTools: Net, Rod + Bait, Pot, or Harpoon\nFishing rod + Bait	Pre-consolidation PoiIndex/PoiDetails snapshot; identity not globally verified; poi/curated-details.tsv:1259	FishingSpotLocation.LUMBRIDGE_SWAMP_CAVE_EAST	Frog spawn, Cave eel	119.365	no_same_type_snapshot_within_12_tiles
poi_003296	poi_003296	mining_site	3421	9631	0	true	true	unresolved	Coal & Mithril Mining Site	Ores available: Coal, Mithril\nTool needed: Pickaxe (Bronze to Crystal)\nHaunted Mine	Pre-consolidation PoiIndex/PoiDetails snapshot; identity not globally verified; poi/curated-details.tsv:1461	MiningSiteLocation.DORGESH_KAAN_SOUTH_EAST	3 Iron	100.13	no_same_type_snapshot_within_12_tiles
poi_003302	poi_003302	mining_site	3310	9645	0	true	true	unresolved	Iron & Coal Mining Site	Ores available: Iron, Coal\nTool needed: Pickaxe (Bronze to Crystal)\nMining site\n1 Iron\n9 Silver	Pre-consolidation PoiIndex/PoiDetails snapshot; identity not globally verified; poi/curated-details.tsv:1462	MiningSiteLocation.DORGESH_KAAN_NORTH	1 Iron<br>9 Silver	1.0	
poi_003303	poi_003303	mining_site	3420	9646	0	true	true	unresolved	Coal & Mithril Mining Site	Ores available: Coal, Mithril\nTool needed: Pickaxe (Bronze to Crystal)\nHaunted Mine	Pre-consolidation PoiIndex/PoiDetails snapshot; identity not globally verified; poi/curated-details.tsv:1463	MiningSiteLocation.DORGESH_KAAN_SOUTH_EAST	3 Iron	102.489	no_same_type_snapshot_within_12_tiles
poi_003304	poi_003304	basement	2924	9650	0	true	false	unresolved	Melzar's Maze Basement	Type: Dungeon interior (underground layer)\nVisible on the dungeon / underground map	Pre-consolidation PoiIndex/PoiDetails snapshot; identity not globally verified; retained basement/cellar marker classification; poi/curated-details.tsv:499; retained metadata, not a newly inferred marker				no_same_type_snapshot_within_12_tiles
poi_003312	poi_003312	mining_site	1582	9659	0	true	true	unresolved	Sulfur & Coal Mining Site	Ores available: Sulfur, Coal\nTool needed: Pickaxe (Bronze to Crystal)\nSulfur mine	Pre-consolidation PoiIndex/PoiDetails snapshot; identity not globally verified; poi/curated-details.tsv:1464	MiningSiteLocation.CAM_TORUM	5 Iron<br>4 Coal<br>16 Calcified rocks<br>2 Mithril<br>1 Adamantite	139.086	no_same_type_snapshot_within_12_tiles
poi_003330	poi_003330	fishing_spot	1501	9698	0	true	true	unresolved	Fishing Spot (Lava Eel)	Method / Fish: Lava Eel\nTools: Net, Rod + Bait, Pot, or Harpoon\nOily fishing rod + Bait	Pre-consolidation PoiIndex/PoiDetails snapshot; identity not globally verified; poi/curated-details.tsv:1260	FishingSpotLocation.TAVERLEY_DUNGEON	Lava eel	1383.623	no_same_type_snapshot_within_12_tiles
poi_003353	poi_003353	mining_site	3384	9749	0	true	true	unresolved	Coal & Mithril Mining Site	Ores available: Coal, Mithril\nTool needed: Pickaxe (Bronze to Crystal)\nLumbridge Swamp Caves	Pre-consolidation PoiIndex/PoiDetails snapshot; identity not globally verified; poi/curated-details.tsv:1465	MiningSiteLocation.DORGESH_KAAN_NORTH	1 Iron<br>9 Silver	128.222	no_same_type_snapshot_within_12_tiles
poi_003354	poi_003354	dungeon_link	2873	9750	0	true	true	unresolved	Entrana Dungeon magic door	Leads to level 32 Wilderness; opening has no confirmation prompt.	Pre-consolidation PoiIndex/PoiDetails snapshot; identity not globally verified; poi/curated-details.tsv:1716				no_same_type_snapshot_within_12_tiles
poi_003375	poi_003375	fishing_spot	1317	9785	0	true	true	unresolved	Fishing Spot (Anglerfish)	Method / Fish: Anglerfish\nTools: Net, Rod + Bait, Pot, or Harpoon\nFishing rod + Sandworms	Pre-consolidation PoiIndex/PoiDetails snapshot; identity not globally verified; poi/curated-details.tsv:1261	FishingSpotLocation.TAVERLEY_DUNGEON	Lava eel	1566.128	no_same_type_snapshot_within_12_tiles
poi_003397	poi_003397	mining_site	3384	9813	0	true	true	unresolved	Coal & Mithril Mining Site	Ores available: Coal, Mithril\nTool needed: Pickaxe (Bronze to Crystal)\nLumbridge Swamp Caves	Pre-consolidation PoiIndex/PoiDetails snapshot; identity not globally verified; poi/curated-details.tsv:1466	MiningSiteLocation.DORGESH_KAAN_NORTH	1 Iron<br>9 Silver	183.981	no_same_type_snapshot_within_12_tiles
poi_003435	poi_003435	dungeon_link	3683	9888	0	true	true	unresolved	Pool of Slime	Ectofuntus underground slime pool\nUsed for collecting buckets of slime for Ectofuntus worship\nTeleport destination: Morytania legs 4 (Slime)	Pre-consolidation PoiIndex/PoiDetails snapshot; identity not globally verified; poi/curated-details.tsv:1702				no_same_type_snapshot_within_12_tiles
poi_003442	poi_003442	dungeon_link	1597	9900	0	true	true	unresolved	Woodcutting Guild dungeon exit	Climb the vine into the Woodcutting Guild.	Pre-consolidation PoiIndex/PoiDetails snapshot; identity not globally verified; poi/curated-details.tsv:1717				no_same_type_snapshot_within_12_tiles
poi_003451	poi_003451	dungeon_link	2293	9914	0	true	true	unresolved	Ynysdail Cavern exit	Exit from Ynysdail Cavern.	Pre-consolidation PoiIndex/PoiDetails snapshot; identity not globally verified; poi/curated-details.tsv:1718				no_same_type_snapshot_within_12_tiles
poi_003461	poi_003461	dungeon_link	3682	9962	0	true	true	unresolved	Port Phasmatys brewery ladder	Ladder in the Port Phasmatys brewery.	Pre-consolidation PoiIndex/PoiDetails snapshot; identity not globally verified; poi/curated-details.tsv:1719				no_same_type_snapshot_within_12_tiles
poi_003480	poi_003480	dungeon_link	3218	10058	0	true	true	unresolved	Revenant Caves southern exit	One-way exit to level 17 Wilderness.	Pre-consolidation PoiIndex/PoiDetails snapshot; identity not globally verified; poi/curated-details.tsv:1720				no_same_type_snapshot_within_12_tiles
poi_003491	poi_003491	mining_site	1468	10101	0	true	true	unresolved	Iron & Coal Mining Site	Ores available: Iron, Coal\nTool needed: Pickaxe (Bronze to Crystal)\nCatacombs mine	Pre-consolidation PoiIndex/PoiDetails snapshot; identity not globally verified; poi/curated-details.tsv:1467	MiningSiteLocation.CAM_TORUM	5 Iron<br>4 Coal<br>16 Calcified rocks<br>2 Mithril<br>1 Adamantite	562.57	no_same_type_snapshot_within_12_tiles
poi_003509	poi_003509	dungeon_link	2439	10146	0	true	true	unresolved	Waterbirth Island Dungeon steps	Steps in Waterbirth Island Dungeon; destination unresolved.	Pre-consolidation PoiIndex/PoiDetails snapshot; identity not globally verified; poi/curated-details.tsv:1721				no_same_type_snapshot_within_12_tiles
poi_003517	poi_003517	quest_start	2824	10168	0	true	true	unresolved	Between a Rock...	Start: Talk to Dondakan the Dwarf at Keldagrim south-west mine\nDifficulty: Experienced • Length: Medium\nReward: 2 Quest Points, 5,000 Defence experience\nRequirements: Dwarf Cannon, Fishing Contest, 30 Defence\nTeleport destination: Ring of wealth (Dondakan's Rock)	Pre-consolidation PoiIndex/PoiDetails snapshot; identity not globally verified; poi/curated-details.tsv:1692				no_same_type_snapshot_within_12_tiles
poi_003548	poi_003548	dungeon_link	3245	10215	0	true	true	unresolved	Revenant Caves northern exit	One-way exit to level 36 Wilderness.	Pre-consolidation PoiIndex/PoiDetails snapshot; identity not globally verified; poi/curated-details.tsv:1722				no_same_type_snapshot_within_12_tiles
poi_003556	poi_003556	dungeon_link	3604	10231	0	true	true	unresolved	Wyvern Cave exit	Exit to the Mushroom Forest on Fossil Island.	Pre-consolidation PoiIndex/PoiDetails snapshot; identity not globally verified; poi/curated-details.tsv:1723				no_same_type_snapshot_within_12_tiles
poi_003577	poi_003577	mining_site	2911	10310	0	true	true	unresolved	Iron & Coal Mining Site	Ores available: Iron, Coal\nTool needed: Pickaxe (Bronze to Crystal)\nSlayer Tower mine	Pre-consolidation PoiIndex/PoiDetails snapshot; identity not globally verified; poi/curated-details.tsv:1468	MiningSiteLocation.SALT_MINE	7 Basalt<br>15 Te salt<br>12 Efh salt<br>12 Urt salt	79.699	no_same_type_snapshot_within_12_tiles
poi_003658	poi_003658	slayer_master	2869	2982	1	true	true	unresolved	Duradel	Slayer Master: Duradel (Shilo Village, level 2)\nRequires Level 100 Combat and 50 Slayer\nTeleport destination: Karamja gloves 4 (Duradel)	Pre-consolidation PoiIndex/PoiDetails snapshot; identity not globally verified; poi/curated-details.tsv:1703				no_same_type_snapshot_within_12_tiles
poi_003814	poi_003814	agility_short-cut	3422	3550	1	true	true	unresolved	Slayer Tower Broken Window (1st Floor) (Level 18)	Level requirement: Level 18 Agility\nConnects: Slayer Tower 1st floor window climb\nShortcut between exterior walkway and Infernal Mage level	Pre-consolidation PoiIndex/PoiDetails snapshot; identity not globally verified; poi/curated-details.tsv:770				no_same_type_snapshot_within_12_tiles
poi_003816	poi_003816	agility_short-cut	3448	3578	1	true	true	unresolved	Slayer Tower North Wall (1st Floor) (Level 61)	Level requirement: Level 61 Agility\nConnects: Slayer Tower 1st floor northern landing\nQuick transition between floors	Pre-consolidation PoiIndex/PoiDetails snapshot; identity not globally verified; poi/curated-details.tsv:773				no_same_type_snapshot_within_12_tiles
poi_003863	poi_003863	agility_short-cut	1630	4023	1	true	true	unresolved	Wintertodt Upper Gap (Level 60)	Level requirement: Level 60 Agility\nConnects: Wintertodt upper perimeter platform\nShortcut across the frozen upper walkway	Pre-consolidation PoiIndex/PoiDetails snapshot; identity not globally verified; poi/curated-details.tsv:711				no_same_type_snapshot_within_12_tiles
poi_003864	poi_003864	agility_training	2639	4041	1	true	true	unresolved	Penguin Agility Course (Level 60)	Level requirement: Level 60 Agility\nLap XP: 540 XP\nActivity: Obstacle Course • Requires Penguin suit (Cold War quest)	Pre-consolidation PoiIndex/PoiDetails snapshot; identity not globally verified; poi/curated-details.tsv:696				no_same_type_snapshot_within_12_tiles
poi_003884	poi_003884	mining_site	1635	5328	1	true	true	unresolved	Pay-dirt & Gold Mining Site	Ores available: Pay-dirt, Gold\nTool needed: Pickaxe (Bronze to Crystal)\nMotherlode Mine	Pre-consolidation PoiIndex/PoiDetails snapshot; identity not globally verified; poi/curated-details.tsv:1469				no_same_type_snapshot_within_12_tiles
poi_003885	poi_003885	mining_site	1763	5328	1	true	true	unresolved	Pay-dirt & Gold Mining Site	Ores available: Pay-dirt, Gold\nTool needed: Pickaxe (Bronze to Crystal)\nMotherlode Mine	Pre-consolidation PoiIndex/PoiDetails snapshot; identity not globally verified; poi/curated-details.tsv:1470				no_same_type_snapshot_within_12_tiles
poi_003886	poi_003886	mining_site	1649	5333	1	true	true	unresolved	Pay-dirt & Gold Mining Site	Ores available: Pay-dirt, Gold\nTool needed: Pickaxe (Bronze to Crystal)\nMotherlode Mine	Pre-consolidation PoiIndex/PoiDetails snapshot; identity not globally verified; poi/curated-details.tsv:1471				no_same_type_snapshot_within_12_tiles
poi_003887	poi_003887	mining_site	1777	5333	1	true	true	unresolved	Pay-dirt & Gold Mining Site	Ores available: Pay-dirt, Gold\nTool needed: Pickaxe (Bronze to Crystal)\nMotherlode Mine	Pre-consolidation PoiIndex/PoiDetails snapshot; identity not globally verified; poi/curated-details.tsv:1472				no_same_type_snapshot_within_12_tiles
poi_003888	poi_003888	mining_site	1656	5350	1	true	true	unresolved	Pay-dirt & Gold Mining Site	Ores available: Pay-dirt, Gold\nTool needed: Pickaxe (Bronze to Crystal)\nMotherlode Mine	Pre-consolidation PoiIndex/PoiDetails snapshot; identity not globally verified; poi/curated-details.tsv:1473				no_same_type_snapshot_within_12_tiles
poi_003889	poi_003889	mining_site	1784	5350	1	true	true	unresolved	Pay-dirt & Gold Mining Site	Ores available: Pay-dirt, Gold\nTool needed: Pickaxe (Bronze to Crystal)\nMotherlode Mine	Pre-consolidation PoiIndex/PoiDetails snapshot; identity not globally verified; poi/curated-details.tsv:1474				no_same_type_snapshot_within_12_tiles
poi_003962	poi_003962	dungeon_link	3286	8868	1	true	true	unresolved	Coral Nurseries exit	Climb the steps back to the surface.	Pre-consolidation PoiIndex/PoiDetails snapshot; identity not globally verified; poi/curated-details.tsv:1724				no_same_type_snapshot_within_12_tiles
poi_003967	poi_003967	mining_site	1937	9020	1	true	true	unresolved	Iron & Coal Mining Site	Ores available: Iron, Coal\nTool needed: Pickaxe (Bronze to Crystal)\nKeldagrim mine	Pre-consolidation PoiIndex/PoiDetails snapshot; identity not globally verified; poi/curated-details.tsv:1475				no_same_type_snapshot_within_12_tiles
poi_003969	poi_003969	mining_site	1978	9041	1	true	true	unresolved	Iron & Coal Mining Site	Ores available: Iron, Coal\nTool needed: Pickaxe (Bronze to Crystal)\nKeldagrim mine	Pre-consolidation PoiIndex/PoiDetails snapshot; identity not globally verified; poi/curated-details.tsv:1476				no_same_type_snapshot_within_12_tiles
poi_003981	poi_003981	mining_site	1511	9540	1	true	true	unresolved	Coal & Iron Mining Site	Ores available: Coal, Iron\nTool needed: Pickaxe (Bronze to Crystal)\nLovakengj Upper	Pre-consolidation PoiIndex/PoiDetails snapshot; identity not globally verified; poi/curated-details.tsv:1477				no_same_type_snapshot_within_12_tiles
poi_004016	poi_004016	fishing_spot	1521	9689	1	true	true	unresolved	Fishing Spot (Lava Eel)	Method / Fish: Lava Eel\nTools: Net, Rod + Bait, Pot, or Harpoon\nOily fishing rod + Bait	Pre-consolidation PoiIndex/PoiDetails snapshot; identity not globally verified; poi/curated-details.tsv:1262				no_same_type_snapshot_within_12_tiles
poi_004025	poi_004025	mining_site	3889	9749	1	true	true	unresolved	Volcanic Ash Mining Site	Ores available: Volcanic Ash\nTool needed: Pickaxe (Bronze to Crystal)\nFossil Island	Pre-consolidation PoiIndex/PoiDetails snapshot; identity not globally verified; poi/curated-details.tsv:1478				no_same_type_snapshot_within_12_tiles
poi_004046	poi_004046	fishing_spot	3741	10298	1	true	true	unresolved	Fishing Spot (Cave Eel)	Method / Fish: Cave Eel\nTools: Net, Rod + Bait, Pot, or Harpoon\nFishing rod + Bait	Pre-consolidation PoiIndex/PoiDetails snapshot; identity not globally verified; poi/curated-details.tsv:1263				no_same_type_snapshot_within_12_tiles
poi_004067	poi_004067	agility_short-cut	3447	3576	2	true	true	unresolved	Slayer Tower Ivy Climb (2nd Floor) (Level 81)	Level requirement: Level 81 Agility\nConnects: Slayer Tower top floor (Abyssal demons) directly to outside ground\nFastest exit from upper Slayer Tower	Pre-consolidation PoiIndex/PoiDetails snapshot; identity not globally verified; poi/curated-details.tsv:774				no_same_type_snapshot_within_12_tiles
poi_004078	poi_004078	mining_site	2386	4628	2	true	true	unresolved	Basalt & Salt Mining Site	Ores available: Basalt, Salt\nTool needed: Pickaxe (Bronze to Crystal)\nWeiss mine	Pre-consolidation PoiIndex/PoiDetails snapshot; identity not globally verified; poi/curated-details.tsv:1479				no_same_type_snapshot_within_12_tiles
poi_004106	poi_004106	mining_site	3672	9751	2	true	true	unresolved	Basalt & Salt Mining Site	Ores available: Basalt, Salt\nTool needed: Pickaxe (Bronze to Crystal)\nSalt mine	Pre-consolidation PoiIndex/PoiDetails snapshot; identity not globally verified; poi/curated-details.tsv:1480				no_same_type_snapshot_within_12_tiles
poi_004107	poi_004107	mining_site	3688	9756	2	true	true	unresolved	Basalt & Salt Mining Site	Ores available: Basalt, Salt\nTool needed: Pickaxe (Bronze to Crystal)\nSalt mine	Pre-consolidation PoiIndex/PoiDetails snapshot; identity not globally verified; poi/curated-details.tsv:1481				no_same_type_snapshot_within_12_tiles
poi_004108	poi_004108	mining_site	3675	9766	2	true	true	unresolved	Basalt & Salt Mining Site	Ores available: Basalt, Salt\nTool needed: Pickaxe (Bronze to Crystal)\nSalt mine	Pre-consolidation PoiIndex/PoiDetails snapshot; identity not globally verified; poi/curated-details.tsv:1482				no_same_type_snapshot_within_12_tiles
poi_004111	poi_004111	dungeon_link	1435	10078	2	true	true	unresolved	Chasm of Fire exit	Climb the rope from the first level to the surface.	Pre-consolidation PoiIndex/PoiDetails snapshot; identity not globally verified; poi/curated-details.tsv:1725				no_same_type_snapshot_within_12_tiles
poi_004114	poi_004114	dungeon_link	3423	10182	2	true	true	unresolved	Silk Chasm exit	Exit from Silk Chasm.	Pre-consolidation PoiIndex/PoiDetails snapshot; identity not globally verified; poi/curated-details.tsv:1726				no_same_type_snapshot_within_12_tiles
poi_004115	poi_004115	mining_site	2333	10318	2	true	true	unresolved	Daeyalt Essence Mining Site	Ores available: Daeyalt Essence\nTool needed: Pickaxe (Bronze to Crystal)\nDaeyalt Essence mine	Pre-consolidation PoiIndex/PoiDetails snapshot; identity not globally verified; poi/curated-details.tsv:1483				no_same_type_snapshot_within_12_tiles
poi_004116	poi_004116	mining_site	2358	10325	2	true	true	unresolved	Daeyalt Essence Mining Site	Ores available: Daeyalt Essence\nTool needed: Pickaxe (Bronze to Crystal)\nDaeyalt Essence mine	Pre-consolidation PoiIndex/PoiDetails snapshot; identity not globally verified; poi/curated-details.tsv:1484				no_same_type_snapshot_within_12_tiles
poi_004117	poi_004117	mining_site	2318	10327	2	true	true	unresolved	Daeyalt Essence Mining Site	Ores available: Daeyalt Essence\nTool needed: Pickaxe (Bronze to Crystal)\nDaeyalt Essence mine	Pre-consolidation PoiIndex/PoiDetails snapshot; identity not globally verified; poi/curated-details.tsv:1485				no_same_type_snapshot_within_12_tiles
poi_004118	poi_004118	mining_site	2317	10342	2	true	true	unresolved	Daeyalt Essence Mining Site	Ores available: Daeyalt Essence\nTool needed: Pickaxe (Bronze to Crystal)\nDaeyalt Essence mine	Pre-consolidation PoiIndex/PoiDetails snapshot; identity not globally verified; poi/curated-details.tsv:1486				no_same_type_snapshot_within_12_tiles
poi_004120	poi_004120	mining_site	2356	10347	2	true	true	unresolved	Daeyalt Essence Mining Site	Ores available: Daeyalt Essence\nTool needed: Pickaxe (Bronze to Crystal)\nDaeyalt Essence mine	Pre-consolidation PoiIndex/PoiDetails snapshot; identity not globally verified; poi/curated-details.tsv:1487				no_same_type_snapshot_within_12_tiles
poi_004121	poi_004121	dungeon_link	2330	10352	2	true	true	unresolved	Lunar Isle mine ladder	Ladder in Lunar Isle mine.	Pre-consolidation PoiIndex/PoiDetails snapshot; identity not globally verified; poi/curated-details.tsv:1727				no_same_type_snapshot_within_12_tiles
poi_004143	poi_004143	quest_start	1512	3631	0	true	true	unresolved	Tale of the Righteous	Start: Phileas Rimor in Shayzien library\nDifficulty: Intermediate • Length: Medium\nReward: 1 Quest Point\nRequirements: Client of Kourend, 16 Strength, 10 Mining	Pre-consolidation PoiIndex/PoiDetails snapshot; identity not globally verified; poi/curated-details.tsv:1675				no_same_type_snapshot_within_12_tiles
poi_004168	poi_004168	agility_short-cut	1630	4023	0	true	true	unresolved	Wintertodt Gap (Level 60)	Level requirement: Level 60 Agility\nConnects: Wintertodt prison camp south and north areas\nVault over gap in the frozen mountain perimeter	Pre-consolidation PoiIndex/PoiDetails snapshot; identity not globally verified; poi/curated-details.tsv:710				no_same_type_snapshot_within_12_tiles
poi_004169	poi_004169	agility_short-cut	1722	3509	0	true	true	unresolved	Hosidius Stepping Stone (Level 45)	Level requirement: Level 45 Agility\nConnects: Hosidius chapel and POH portal across stream\nFaster route between Hosidius estate and farmland	Pre-consolidation PoiIndex/PoiDetails snapshot; identity not globally verified; poi/curated-details.tsv:709				no_same_type_snapshot_within_12_tiles
poi_004206	poi_004206	quest_start	1847	3556	0	true	true	unresolved	The Forsaken Tower	Start: Lady Lovakengj in Lovakengj palace\nDifficulty: Intermediate • Length: Short\nReward: 1 Quest Point\nRequirements: Client of Kourend, Mining & Smithing puzzles	Pre-consolidation PoiIndex/PoiDetails snapshot; identity not globally verified; poi/curated-details.tsv:1676				no_same_type_snapshot_within_12_tiles
poi_004210	poi_004210	quest_start	1824	3690	0	true	true	unresolved	Client of Kourend	Start: Veos on Port Piscarilius dock\nDifficulty: Novice • Length: Short\nReward: 1 Quest Point\nRequirements: Feather, Speak to all 5 Great Kourend house leaders	Pre-consolidation PoiIndex/PoiDetails snapshot; identity not globally verified; poi/curated-details.tsv:1677				no_same_type_snapshot_within_12_tiles
poi_004253	poi_004253	agility_training	2639	4041	0	true	true	unresolved	Penguin Agility Course (Level 60)	Level requirement: Level 60 Agility\nLap XP: 540 XP\nActivity: Obstacle Course • Requires Penguin suit (Cold War quest)\nPenguin Agility Course	Pre-consolidation PoiIndex/PoiDetails snapshot; identity not globally verified; poi/curated-details.tsv:695	AgilityCourseLocation.PENGUIN_AGILITY_COURSE	Penguin Agility Course	1.0	
poi_004301	poi_004301	agility_short-cut	3448	3578	0	true	true	unresolved	Slayer Tower North Wall (Ground Floor) (Level 61)	Level requirement: Level 61 Agility\nConnects: Slayer Tower northern exterior to interior stairs\nQuick access to upper Slayer Tower rooms	Pre-consolidation PoiIndex/PoiDetails snapshot; identity not globally verified; poi/curated-details.tsv:771				no_same_type_snapshot_within_12_tiles
poi_004313	poi_004313	dungeon	3725	3356	0	true	true	unresolved	Daeyalt Mine Entrance	Type: Dungeon entrance / underground link\nDarkmeyer entrance to Daeyalt Essence Mine\nSisterhood Sanctuary	Pre-consolidation PoiIndex/PoiDetails snapshot; identity not globally verified; poi/curated-details.tsv:464	DungeonLocation.SISTERHOOD_SANCTUARY_LAB	Sisterhood Sanctuary	1.0	
poi_004323	poi_004323	dungeon	3555	4002	0	true	true	unresolved	Lithkren Vault	Requires: Dragon Slayer II\nAdamant & Rune dragons, Dragon forge & ancient vault	Pre-consolidation PoiIndex/PoiDetails snapshot; identity not globally verified; poi/curated-details.tsv:288	DungeonLocation.WYVERN_CAVE_TASK	Wyvern Cave (task only)	191.802	no_same_type_snapshot_within_12_tiles
poi_004324	poi_004324	dungeon	3233	2898	0	true	true	unresolved	Jaldraocht Pyramid	Requires: Desert Treasure I\nAncient Magicks pyramid • Azzanadra's altar	Pre-consolidation PoiIndex/PoiDetails snapshot; identity not globally verified; poi/curated-details.tsv:287	DungeonLocation.SMOKE_DUNGEON	Smoke Dungeon	99.358	no_same_type_snapshot_within_12_tiles
poi_004325	poi_004325	dungeon	2547	3421	0	true	true	unresolved	Shadow Dungeon	Requires: Ring of visibility, Desert Treasure I\nShadow diamond cavern • Damis & shadow hounds	Pre-consolidation PoiIndex/PoiDetails snapshot; identity not globally verified; poi/curated-details.tsv:290	DungeonLocation.CHAOS_DRUID_TOWER	Chaos Druid Tower dungeon	66.491	no_same_type_snapshot_within_12_tiles
poi_004326	poi_004326	dungeon	1558	9451	0	true	false	unresolved	Hunter Guild Caverns	Requires: 46 Hunter (Hunters' Rumours)\nHunter Guild master, whistle recharging & guild cavers	Pre-consolidation PoiIndex/PoiDetails snapshot; identity not globally verified; poi/curated-details.tsv:552	DungeonLocation.NEYPOTZLI	Neypotzli	192.255	no_same_type_snapshot_within_12_tiles
poi_004327	poi_004327	dungeon	3549	10448	0	true	false	unresolved	Lithkren Vault	Requires: Dragon Slayer II\nAdamant & Rune dragons, Dragon forge & ancient vault	Pre-consolidation PoiIndex/PoiDetails snapshot; identity not globally verified; poi/curated-details.tsv:553	DungeonLocation.RIVER_KELDA	River Kelda	789.108	no_same_type_snapshot_within_12_tiles
poi_004328	poi_004328	dungeon	2913	4954	3	true	false	unresolved	Jaldraocht Pyramid	Requires: Desert Treasure I\nAncient Magicks pyramid • Azzanadra's altar	Pre-consolidation PoiIndex/PoiDetails snapshot; identity not globally verified; poi/curated-details.tsv:555				no_same_type_snapshot_within_12_tiles
poi_004329	poi_004329	dungeon	3349	9536	0	true	false	unresolved	River Elid Dungeon	Requires: Spirits of the Elid\nWater spirits dungeon • Ancestral shrine & statuette	Pre-consolidation PoiIndex/PoiDetails snapshot; identity not globally verified; poi/curated-details.tsv:556	DungeonLocation.TOMBS_OF_AMASCUT	Tombs of Amascut	296.137	no_same_type_snapshot_within_12_tiles
poi_004330	poi_004330	dungeon	2630	5071	0	true	false	unresolved	Shadow Dungeon	Requires: Ring of visibility, Desert Treasure I\nShadow diamond cavern • Damis & shadow hounds	Pre-consolidation PoiIndex/PoiDetails snapshot; identity not globally verified; poi/curated-details.tsv:557	DungeonLocation.JORMUNGANDS_PRISON	Jormungand's Prison	1071.931	no_same_type_snapshot_within_12_tiles
poi_004331	poi_004331	dungeon	3124	9328	1	true	false	unresolved	Enakhra's Temple	Requires: Enakhra's Lament\nAncient Mahjarrat temple • Bone room & fountain puzzles	Pre-consolidation PoiIndex/PoiDetails snapshot; identity not globally verified; poi/curated-details.tsv:559				no_same_type_snapshot_within_12_tiles
poi_005556	poi_005556	transportation	3177	2367	0	true	true	unresolved	The Great Conch - Fairy Ring (CJQ)	Destination Code: CJQ\nRequirements: Fairytale II (partial) • Troubled Tortugans\nStaff: Dramen or Lunar staff	Pre-consolidation PoiIndex/PoiDetails snapshot; identity not globally verified; poi/curated-details.tsv:889	TransportationPointLocation.CHARTER_SUMMER_SHORE	Charter Ship	9.0	
poi_005557	poi_005557	transportation	2929	4056	0	true	true	unresolved	Grimstone - Fairy Ring (DLP)	Destination Code: DLP\nRequirements: Fairytale II (partial) • Level 87 Sailing\nStaff: Dramen or Lunar staff	Pre-consolidation PoiIndex/PoiDetails snapshot; identity not globally verified; poi/curated-details.tsv:890	TransportationPointLocation.WEISS_TO_RELLEKKA	Ship to Rellekka	121.017	no_same_type_snapshot_within_12_tiles
poi_005558	poi_005558	transportation	2995	3112	0	true	true	unresolved	Fairy Ring (AIQ)	Destination Code: AIQ\nRequirements: Fairytale II - Cure a Queen (partial)\nStaff: Dramen or Lunar staff	Pre-consolidation PoiIndex/PoiDetails snapshot; identity not globally verified; poi/curated-details.tsv:892	FairyRingLocation.AIQ	Fairy Ring (AIQ)	0.0	
poi_005559	poi_005559	transportation	2699	3249	0	true	true	unresolved	Fairy Ring (AIR)	Destination Code: AIR\nRequirements: Fairytale II - Cure a Queen (partial)\nStaff: Dramen or Lunar staff	Pre-consolidation PoiIndex/PoiDetails snapshot; identity not globally verified; poi/curated-details.tsv:893	FairyRingLocation.AIR	Fairy Ring (AIR)	0.0	
poi_005560	poi_005560	transportation	1430	3323	0	true	true	unresolved	Fairy Ring (AIS)	Destination Code: AIS\nRequirements: Fairytale II - Cure a Queen (partial)\nStaff: Dramen or Lunar staff	Pre-consolidation PoiIndex/PoiDetails snapshot; identity not globally verified; poi/curated-details.tsv:894	FairyRingLocation.AIS	Fairy Ring (AIS)	0.0	
poi_005561	poi_005561	transportation	1648	3011	0	true	true	unresolved	Fairy Ring (AJP)	Destination Code: AJP\nRequirements: Fairytale II - Cure a Queen (partial)\nStaff: Dramen or Lunar staff	Pre-consolidation PoiIndex/PoiDetails snapshot; identity not globally verified; poi/curated-details.tsv:895	FairyRingLocation.AJP	Fairy Ring (AJP)	0.0	
poi_005562	poi_005562	transportation	2779	3615	0	true	true	unresolved	Fairy Ring (AJR)	Destination Code: AJR\nRequirements: Fairytale II - Cure a Queen (partial)\nStaff: Dramen or Lunar staff	Pre-consolidation PoiIndex/PoiDetails snapshot; identity not globally verified; poi/curated-details.tsv:896	FairyRingLocation.AJR	Fairy Ring (AJR)	0.0	
poi_005563	poi_005563	transportation	2499	3898	0	true	true	unresolved	Fairy Ring (AJS)	Destination Code: AJS\nRequirements: Fairytale II - Cure a Queen (partial)\nStaff: Dramen or Lunar staff	Pre-consolidation PoiIndex/PoiDetails snapshot; identity not globally verified; poi/curated-details.tsv:897	FairyRingLocation.AJS	Fairy Ring (AJS)	0.0	
poi_005564	poi_005564	transportation	3283	2704	0	true	true	unresolved	Fairy Ring (AKP)	Destination Code: AKP\nRequirements: Fairytale II - Cure a Queen (partial)\nStaff: Dramen or Lunar staff	Pre-consolidation PoiIndex/PoiDetails snapshot; identity not globally verified; poi/curated-details.tsv:898	FairyRingLocation.AKP	Fairy Ring (AKP)	0.0	
poi_005565	poi_005565	transportation	2318	3617	0	true	true	unresolved	Fairy Ring (AKQ)	Destination Code: AKQ\nRequirements: Fairytale II - Cure a Queen (partial)\nStaff: Dramen or Lunar staff	Pre-consolidation PoiIndex/PoiDetails snapshot; identity not globally verified; poi/curated-details.tsv:899	FairyRingLocation.AKQ	Fairy Ring (AKQ)	0.0	
poi_005566	poi_005566	transportation	1823	3539	0	true	true	unresolved	Fairy Ring (AKR)	Destination Code: AKR\nRequirements: Fairytale II - Cure a Queen (partial)\nStaff: Dramen or Lunar staff	Pre-consolidation PoiIndex/PoiDetails snapshot; identity not globally verified; poi/curated-details.tsv:900	FairyRingLocation.AKR	Fairy Ring (AKR)	0.0	
poi_005567	poi_005567	transportation	2570	2958	0	true	true	unresolved	Fairy Ring (AKS)	Destination Code: AKS\nRequirements: Fairytale II - Cure a Queen (partial)\nStaff: Dramen or Lunar staff	Pre-consolidation PoiIndex/PoiDetails snapshot; identity not globally verified; poi/curated-details.tsv:901	FairyRingLocation.AKS	Fairy Ring (AKS)	0.0	
poi_005568	poi_005568	transportation	2502	3638	0	true	true	unresolved	Fairy Ring (ALP)	Destination Code: ALP\nRequirements: Fairytale II - Cure a Queen (partial)\nStaff: Dramen or Lunar staff	Pre-consolidation PoiIndex/PoiDetails snapshot; identity not globally verified; poi/curated-details.tsv:902	FairyRingLocation.ALP	Fairy Ring (ALP)	0.0	
poi_005569	poi_005569	transportation	3598	3496	0	true	true	unresolved	Fairy Ring (ALQ)	Destination Code: ALQ\nRequirements: Fairytale II - Cure a Queen (partial)\nStaff: Dramen or Lunar staff	Pre-consolidation PoiIndex/PoiDetails snapshot; identity not globally verified; poi/curated-details.tsv:903	FairyRingLocation.ALQ	Fairy Ring (ALQ)	0.0	
poi_005570	poi_005570	transportation	3059	4877	0	true	true	unresolved	Fairy Ring (ALR)	Destination Code: ALR\nRequirements: Fairytale II - Cure a Queen (partial)\nStaff: Dramen or Lunar staff	Pre-consolidation PoiIndex/PoiDetails snapshot; identity not globally verified; poi/curated-details.tsv:904	FairyRingLocation.ALR	Fairy Ring (ALR)	0.0	
poi_005571	poi_005571	transportation	2643	3497	0	true	true	unresolved	Fairy Ring (ALS)	Destination Code: ALS\nRequirements: Fairytale II - Cure a Queen (partial)\nStaff: Dramen or Lunar staff	Pre-consolidation PoiIndex/PoiDetails snapshot; identity not globally verified; poi/curated-details.tsv:905	FairyRingLocation.ALS	Fairy Ring (ALS)	0.0	
poi_005572	poi_005572	transportation	3409	3326	0	true	true	unresolved	Fairy Ring (BIP)	Destination Code: BIP\nRequirements: Fairytale II - Cure a Queen (partial)\nStaff: Dramen or Lunar staff	Pre-consolidation PoiIndex/PoiDetails snapshot; identity not globally verified; poi/curated-details.tsv:906	FairyRingLocation.BIP	Fairy Ring (BIP)	0.0	
poi_005573	poi_005573	transportation	3248	3095	0	true	true	unresolved	Fairy Ring (BIQ)	Destination Code: BIQ\nRequirements: Fairytale II - Cure a Queen (partial)\nStaff: Dramen or Lunar staff	Pre-consolidation PoiIndex/PoiDetails snapshot; identity not globally verified; poi/curated-details.tsv:907	FairyRingLocation.BIQ	Fairy Ring (BIQ)	0.0	
poi_005574	poi_005574	transportation	2635	3268	0	true	true	unresolved	Fairy Ring (BIS)	Destination Code: BIS\nRequirements: Fairytale II - Cure a Queen (partial)\nStaff: Dramen or Lunar staff	Pre-consolidation PoiIndex/PoiDetails snapshot; identity not globally verified; poi/curated-details.tsv:908	FairyRingLocation.BIS	Fairy Ring (BIS)	0.0	
poi_005575	poi_005575	transportation	2264	2976	0	true	true	unresolved	Fairy Ring (BJP)	Destination Code: BJP\nRequirements: Fairytale II - Cure a Queen (partial)\nStaff: Dramen or Lunar staff	Pre-consolidation PoiIndex/PoiDetails snapshot; identity not globally verified; poi/curated-details.tsv:909	FairyRingLocation.BJP	Fairy Ring (BJP)	0.0	
poi_005576	poi_005576	transportation	2147	3069	0	true	true	unresolved	Fairy Ring (BJS)	Destination Code: BJS\nRequirements: Fairytale II - Cure a Queen (partial)\nStaff: Dramen or Lunar staff	Pre-consolidation PoiIndex/PoiDetails snapshot; identity not globally verified; poi/curated-details.tsv:910	FairyRingLocation.BJS	Fairy Ring (BJS)	0.0	
poi_005577	poi_005577	transportation	2384	3037	0	true	true	unresolved	Fairy Ring (BKP)	Destination Code: BKP\nRequirements: Fairytale II - Cure a Queen (partial)\nStaff: Dramen or Lunar staff	Pre-consolidation PoiIndex/PoiDetails snapshot; identity not globally verified; poi/curated-details.tsv:911	FairyRingLocation.BKP	Fairy Ring (BKP)	0.0	
poi_005578	poi_005578	transportation	3468	3433	0	true	true	unresolved	Fairy Ring (BKR)	Destination Code: BKR\nRequirements: Fairytale II - Cure a Queen (partial)\nStaff: Dramen or Lunar staff	Pre-consolidation PoiIndex/PoiDetails snapshot; identity not globally verified; poi/curated-details.tsv:912	FairyRingLocation.BKR	Fairy Ring (BKR)	0.0	
poi_005579	poi_005579	transportation	2411	4436	0	true	true	unresolved	Fairy Ring (BKS)	Destination Code: BKS\nRequirements: Fairytale II - Cure a Queen (partial)\nStaff: Dramen or Lunar staff	Pre-consolidation PoiIndex/PoiDetails snapshot; identity not globally verified; poi/curated-details.tsv:913	FairyRingLocation.BKS	Fairy Ring (BKS)	0.0	
poi_005580	poi_005580	transportation	2432	5127	0	true	true	unresolved	Fairy Ring (BLP)	Destination Code: BLP\nRequirements: Fairytale II - Cure a Queen (partial)\nStaff: Dramen or Lunar staff	Pre-consolidation PoiIndex/PoiDetails snapshot; identity not globally verified; poi/curated-details.tsv:914	FairyRingLocation.BLP	Fairy Ring (BLP)	0.0	
poi_005581	poi_005581	transportation	2739	3353	0	true	true	unresolved	Fairy Ring (BLR)	Destination Code: BLR\nRequirements: Fairytale II - Cure a Queen (partial)\nStaff: Dramen or Lunar staff	Pre-consolidation PoiIndex/PoiDetails snapshot; identity not globally verified; poi/curated-details.tsv:915	FairyRingLocation.BLR	Fairy Ring (BLR)	0.0	
poi_005582	poi_005582	transportation	1293	3495	0	true	true	unresolved	Fairy Ring (BLS)	Destination Code: BLS\nRequirements: Fairytale II - Cure a Queen (partial)\nStaff: Dramen or Lunar staff	Pre-consolidation PoiIndex/PoiDetails snapshot; identity not globally verified; poi/curated-details.tsv:916	FairyRingLocation.BLS	Fairy Ring (BLS)	0.0	
poi_005583	poi_005583	transportation	2512	3886	0	true	true	unresolved	Fairy Ring (CIP)	Destination Code: CIP\nRequirements: Fairytale II - Cure a Queen (partial)\nStaff: Dramen or Lunar staff	Pre-consolidation PoiIndex/PoiDetails snapshot; identity not globally verified; poi/curated-details.tsv:917	FairyRingLocation.CIP	Fairy Ring (CIP)	0.0	
poi_005584	poi_005584	transportation	2527	3129	0	true	true	unresolved	Fairy Ring (CIQ)	Destination Code: CIQ\nRequirements: Fairytale II - Cure a Queen (partial)\nStaff: Dramen or Lunar staff	Pre-consolidation PoiIndex/PoiDetails snapshot; identity not globally verified; poi/curated-details.tsv:918	FairyRingLocation.CIQ	Fairy Ring (CIQ)	0.0	
poi_005585	poi_005585	transportation	1303	3762	0	true	true	unresolved	Fairy Ring (CIR)	Destination Code: CIR\nRequirements: Fairytale II - Cure a Queen (partial)\nStaff: Dramen or Lunar staff	Pre-consolidation PoiIndex/PoiDetails snapshot; identity not globally verified; poi/curated-details.tsv:919	FairyRingLocation.CIR	Fairy Ring (CIR)	0.0	
poi_005586	poi_005586	transportation	1636	3869	0	true	true	unresolved	Fairy Ring (CIS)	Destination Code: CIS\nRequirements: Fairytale II - Cure a Queen (partial)\nStaff: Dramen or Lunar staff	Pre-consolidation PoiIndex/PoiDetails snapshot; identity not globally verified; poi/curated-details.tsv:920	FairyRingLocation.CIS	Fairy Ring (CIS)	0.0	
poi_005587	poi_005587	transportation	3178	2445	0	true	true	unresolved	Fairy Ring (CJQ)	Destination Code: CJQ\nRequirements: Fairytale II - Cure a Queen (partial)\nStaff: Dramen or Lunar staff	Pre-consolidation PoiIndex/PoiDetails snapshot; identity not globally verified; poi/curated-details.tsv:921	FairyRingLocation.CJQ	Fairy Ring (CJQ)	0.0	
poi_005588	poi_005588	transportation	2704	3578	0	true	true	unresolved	Fairy Ring (CJR)	Destination Code: CJR\nRequirements: Fairytale II - Cure a Queen (partial)\nStaff: Dramen or Lunar staff	Pre-consolidation PoiIndex/PoiDetails snapshot; identity not globally verified; poi/curated-details.tsv:922	FairyRingLocation.CJR	Fairy Ring (CJR)	0.0	
poi_005589	poi_005589	transportation	1358	2943	0	true	true	unresolved	Fairy Ring (CKQ)	Destination Code: CKQ\nRequirements: Fairytale II - Cure a Queen (partial)\nStaff: Dramen or Lunar staff	Pre-consolidation PoiIndex/PoiDetails snapshot; identity not globally verified; poi/curated-details.tsv:923	FairyRingLocation.CKQ	Fairy Ring (CKQ)	0.0	
poi_005590	poi_005590	transportation	2800	3005	0	true	true	unresolved	Fairy Ring (CKR)	Destination Code: CKR\nRequirements: Fairytale II - Cure a Queen (partial)\nStaff: Dramen or Lunar staff	Pre-consolidation PoiIndex/PoiDetails snapshot; identity not globally verified; poi/curated-details.tsv:924	FairyRingLocation.CKR	Fairy Ring (CKR)	0.0	
poi_005591	poi_005591	transportation	3446	3472	0	true	true	unresolved	Fairy Ring (CKS)	Destination Code: CKS\nRequirements: Fairytale II - Cure a Queen (partial)\nStaff: Dramen or Lunar staff	Pre-consolidation PoiIndex/PoiDetails snapshot; identity not globally verified; poi/curated-details.tsv:925	FairyRingLocation.CKS	Fairy Ring (CKS)	0.0	
poi_005592	poi_005592	transportation	3081	3208	0	true	true	unresolved	Fairy Ring (CLP)	Destination Code: CLP\nRequirements: Fairytale II - Cure a Queen (partial)\nStaff: Dramen or Lunar staff	Pre-consolidation PoiIndex/PoiDetails snapshot; identity not globally verified; poi/curated-details.tsv:926	FairyRingLocation.CLP	Fairy Ring (CLP)	0.0	
poi_005593	poi_005593	transportation	2737	2739	0	true	true	unresolved	Fairy Ring (CLR)	Destination Code: CLR\nRequirements: Fairytale II - Cure a Queen (partial)\nStaff: Dramen or Lunar staff	Pre-consolidation PoiIndex/PoiDetails snapshot; identity not globally verified; poi/curated-details.tsv:927	FairyRingLocation.CLR	Fairy Ring (CLR)	0.0	
poi_005594	poi_005594	transportation	2681	3083	0	true	true	unresolved	Fairy Ring (CLS)	Destination Code: CLS\nRequirements: Fairytale II - Cure a Queen (partial)\nStaff: Dramen or Lunar staff	Pre-consolidation PoiIndex/PoiDetails snapshot; identity not globally verified; poi/curated-details.tsv:928	FairyRingLocation.CLS	Fairy Ring (CLS)	0.0	
poi_005595	poi_005595	transportation	3036	4761	0	true	true	unresolved	Fairy Ring (DIP)	Destination Code: DIP\nRequirements: Fairytale II - Cure a Queen (partial)\nStaff: Dramen or Lunar staff	Pre-consolidation PoiIndex/PoiDetails snapshot; identity not globally verified; poi/curated-details.tsv:929	FairyRingLocation.DIP	Fairy Ring (DIP)	0.0	
poi_005596	poi_005596	transportation	3109	3149	0	true	true	unresolved	Fairy Ring (DIS)	Destination Code: DIS\nRequirements: Fairytale II - Cure a Queen (partial)\nStaff: Dramen or Lunar staff	Pre-consolidation PoiIndex/PoiDetails snapshot; identity not globally verified; poi/curated-details.tsv:930	FairyRingLocation.DIS	Fairy Ring (DIS)	0.0	
poi_005597	poi_005597	transportation	2657	3232	0	true	true	unresolved	Fairy Ring (DJP)	Destination Code: DJP\nRequirements: Fairytale II - Cure a Queen (partial)\nStaff: Dramen or Lunar staff	Pre-consolidation PoiIndex/PoiDetails snapshot; identity not globally verified; poi/curated-details.tsv:931	FairyRingLocation.DJP	Fairy Ring (DJP)	0.0	
poi_005598	poi_005598	transportation	1452	3659	0	true	true	unresolved	Fairy Ring (DJR)	Destination Code: DJR\nRequirements: Fairytale II - Cure a Queen (partial)\nStaff: Dramen or Lunar staff	Pre-consolidation PoiIndex/PoiDetails snapshot; identity not globally verified; poi/curated-details.tsv:932	FairyRingLocation.DJR	Fairy Ring (DJR)	0.0	
poi_005599	poi_005599	transportation	2899	3113	0	true	true	unresolved	Fairy Ring (DKP)	Destination Code: DKP\nRequirements: Fairytale II - Cure a Queen (partial)\nStaff: Dramen or Lunar staff	Pre-consolidation PoiIndex/PoiDetails snapshot; identity not globally verified; poi/curated-details.tsv:933	FairyRingLocation.DKP	Fairy Ring (DKP)	0.0	
poi_005600	poi_005600	transportation	3126	3496	0	true	true	unresolved	Fairy Ring (DKR)	Destination Code: DKR\nRequirements: Fairytale II - Cure a Queen (partial)\nStaff: Dramen or Lunar staff	Pre-consolidation PoiIndex/PoiDetails snapshot; identity not globally verified; poi/curated-details.tsv:934	FairyRingLocation.DKR	Fairy Ring (DKR)	0.0	
poi_005601	poi_005601	transportation	2743	3721	0	true	true	unresolved	Fairy Ring (DKS)	Destination Code: DKS\nRequirements: Fairytale II - Cure a Queen (partial)\nStaff: Dramen or Lunar staff	Pre-consolidation PoiIndex/PoiDetails snapshot; identity not globally verified; poi/curated-details.tsv:935	FairyRingLocation.DKS	Fairy Ring (DKS)	0.0	
poi_005602	poi_005602	transportation	2923	10455	0	true	true	unresolved	Fairy Ring (DLP)	Destination Code: DLP\nRequirements: Fairytale II - Cure a Queen (partial)\nStaff: Dramen or Lunar staff	Pre-consolidation PoiIndex/PoiDetails snapshot; identity not globally verified; poi/curated-details.tsv:936	FairyRingLocation.DLP	Fairy Ring (DLP)	0.0	
poi_005603	poi_005603	transportation	3422	3018	0	true	true	unresolved	Fairy Ring (DLQ)	Destination Code: DLQ\nRequirements: Fairytale II - Cure a Queen (partial)\nStaff: Dramen or Lunar staff	Pre-consolidation PoiIndex/PoiDetails snapshot; identity not globally verified; poi/curated-details.tsv:937	FairyRingLocation.DLQ	Fairy Ring (DLQ)	0.0	
poi_005604	poi_005604	transportation	2212	3101	0	true	true	unresolved	Fairy Ring (DLR)	Destination Code: DLR\nRequirements: Fairytale II - Cure a Queen (partial)\nStaff: Dramen or Lunar staff	Pre-consolidation PoiIndex/PoiDetails snapshot; identity not globally verified; poi/curated-details.tsv:938	FairyRingLocation.DLR	Fairy Ring (DLR)	0.0	
poi_005605	poi_005605	transportation	2735	5221	0	true	true	unresolved	Fairy Ring (AJQ)	Destination Code: AJQ\nRequirements: Fairytale II - Cure a Queen (partial) • Death to the Dorgeshuun\nStaff: Dramen or Lunar staff	Pre-consolidation PoiIndex/PoiDetails snapshot; identity not globally verified; poi/curated-details.tsv:939	FairyRingLocation.BLP	Fairy Ring (BLP)	317.246	no_same_type_snapshot_within_12_tiles
poi_005606	poi_005606	transportation	2650	4730	0	true	true	unresolved	Fairy Ring (BJR)	Destination Code: BJR\nRequirements: Fairytale II - Cure a Queen (partial) • Holy Grail\nStaff: Dramen or Lunar staff	Pre-consolidation PoiIndex/PoiDetails snapshot; identity not globally verified; poi/curated-details.tsv:940	TransportationPointLocation.FAIRY_RING_ZANARIS_TO_KHARID	Fairy Ring to Al Kharid	308.172	no_same_type_snapshot_within_12_tiles
poi_005607	poi_005607	transportation	3041	4532	0	true	true	unresolved	Fairy Ring (BKQ)	Destination Code: BKQ\nRequirements: Fairytale II - Cure a Queen (partial)\nStaff: Dramen or Lunar staff	Pre-consolidation PoiIndex/PoiDetails snapshot; identity not globally verified; poi/curated-details.tsv:941	FairyRingLocation.DIP	Fairy Ring (DIP)	229.055	no_same_type_snapshot_within_12_tiles
poi_005608	poi_005608	transportation	3572	4372	0	true	true	unresolved	Fairy Ring (BLQ)	Destination Code: BLQ\nRequirements: Fairytale II - Cure a Queen (partial) • Land of the Goblins\nStaff: Dramen or Lunar staff	Pre-consolidation PoiIndex/PoiDetails snapshot; identity not globally verified; poi/curated-details.tsv:942	TransportationPointLocation.ROW_BOAT_LITHKREN	Rowboat to Mushroom Forest	399.125	no_same_type_snapshot_within_12_tiles
poi_005609	poi_005609	transportation	2075	4848	0	true	true	unresolved	Fairy Ring (CKP)	Destination Code: CKP\nRequirements: Fairytale II - Cure a Queen (partial)\nStaff: Dramen or Lunar staff	Pre-consolidation PoiIndex/PoiDetails snapshot; identity not globally verified; poi/curated-details.tsv:943	TransportationPointLocation.ROW_BOAT_BRAIN_DEATH	Rowboat to Port Phasmatys	282.413	no_same_type_snapshot_within_12_tiles
poi_005610	poi_005610	transportation	3038	5348	0	true	true	unresolved	Fairy Ring (DIR)	Destination Code: DIR\nRequirements: Fairytale II - Cure a Queen (partial)\nStaff: Dramen or Lunar staff	Pre-consolidation PoiIndex/PoiDetails snapshot; identity not globally verified; poi/curated-details.tsv:944	FairyRingLocation.ALR	Fairy Ring (ALR)	471.468	no_same_type_snapshot_within_12_tiles
poi_005611	poi_005611	transportation	3447	9824	0	true	true	unresolved	Fairy Ring (DLS)	Destination Code: DLS\nRequirements: Fairytale II - Cure a Queen (partial) • In Search of the Myreque\nStaff: Dramen or Lunar staff	Pre-consolidation PoiIndex/PoiDetails snapshot; identity not globally verified; poi/curated-details.tsv:945	TransportationPointLocation.MINE_CART_ICE_MOUNTAIN	Minecart to Keldagrim	452.159	no_same_type_snapshot_within_12_tiles
poi_005612	poi_005612	rare_trees	2728	3481	0	true	true	unresolved	Maple tree (Level 45)	Level requirement: Level 45 Woodcutting\nTool needed: Axe (Bronze to Crystal)\nYield: Logs, Birds' nests\nMaple tree - Level 45\nRequires Level 45 Woodcutting	Pre-consolidation PoiIndex/PoiDetails snapshot; identity not globally verified; poi/curated-details.tsv:54	RareTreeLocation.MAPLE	Maple tree - Level 45	0.0	
poi_005613	poi_005613	dungeon	3370	3428	0	true	true	unresolved	Digsite Dungeon	Type: Dungeon entrance / underground link\nMay require light source, rope, or combat gear	Pre-consolidation PoiIndex/PoiDetails snapshot; identity not globally verified; poi/curated-details.tsv:249	DungeonLocation.TOLNAS_RIFT	Tolna's rift	65.788	no_same_type_snapshot_within_12_tiles
poi_005614	poi_005614	dungeon	2709	3498	0	true	true	unresolved	Elemental Workshop	Type: Dungeon entrance / underground link\nMay require light source, rope, or combat gear	Pre-consolidation PoiIndex/PoiDetails snapshot; identity not globally verified; poi/curated-details.tsv:256	DungeonLocation.TEMPLE_OF_IKOV	Temple of Ikov	99.624	no_same_type_snapshot_within_12_tiles
poi_005615	poi_005615	dungeon	1824	3107	0	true	true	unresolved	Fortis Colosseum	Type: Dungeon entrance / underground link\nMay require light source, rope, or combat gear	Pre-consolidation PoiIndex/PoiDetails snapshot; identity not globally verified; poi/curated-details.tsv:269	DungeonLocation.FORTIS_COLOSSEUM	Fortis Colosseum	30.0	no_same_type_snapshot_within_12_tiles
poi_005616	poi_005616	dungeon	2557	3444	0	true	true	unresolved	Glarial's Tomb	Type: Dungeon entrance / underground link\nMay require light source, rope, or combat gear	Pre-consolidation PoiIndex/PoiDetails snapshot; identity not globally verified; poi/curated-details.tsv:275	DungeonLocation.ANCIENT_CAVERN	Ancient Cavern	78.816	no_same_type_snapshot_within_12_tiles
poi_005617	poi_005617	dungeon	1248	3737	0	true	true	unresolved	Hespori Cave	Requires: 65 Farming, Hespori seed\nHespori boss arena • Bottomless compost bucket & anima seeds	Pre-consolidation PoiIndex/PoiDetails snapshot; identity not globally verified; poi/curated-details.tsv:283	DungeonLocation.HESPORI	Hespori Patch	18.788	no_same_type_snapshot_within_12_tiles
poi_005618	poi_005618	dungeon	3194	2925	0	true	true	unresolved	Enakhra's Temple	Requires: Enakhra's Lament\nAncient Mahjarrat temple • Bone room & fountain puzzles	Pre-consolidation PoiIndex/PoiDetails snapshot; identity not globally verified; poi/curated-details.tsv:291	DungeonLocation.SMOKE_DUNGEON	Smoke Dungeon	120.806	no_same_type_snapshot_within_12_tiles
poi_005619	poi_005619	dungeon	2135	9320	0	false	false	unresolved	Isle of Souls Dungeon	Type: Dungeon interior (underground layer)\nVisible on the dungeon / underground map	Pre-consolidation PoiIndex/PoiDetails snapshot; identity not globally verified; poi/curated-details.tsv:297	DungeonLocation.SMOKE_DEVIL_BOSS	Thermonuclear Smoke Devil (boss)	275.659	no_same_type_snapshot_within_12_tiles
poi_005620	poi_005620	dungeon	1439	9660	0	true	true	unresolved	Neypotzli Moons of Peril	Type: Dungeon interior (underground layer)\nVisible on the dungeon / underground map	Pre-consolidation PoiIndex/PoiDetails snapshot; identity not globally verified; poi/curated-details.tsv:324; poi/curated-details.tsv:543	DungeonLocation.NEYPOTZLI	Neypotzli	58.0	no_same_type_snapshot_within_12_tiles
poi_005621	poi_005621	dungeon	3060	3366	0	true	true	unresolved	Motherlode Mine	Type: Dungeon entrance / underground link\nHop from Dwarven Mine cave 26654	Pre-consolidation PoiIndex/PoiDetails snapshot; identity not globally verified; poi/curated-details.tsv:331	DungeonLocation.DWARVEN_MINE_STAIRS	Dwarven Mine	11.18	
poi_005622	poi_005622	dungeon	3407	2848	0	true	true	unresolved	Scabaras Dungeon	Requires: Contact! quest started, Light source, Tinderbox\nWaterskins and antipoison recommended for desert dungeon	Pre-consolidation PoiIndex/PoiDetails snapshot; identity not globally verified; poi/curated-details.tsv:355	DungeonLocation.SCABARAS_DUNGEON	Scabaras Dungeon	0.0	
poi_005623	poi_005623	dungeon	2659	3492	0	true	true	unresolved	Temple of Ikov — McGrubor's Wood shortcut	Type: Dungeon shortcut\nRequires: Shiny key to open the shed door	Pre-consolidation PoiIndex/PoiDetails snapshot; identity not globally verified; poi/curated-details.tsv:393	DungeonLocation.TEMPLE_OF_IKOV	Temple of Ikov	89.627	no_same_type_snapshot_within_12_tiles
poi_005624	poi_005624	dungeon	3357	2711	0	true	true	unresolved	Tombs of Amascut	Requires: Beneath Cursed Sands quest completed\nRaid party lobby for Tombs of Amascut	Pre-consolidation PoiIndex/PoiDetails snapshot; identity not globally verified; poi/curated-details.tsv:401	DungeonLocation.TOMBS_OF_AMASCUT_LOBBY	Tombs of Amascut	0.0	
poi_005625	poi_005625	dungeon	2512	3464	0	true	true	unresolved	Waterfall Dungeon	Type: Dungeon entrance / underground link\nBaxtorian Falls island • Waterfall Quest, Fire giants	Pre-consolidation PoiIndex/PoiDetails snapshot; identity not globally verified; poi/curated-details.tsv:425	DungeonLocation.ANCIENT_CAVERN	Ancient Cavern	44.011	no_same_type_snapshot_within_12_tiles
poi_005626	poi_005626	dungeon	2328	3496	0	true	true	unresolved	Eagles' Peak Dungeon	Type: Dungeon entrance / underground link\nEagles' Peak • Eagles' Peak Quest, Giant eagles	Pre-consolidation PoiIndex/PoiDetails snapshot; identity not globally verified; poi/curated-details.tsv:426	DungeonLocation.BRIMSTAILS_CAVE	Brimstail's Cave	106.794	no_same_type_snapshot_within_12_tiles
poi_005627	poi_005627	dungeon	2518	2921	0	true	true	unresolved	Jungle Eagle Lair	Type: Dungeon entrance / underground link\nEagle transport crevice • Eagles' Peak quest	Pre-consolidation PoiIndex/PoiDetails snapshot; identity not globally verified; poi/curated-details.tsv:430	DungeonLocation.RED_CHIN_HUNTING	Red chinchompa hunting ground	27.893	no_same_type_snapshot_within_12_tiles
poi_005628	poi_005628	dungeon	2758	2983	0	true	true	unresolved	Rashiliyia's Tomb	Type: Dungeon entrance / underground link\nCairn Isle dolmen / Ah Za Rhoon entrance	Pre-consolidation PoiIndex/PoiDetails snapshot; identity not globally verified; poi/curated-details.tsv:432	DungeonLocation.SHILO_VILLAGE_MINE	Shilo Village mine	67.446	no_same_type_snapshot_within_12_tiles
poi_005629	poi_005629	dungeon	2838	2845	0	true	true	unresolved	Kharazi Caves	Type: Dungeon entrance / underground link\nLegends' Quest • Kharazi jungle cave entrance	Pre-consolidation PoiIndex/PoiDetails snapshot; identity not globally verified; poi/curated-details.tsv:434	DungeonLocation.CRASH_ISLAND	Crash Island Dungeon	148.661	no_same_type_snapshot_within_12_tiles
poi_005630	poi_005630	dungeon	2512	3865	0	true	true	unresolved	Miscellania Underground	Type: Dungeon entrance / underground link\nMiscellania Castle trapdoor • Royal Trouble	Pre-consolidation PoiIndex/PoiDetails snapshot; identity not globally verified; poi/curated-details.tsv:435	DungeonLocation.MISCELLANIA	Miscellania and Etceteria Dungeon	19.416	no_same_type_snapshot_within_12_tiles
poi_005631	poi_005631	dungeon	2398	3813	0	true	true	unresolved	Jatizso Mine	Type: Dungeon entrance / underground link\nJatizso mining tunnel entrance • Fremennik Isles	Pre-consolidation PoiIndex/PoiDetails snapshot; identity not globally verified; poi/curated-details.tsv:436	DungeonLocation.ICE_TROLL_E	Ice Troll Caves	76.026	no_same_type_snapshot_within_12_tiles
poi_005632	poi_005632	dungeon	2398	3898	0	true	true	unresolved	Ice Troll Caves	Requires: The Fremennik Isles quest, Combat gear\nNeitiznot Ice Troll cave network and Ice Troll King link	Pre-consolidation PoiIndex/PoiDetails snapshot; identity not globally verified; poi/curated-details.tsv:438	DungeonLocation.ICE_TROLL_E	Ice Troll Caves	9.22	
poi_005633	poi_005633	dungeon	3565	3306	0	true	true	unresolved	Barrows Crypts	Type: Dungeon entrance / underground link\nBarrows mounds crypt entrance • Barrows minigame	Pre-consolidation PoiIndex/PoiDetails snapshot; identity not globally verified; poi/curated-details.tsv:440	DungeonLocation.SHADE_CATACOMBS	Shade Catacombs	82.377	no_same_type_snapshot_within_12_tiles
poi_005634	poi_005634	dungeon	3628	3350	0	true	true	unresolved	Meiyerditch Laboratories	Type: Dungeon entrance / underground link\nMeiyerditch underground laboratory entrance • Sins of the Father	Pre-consolidation PoiIndex/PoiDetails snapshot; identity not globally verified; poi/curated-details.tsv:441	DungeonLocation.MORYTANIA_SPIDER_NEST	Morytania Spider Nest	65.307	no_same_type_snapshot_within_12_tiles
poi_005635	poi_005635	dungeon	3438	3337	0	true	true	unresolved	Nature Grotto	Type: Dungeon entrance / underground link\nNature Grotto tree entrance • Nature Spirit	Pre-consolidation PoiIndex/PoiDetails snapshot; identity not globally verified; poi/curated-details.tsv:442	DungeonLocation.SHADE_CATACOMBS	Shade Catacombs	48.703	no_same_type_snapshot_within_12_tiles
poi_005636	poi_005636	dungeon	3659	3524	0	true	true	unresolved	Ectofuntus Dungeon	Type: Dungeon entrance / underground link\nEctofuntus temple trapdoor • Pool of Slime	Pre-consolidation PoiIndex/PoiDetails snapshot; identity not globally verified; poi/curated-details.tsv:443	DungeonLocation.ECTOFUNTUS	Ectofuntus dungeon	9.434	
poi_005637	poi_005637	dungeon	3280	2780	0	true	true	unresolved	Klenter's Pyramid	Type: Dungeon entrance / underground link\nKlenter pyramid entrance • Icthlarin's Little Helper	Pre-consolidation PoiIndex/PoiDetails snapshot; identity not globally verified; poi/curated-details.tsv:447	DungeonLocation.KLENTERS_PYRAMID	Klenter's Pyramid	14.0	no_same_type_snapshot_within_12_tiles
poi_005638	poi_005638	dungeon	3400	3160	0	true	true	unresolved	Desert Eagle Lair	Type: Dungeon entrance / underground link\nEagle transport system desert roost	Pre-consolidation PoiIndex/PoiDetails snapshot; identity not globally verified; poi/curated-details.tsv:448	DungeonLocation.RIVER_ELID	River Elid Dungeon	41.037	no_same_type_snapshot_within_12_tiles
poi_005639	poi_005639	dungeon	3260	3710	0	true	true	unresolved	Wilderness Slayer Cave	Type: Dungeon entrance / underground link\nWilderness Slayer Cave entrance • Krystilia	Pre-consolidation PoiIndex/PoiDetails snapshot; identity not globally verified; poi/curated-details.tsv:451	DungeonLocation.WILDERNESS_SLAYER_CAVE_SOUTH	Wilderness Slayer Cave	44.011	no_same_type_snapshot_within_12_tiles
poi_005640	poi_005640	dungeon	3099	3934	0	true	true	unresolved	Mage Arena Bank Entrance	Type: Dungeon entrance / underground link\nKolodion pool of sparkling water • Mage Arena	Pre-consolidation PoiIndex/PoiDetails snapshot; identity not globally verified; poi/curated-details.tsv:454	DungeonLocation.MAGE_ARENA	Mage Arena Bank	24.166	no_same_type_snapshot_within_12_tiles
poi_005641	poi_005641	dungeon	1775	3730	0	true	true	unresolved	The Warrens Manhole	Type: Dungeon entrance / underground link\nThe Warrens sewer entrance • Hosidius	Pre-consolidation PoiIndex/PoiDetails snapshot; identity not globally verified; poi/curated-details.tsv:456	DungeonLocation.WARRENS	The Warrens	39.925	no_same_type_snapshot_within_12_tiles
poi_005642	poi_005642	dungeon	1580	3480	0	true	true	unresolved	Woodcutting Guild Dungeon Entrance	Type: Dungeon entrance / underground link\nEnt dungeon tree entrance • Woodcutting Guild	Pre-consolidation PoiIndex/PoiDetails snapshot; identity not globally verified; poi/curated-details.tsv:458	DungeonLocation.WOODCUTTING_GUILD	Woodcutting Guild dungeon	36.235	no_same_type_snapshot_within_12_tiles
poi_005643	poi_005643	dungeon	2865	9680	0	true	true	unresolved	Elvarg's Lair	Type: Dungeon interior (underground layer)\nDragon Slayer I • Elvarg boss chamber	Pre-consolidation PoiIndex/PoiDetails snapshot; identity not globally verified; poi/curated-details.tsv:504	DungeonLocation.TZHAAR_CITY	TzHaar City (Mor Ul Rek)	108.042	no_same_type_snapshot_within_12_tiles
poi_005644	poi_005644	dungeon	2758	9183	0	true	false	unresolved	Rashiliyia's Tomb	Type: Dungeon interior (underground layer)\nVisible on the dungeon / underground map	Pre-consolidation PoiIndex/PoiDetails snapshot; identity not globally verified; poi/curated-details.tsv:509	DungeonLocation.TZHAAR_CITY	TzHaar City (Mor Ul Rek)	402.662	no_same_type_snapshot_within_12_tiles
poi_005645	poi_005645	dungeon	2920	9121	0	true	false	unresolved	Crash Island Dungeon	Type: Dungeon interior (underground layer)\nVisible on the dungeon / underground map	Pre-consolidation PoiIndex/PoiDetails snapshot; identity not globally verified; poi/curated-details.tsv:510	DungeonLocation.TOMBS_OF_AMASCUT	Tombs of Amascut	453.878	no_same_type_snapshot_within_12_tiles
poi_005646	poi_005646	dungeon	2838	9245	0	true	false	unresolved	Kharazi Caves	Type: Dungeon interior (underground layer)\nVisible on the dungeon / underground map	Pre-consolidation PoiIndex/PoiDetails snapshot; identity not globally verified; poi/curated-details.tsv:511	DungeonLocation.TZHAAR_CITY	TzHaar City (Mor Ul Rek)	327.88	no_same_type_snapshot_within_12_tiles
poi_005647	poi_005647	dungeon	2512	10265	0	true	false	unresolved	Miscellania Underground	Type: Dungeon interior (underground layer)\nVisible on the dungeon / underground map	Pre-consolidation PoiIndex/PoiDetails snapshot; identity not globally verified; poi/curated-details.tsv:512	DungeonLocation.WATERBIRTH_SUBLEVELS	Waterbirth Dungeon (sub-levels)	126.384	no_same_type_snapshot_within_12_tiles
poi_005648	poi_005648	dungeon	2404	10189	0	true	false	unresolved	Jatizso Mine	Type: Dungeon interior (underground layer)\nVisible on the dungeon / underground map	Pre-consolidation PoiIndex/PoiDetails snapshot; identity not globally verified; poi/curated-details.tsv:513	DungeonLocation.WATERBIRTH_SUBLEVELS	Waterbirth Dungeon (sub-levels)	148.314	no_same_type_snapshot_within_12_tiles
poi_005649	poi_005649	dungeon	2931	10196	0	true	true	unresolved	Blast Furnace	Type: Dungeon interior (underground layer)\nKeldagrim Blast Furnace • Bar smelting minigame	Pre-consolidation PoiIndex/PoiDetails snapshot; identity not globally verified; poi/curated-details.tsv:515	DungeonLocation.RIVER_KELDA	River Kelda	127.562	no_same_type_snapshot_within_12_tiles
poi_005650	poi_005650	dungeon	2394	10300	0	true	false	unresolved	Ice Troll Caves	Requires: The Fremennik Isles quest, Combat gear\nNeitiznot Ice Troll cave network and Ice Troll King link	Pre-consolidation PoiIndex/PoiDetails snapshot; identity not globally verified; poi/curated-details.tsv:516	DungeonLocation.WATERBIRTH_SUBLEVELS	Waterbirth Dungeon (sub-levels)	217.83	no_same_type_snapshot_within_12_tiles
poi_005651	poi_005651	dungeon	3436	9637	0	true	false	unresolved	Haunted Mine	Type: Dungeon interior (underground layer)\nVisible on the dungeon / underground map	Pre-consolidation PoiIndex/PoiDetails snapshot; identity not globally verified; poi/curated-details.tsv:517	DungeonLocation.MOTHERLODE_MINE_GUILD	Motherlode Mine	395.74	no_same_type_snapshot_within_12_tiles
poi_005652	poi_005652	dungeon	3565	9706	0	true	false	unresolved	Barrows Crypts & Tunnels	Type: Dungeon interior (underground layer)\nVisible on the dungeon / underground map	Pre-consolidation PoiIndex/PoiDetails snapshot; identity not globally verified; poi/curated-details.tsv:518	DungeonLocation.MOTHERLODE_MINE	Motherlode Mine	509.313	no_same_type_snapshot_within_12_tiles
poi_005653	poi_005653	dungeon	3628	9750	0	true	false	unresolved	Meiyerditch Laboratories	Type: Dungeon interior (underground layer)\nVisible on the dungeon / underground map	Pre-consolidation PoiIndex/PoiDetails snapshot; identity not globally verified; poi/curated-details.tsv:519	DungeonLocation.MOTHERLODE_MINE	Motherlode Mine	569.172	no_same_type_snapshot_within_12_tiles
poi_005654	poi_005654	dungeon	3440	9740	0	true	false	unresolved	Nature Grotto	Type: Dungeon interior (underground layer)\nVisible on the dungeon / underground map	Pre-consolidation PoiIndex/PoiDetails snapshot; identity not globally verified; poi/curated-details.tsv:520	DungeonLocation.MOTHERLODE_MINE	Motherlode Mine	381.755	no_same_type_snapshot_within_12_tiles
poi_005655	poi_005655	dungeon	3674	9893	0	true	true	unresolved	Ectofuntus Pool of Slime	Type: Dungeon interior (underground layer)\nVisible on the dungeon / underground map	Pre-consolidation PoiIndex/PoiDetails snapshot; identity not globally verified; poi/curated-details.tsv:521	DungeonLocation.MOTHERLODE_MINE	Motherlode Mine	628.384	no_same_type_snapshot_within_12_tiles
poi_005656	poi_005656	dungeon	3670	9830	0	true	false	unresolved	Morytania Spider Cave	Type: Dungeon interior (underground layer)\nVisible on the dungeon / underground map	Pre-consolidation PoiIndex/PoiDetails snapshot; identity not globally verified; poi/curated-details.tsv:522	DungeonLocation.MOTHERLODE_MINE	Motherlode Mine	614.554	no_same_type_snapshot_within_12_tiles
poi_005657	poi_005657	dungeon	2433	9714	0	true	false	unresolved	Underground Pass	Requires: Biohazard / Underground Pass quest started\nRope, Bow & Arrows, and Agility boosts recommended	Pre-consolidation PoiIndex/PoiDetails snapshot; identity not globally verified; poi/curated-details.tsv:523	DungeonLocation.SMOKE_DEVIL_BOSS	Thermonuclear Smoke Devil (boss)	267.918	no_same_type_snapshot_within_12_tiles
poi_005658	poi_005658	dungeon	2332	9623	0	true	true	unresolved	Well of Voyage	Type: Dungeon interior (underground layer)\nUnderground Pass • Well of Voyage to Iban's Lair	Pre-consolidation PoiIndex/PoiDetails snapshot; identity not globally verified; poi/curated-details.tsv:524	DungeonLocation.SMOKE_DEVIL_BOSS	Thermonuclear Smoke Devil (boss)	176.822	no_same_type_snapshot_within_12_tiles
poi_005659	poi_005659	dungeon	3232	12450	0	true	false	unresolved	Prifddinas Underground	Type: Dungeon interior (underground layer)\nVisible on the dungeon / underground map	Pre-consolidation PoiIndex/PoiDetails snapshot; identity not globally verified; poi/curated-details.tsv:525	DungeonLocation.RIVER_KELDA	River Kelda	2371.466	no_same_type_snapshot_within_12_tiles
poi_005660	poi_005660	dungeon	3232	12512	0	true	false	unresolved	Prifddinas Grand Library	Type: Dungeon interior (underground layer)\nVisible on the dungeon / underground map	Pre-consolidation PoiIndex/PoiDetails snapshot; identity not globally verified; poi/curated-details.tsv:526	DungeonLocation.RIVER_KELDA	River Kelda	2432.614	no_same_type_snapshot_within_12_tiles
poi_005661	poi_005661	dungeon	3483	9510	0	true	true	unresolved	Kalphite Queen Lair	Type: Dungeon interior (underground layer)\nVisible on the dungeon / underground map	Pre-consolidation PoiIndex/PoiDetails snapshot; identity not globally verified; poi/curated-details.tsv:527	DungeonLocation.TOMBS_OF_AMASCUT	Tombs of Amascut	297.532	no_same_type_snapshot_within_12_tiles
poi_005662	poi_005662	dungeon	3246	9378	0	true	false	unresolved	Smoke Dungeon	Requires: Facemask or Slayer helmet (smoke damage)\nBring a rope and light source	Pre-consolidation PoiIndex/PoiDetails snapshot; identity not globally verified; poi/curated-details.tsv:528	DungeonLocation.TOMBS_OF_AMASCUT	Tombs of Amascut	177.73	no_same_type_snapshot_within_12_tiles
poi_005663	poi_005663	dungeon	3280	9180	0	true	true	unresolved	Klenter's Tomb	Type: Dungeon interior (underground layer)\nVisible on the dungeon / underground map	Pre-consolidation PoiIndex/PoiDetails snapshot; identity not globally verified; poi/curated-details.tsv:529	DungeonLocation.TOMBS_OF_AMASCUT	Tombs of Amascut	98.407	no_same_type_snapshot_within_12_tiles
poi_005664	poi_005664	dungeon	3418	9571	0	true	false	unresolved	Desert Eagle Lair	Type: Dungeon interior (underground layer)\nVisible on the dungeon / underground map	Pre-consolidation PoiIndex/PoiDetails snapshot; identity not globally verified; poi/curated-details.tsv:530	DungeonLocation.TOMBS_OF_AMASCUT	Tombs of Amascut	336.394	no_same_type_snapshot_within_12_tiles
poi_005665	poi_005665	dungeon	2272	4319	0	true	false	unresolved	Sophanem Dungeon	Type: Dungeon interior (underground layer)\nVisible on the dungeon / underground map	Pre-consolidation PoiIndex/PoiDetails snapshot; identity not globally verified; poi/curated-details.tsv:531	DungeonLocation.JORMUNGANDS_PRISON	Jormungand's Prison	362.095	no_same_type_snapshot_within_12_tiles
poi_005666	poi_005666	dungeon	1928	4455	0	true	false	unresolved	Pyramid Plunder	Type: Dungeon interior (underground layer)\nVisible on the dungeon / underground map	Pre-consolidation PoiIndex/PoiDetails snapshot; identity not globally verified; poi/curated-details.tsv:532	DungeonLocation.LUNAR_ISLE	Lunar Isle Mine	553.615	no_same_type_snapshot_within_12_tiles
poi_005667	poi_005667	dungeon	3250	10235	0	true	false	unresolved	Revenant Caves	Requires: 100,000 coins entry fee (Wilderness level 17–40)\nBracelet of ethereum protects against revenant aggression	Pre-consolidation PoiIndex/PoiDetails snapshot; identity not globally verified; poi/curated-details.tsv:533	DungeonLocation.RIVER_KELDA	River Kelda	432.844	no_same_type_snapshot_within_12_tiles
poi_005668	poi_005668	dungeon	3373	10106	0	true	false	unresolved	Wilderness Slayer Cave	Type: Dungeon interior (underground layer)\nVisible on the dungeon / underground map	Pre-consolidation PoiIndex/PoiDetails snapshot; identity not globally verified; poi/curated-details.tsv:534	DungeonLocation.MOTHERLODE_MINE	Motherlode Mine	464.284	no_same_type_snapshot_within_12_tiles
poi_005669	poi_005669	dungeon	3017	10138	0	true	false	unresolved	Wilderness God Wars Dungeon	Requires: 60 Strength or 60 Agility, plus a Rope (Wilderness lvl 28)\nEcumenical key or 40 killcount required for boss rooms	Pre-consolidation PoiIndex/PoiDetails snapshot; identity not globally verified; poi/curated-details.tsv:535	DungeonLocation.RIVER_KELDA	River Kelda	183.848	no_same_type_snapshot_within_12_tiles
poi_005670	poi_005670	dungeon	2525	4705	0	true	false	unresolved	Mage Arena Bank	Requires: Knife or slash weapon to cut webs (Wilderness lvl 51)\nKolodion's Mage Arena and god cape arena\nTeleport lever connects surface and underground bank	Pre-consolidation PoiIndex/PoiDetails snapshot; identity not globally verified; poi/curated-details.tsv:537	DungeonLocation.JORMUNGANDS_PRISON	Jormungand's Prison	695.68	no_same_type_snapshot_within_12_tiles
poi_005671	poi_005671	dungeon	1435	10071	0	true	false	unresolved	Chasm of Fire	Type: Dungeon interior (underground layer)\nVisible on the dungeon / underground map	Pre-consolidation PoiIndex/PoiDetails snapshot; identity not globally verified; poi/curated-details.tsv:538	DungeonLocation.CRABCLAW_CAVES_TUNNEL	Crabclaw Caves Tunnel (quest)	359.356	no_same_type_snapshot_within_12_tiles
poi_005672	poi_005672	dungeon	1775	10130	0	true	false	unresolved	The Warrens	Type: Dungeon interior (underground layer)\nVisible on the dungeon / underground map	Pre-consolidation PoiIndex/PoiDetails snapshot; identity not globally verified; poi/curated-details.tsv:539	DungeonLocation.CRABCLAW_CAVES_TUNNEL	Crabclaw Caves Tunnel (quest)	346.0	no_same_type_snapshot_within_12_tiles
poi_005673	poi_005673	dungeon	1311	10207	0	true	false	unresolved	Karuulm Slayer Dungeon	Requires: Boots of stone/brimstone/granite (or Kourend Elite Diary)\nProtects against burning heat damage on dungeon floors	Pre-consolidation PoiIndex/PoiDetails snapshot; identity not globally verified; poi/curated-details.tsv:540	DungeonLocation.CRABCLAW_CAVES_TUNNEL	Crabclaw Caves Tunnel (quest)	543.368	no_same_type_snapshot_within_12_tiles
poi_005674	poi_005674	dungeon	1580	9880	0	true	false	unresolved	Woodcutting Guild Dungeon	Requires: 60 Woodcutting\nEnts and Woodcutting dungeon below	Pre-consolidation PoiIndex/PoiDetails snapshot; identity not globally verified; poi/curated-details.tsv:541	DungeonLocation.CRABCLAW_CAVES_TUNNEL	Crabclaw Caves Tunnel (quest)	121.165	no_same_type_snapshot_within_12_tiles
poi_005675	poi_005675	dungeon	1309	9404	0	true	false	unresolved	Tonali Cavern	Type: Dungeon interior (underground layer)\nCrypt of Tonali • The Final Dawn, Earthen Nagua, Doom of Mokhaiotl	Pre-consolidation PoiIndex/PoiDetails snapshot; identity not globally verified; poi/curated-details.tsv:544	DungeonLocation.NEYPOTZLI	Neypotzli	236.863	no_same_type_snapshot_within_12_tiles
poi_005676	poi_005676	dungeon	2518	10024	0	true	false	unresolved	Lighthouse Dungeon (Dagannoths)	Type: Dungeon interior (underground layer)\nVisible on the dungeon / underground map	Pre-consolidation PoiIndex/PoiDetails snapshot; identity not globally verified; poi/curated-details.tsv:546	DungeonLocation.WATERBIRTH_SUBLEVELS	Waterbirth Dungeon (sub-levels)	122.025	no_same_type_snapshot_within_12_tiles
poi_005677	poi_005677	dungeon	3344	9130	0	true	false	unresolved	Tombs of Amascut Lobby	Type: Dungeon interior (underground layer)\nVisible on the dungeon / underground map	Pre-consolidation PoiIndex/PoiDetails snapshot; identity not globally verified; poi/curated-details.tsv:547	DungeonLocation.TOMBS_OF_AMASCUT	Tombs of Amascut	110.887	no_same_type_snapshot_within_12_tiles
poi_005678	poi_005678	dungeon	1281	10048	0	true	false	unresolved	Lizardman Temple	Requires: Combat gear (Lizardman Shamans)\nStone chests: lockpicks and Shayzien armour recommended	Pre-consolidation PoiIndex/PoiDetails snapshot; identity not globally verified; poi/curated-details.tsv:548	DungeonLocation.CRABCLAW_CAVES_TUNNEL	Crabclaw Caves Tunnel (quest)	462.173	no_same_type_snapshot_within_12_tiles
poi_005679	poi_005679	dungeon	3509	9848	0	true	false	unresolved	Fenkenstrain's Castle Dungeon	Type: Dungeon interior (underground layer)\nVisible on the dungeon / underground map	Pre-consolidation PoiIndex/PoiDetails snapshot; identity not globally verified; poi/curated-details.tsv:564	DungeonLocation.MOTHERLODE_MINE	Motherlode Mine	457.773	no_same_type_snapshot_within_12_tiles
poi_005680	poi_005680	dungeon	3008	10367	0	true	false	unresolved	Wilderness Agility Dungeon	Type: Dungeon interior (underground layer)\nVisible on the dungeon / underground map	Pre-consolidation PoiIndex/PoiDetails snapshot; identity not globally verified; poi/curated-details.tsv:565	DungeonLocation.RIVER_KELDA	River Kelda	308.146	no_same_type_snapshot_within_12_tiles
poi_005681	poi_005681	dungeon	3649	9820	0	true	false	unresolved	Daeyalt Essence Mine	Type: Dungeon interior (underground layer)\nVisible on the dungeon / underground map	Pre-consolidation PoiIndex/PoiDetails snapshot; identity not globally verified; poi/curated-details.tsv:566	DungeonLocation.MOTHERLODE_MINE	Motherlode Mine	592.652	no_same_type_snapshot_within_12_tiles
poi_005682	poi_005682	dungeon	1280	9983	0	true	false	unresolved	Molch Pearl Caves	Type: Dungeon interior (underground layer)\nVisible on the dungeon / underground map	Pre-consolidation PoiIndex/PoiDetails snapshot; identity not globally verified; poi/curated-details.tsv:567	DungeonLocation.NEYPOTZLI	Neypotzli	412.846	no_same_type_snapshot_within_12_tiles
poi_005683	poi_005683	dungeon	1504	4235	1	true	false	unresolved	Poison Waste Sewer	Type: Dungeon interior (underground layer)\nVisible on the dungeon / underground map	Pre-consolidation PoiIndex/PoiDetails snapshot; identity not globally verified; poi/curated-details.tsv:568				no_same_type_snapshot_within_12_tiles
poi_005684	poi_005684	dungeon	3727	9700	1	true	false	unresolved	Sisterhood Sanctuary	Requires: Priest in Peril (Morytania & Slepe access)\nThe Nightmare of Ashihama boss encounter below	Pre-consolidation PoiIndex/PoiDetails snapshot; identity not globally verified; poi/curated-details.tsv:569				no_same_type_snapshot_within_12_tiles
poi_005685	poi_005685	dungeon	2445	10419	0	true	false	unresolved	Jormungand's Prison	Type: Dungeon interior (underground layer)\nVisible on the dungeon / underground map	Pre-consolidation PoiIndex/PoiDetails snapshot; identity not globally verified; poi/curated-details.tsv:570	DungeonLocation.WATERBIRTH_SUBLEVELS	Waterbirth Dungeon (sub-levels)	293.557	no_same_type_snapshot_within_12_tiles
poi_005686	poi_005686	dungeon	2544	10153	0	true	false	unresolved	Waterbirth Island Dungeon	Requires: Rellekka / Fremennik boat access and combat gear\nBring food, prayer potions, and armour for Dagannoths	Pre-consolidation PoiIndex/PoiDetails snapshot; identity not globally verified; poi/curated-details.tsv:572	DungeonLocation.WATERBIRTH_SUBLEVELS	Waterbirth Dungeon (sub-levels)	10.05	
poi_005687	poi_005687	dungeon	2900	4449	0	true	true	unresolved	Dagannoth Kings Lair	Type: Dungeon interior (underground layer)\nDagannoth Supreme, Prime, Rex boss lair	Pre-consolidation PoiIndex/PoiDetails snapshot; identity not globally verified; poi/curated-details.tsv:573	DungeonLocation.WILDERNESS_AGILITY	Wilderness Agility Course Dungeon	497.003	no_same_type_snapshot_within_12_tiles
poi_005688	poi_005688	dungeon	3007	9550	0	true	false	unresolved	Asgarnian Ice Dungeon	Requires: 51 Thieving (optional shortcut) or long walk\nBring food and armour	Pre-consolidation PoiIndex/PoiDetails snapshot; identity not globally verified; poi/curated-details.tsv:574	DungeonLocation.TZHAAR_CITY	TzHaar City (Mor Ul Rek)	146.659	no_same_type_snapshot_within_12_tiles
poi_005689	poi_005689	dungeon	1860	5230	0	true	false	unresolved	Stronghold of Security	Type: Dungeon interior (underground layer)\nVisible on the dungeon / underground map	Pre-consolidation PoiIndex/PoiDetails snapshot; identity not globally verified; poi/curated-details.tsv:575	DungeonLocation.LUNAR_ISLE	Lunar Isle Mine	1316.342	no_same_type_snapshot_within_12_tiles
poi_005690	poi_005690	dungeon	2867	10190	0	true	false	unresolved	Keldagrim (Dwarven Capital)	Type: Dungeon interior (underground layer)\nVisible on the dungeon / underground map	Pre-consolidation PoiIndex/PoiDetails snapshot; identity not globally verified; poi/curated-details.tsv:576	DungeonLocation.RIVER_KELDA	River Kelda	84.309	no_same_type_snapshot_within_12_tiles
poi_005691	poi_005691	dungeon	2500	10250	0	true	false	unresolved	Miscellania Underground	Type: Dungeon interior (underground layer)\nVisible on the dungeon / underground map	Pre-consolidation PoiIndex/PoiDetails snapshot; identity not globally verified; poi/curated-details.tsv:578	DungeonLocation.WATERBIRTH_SUBLEVELS	Waterbirth Dungeon (sub-levels)	116.078	no_same_type_snapshot_within_12_tiles
poi_005692	poi_005692	dungeon	3044	10324	0	true	false	unresolved	Deep Wilderness Dungeon	Type: Dungeon interior (underground layer)\nVisible on the dungeon / underground map	Pre-consolidation PoiIndex/PoiDetails snapshot; identity not globally verified; poi/curated-details.tsv:579	DungeonLocation.RIVER_KELDA	River Kelda	297.7	no_same_type_snapshot_within_12_tiles
poi_005693	poi_005693	dungeon	1800	9950	0	true	false	unresolved	Forthos Dungeon	Type: Dungeon interior (underground layer)\nVisible on the dungeon / underground map	Pre-consolidation PoiIndex/PoiDetails snapshot; identity not globally verified; poi/curated-details.tsv:580	DungeonLocation.CRABCLAW_CAVES_TUNNEL	Crabclaw Caves Tunnel (quest)	197.841	no_same_type_snapshot_within_12_tiles
poi_005694	poi_005694	dungeon	3660	10250	0	true	false	unresolved	Fossil Island Caverns / Wyvern Cave	Type: Dungeon interior (underground layer)\nVisible on the dungeon / underground map	Pre-consolidation PoiIndex/PoiDetails snapshot; identity not globally verified; poi/curated-details.tsv:584	DungeonLocation.MOTHERLODE_MINE	Motherlode Mine	772.915	no_same_type_snapshot_within_12_tiles
poi_005695	poi_005695	dungeon	3297	9824	0	true	false	unresolved	Tolna's Rift	Type: Dungeon interior (underground layer)\nVisible on the dungeon / underground map	Pre-consolidation PoiIndex/PoiDetails snapshot; identity not globally verified; poi/curated-details.tsv:586	DungeonLocation.MOTHERLODE_MINE	Motherlode Mine	245.447	no_same_type_snapshot_within_12_tiles
poi_005696	poi_005696	dungeon	3149	9747	0	true	false	unresolved	Sourhog Cave	Requires: A Porcine of Interest quest\nSpiny helmet or Slayer helmet required against sourhogs	Pre-consolidation PoiIndex/PoiDetails snapshot; identity not globally verified; poi/curated-details.tsv:587	DungeonLocation.MOTHERLODE_MINE	Motherlode Mine	91.591	no_same_type_snapshot_within_12_tiles
poi_005697	poi_005697	basement	3166	9695	0	true	false	unresolved	Water mill cellar	Type: Dungeon interior (underground layer)\nVisible on the dungeon / underground map	Pre-consolidation PoiIndex/PoiDetails snapshot; identity not globally verified; poi/curated-details.tsv:589				no_same_type_snapshot_within_12_tiles
poi_005698	poi_005698	dungeon	3356	9822	0	true	false	unresolved	Digsite Dungeon	Type: Dungeon interior (underground layer)\nVisible on the dungeon / underground map	Pre-consolidation PoiIndex/PoiDetails snapshot; identity not globally verified; poi/curated-details.tsv:590	DungeonLocation.MOTHERLODE_MINE	Motherlode Mine	302.61	no_same_type_snapshot_within_12_tiles
poi_005699	poi_005699	dungeon	3219	9532	2	true	false	unresolved	Chasm of Tears	Type: Dungeon interior (underground layer)\nVisible on the dungeon / underground map	Pre-consolidation PoiIndex/PoiDetails snapshot; identity not globally verified; poi/curated-details.tsv:591				no_same_type_snapshot_within_12_tiles
poi_005700	poi_005700	dungeon	2412	4434	0	true	false	unresolved	Zanaris	Type: Dungeon interior (underground layer)\nVisible on the dungeon / underground map	Pre-consolidation PoiIndex/PoiDetails snapshot; identity not globally verified; poi/curated-details.tsv:592	DungeonLocation.JORMUNGANDS_PRISON	Jormungand's Prison	425.192	no_same_type_snapshot_within_12_tiles
poi_005701	poi_005701	dungeon	1768	5366	0	true	false	unresolved	Ancient Cavern	Requires: Barbarian Training (Fishing)\nBring heavy boots and a hatchet	Pre-consolidation PoiIndex/PoiDetails snapshot; identity not globally verified; poi/curated-details.tsv:593	DungeonLocation.LUNAR_ISLE	Lunar Isle Mine	1470.106	no_same_type_snapshot_within_12_tiles
poi_005702	poi_005702	dungeon	1760	5180	0	true	false	unresolved	Mole Hole	Requires: Spade to dig into mole hills in Falador Park\nLight source required (Bullseye lantern recommended)	Pre-consolidation PoiIndex/PoiDetails snapshot; identity not globally verified; poi/curated-details.tsv:594	DungeonLocation.LUNAR_ISLE	Lunar Isle Mine	1293.39	no_same_type_snapshot_within_12_tiles
poi_005703	poi_005703	dungeon	3728	5692	0	true	false	unresolved	Motherlode Mine	Type: Dungeon interior (underground layer)\nVisible on the dungeon / underground map	Pre-consolidation PoiIndex/PoiDetails snapshot; identity not globally verified; poi/curated-details.tsv:595	DungeonLocation.UNDERGROUND_PASS_TIRANNWN_PRIF	Underground Pass	478.841	no_same_type_snapshot_within_12_tiles
poi_005704	poi_005704	dungeon	3022	5582	0	true	false	unresolved	Ourania Altar (ZMI)	Type: Dungeon interior (underground layer)\nVisible on the dungeon / underground map	Pre-consolidation PoiIndex/PoiDetails snapshot; identity not globally verified; poi/curated-details.tsv:596	DungeonLocation.IORWERTH_CAMP_CAVE_PRIF	Iorwerth Camp cave	476.894	no_same_type_snapshot_within_12_tiles
poi_005705	poi_005705	dungeon	2946	9907	0	true	false	unresolved	Scrubfoot's Cave	Type: Dungeon interior (underground layer)\nVisible on the dungeon / underground map	Pre-consolidation PoiIndex/PoiDetails snapshot; identity not globally verified; poi/curated-details.tsv:597	DungeonLocation.MOTHERLODE_MINE	Motherlode Mine	182.258	no_same_type_snapshot_within_12_tiles
poi_005706	poi_005706	dungeon	2575	9861	0	true	false	unresolved	Waterfall Dungeon	Type: Dungeon interior (underground layer)\nVisible on the dungeon / underground map	Pre-consolidation PoiIndex/PoiDetails snapshot; identity not globally verified; poi/curated-details.tsv:599	DungeonLocation.WATERBIRTH_SUBLEVELS	Waterbirth Dungeon (sub-levels)	283.591	no_same_type_snapshot_within_12_tiles
poi_005707	poi_005707	dungeon	2080	5024	0	true	false	unresolved	Eagles' Peak Dungeon	Type: Dungeon interior (underground layer)\nVisible on the dungeon / underground map	Pre-consolidation PoiIndex/PoiDetails snapshot; identity not globally verified; poi/curated-details.tsv:600	DungeonLocation.LUNAR_ISLE	Lunar Isle Mine	1081.721	no_same_type_snapshot_within_12_tiles
poi_005708	poi_005708	dungeon	2506	9439	0	true	false	unresolved	Ogre Enclave	Type: Dungeon interior (underground layer)\nVisible on the dungeon / underground map	Pre-consolidation PoiIndex/PoiDetails snapshot; identity not globally verified; poi/curated-details.tsv:603	DungeonLocation.SMOKE_DEVIL_BOSS	Thermonuclear Smoke Devil (boss)	129.653	no_same_type_snapshot_within_12_tiles
poi_005709	poi_005709	dungeon	2443	9451	0	true	false	unresolved	Jiggig Dungeon	Type: Dungeon interior (underground layer)\nVisible on the dungeon / underground map	Pre-consolidation PoiIndex/PoiDetails snapshot; identity not globally verified; poi/curated-details.tsv:604	DungeonLocation.SMOKE_DEVIL_BOSS	Thermonuclear Smoke Devil (boss)	66.008	no_same_type_snapshot_within_12_tiles
poi_005710	poi_005710	dungeon	2525	9294	0	true	false	unresolved	Red Chinchompa Hunting Ground	Type: Dungeon interior (underground layer)\nVisible on the dungeon / underground map	Pre-consolidation PoiIndex/PoiDetails snapshot; identity not globally verified; poi/curated-details.tsv:606	DungeonLocation.SMOKE_DEVIL_BOSS	Thermonuclear Smoke Devil (boss)	216.49	no_same_type_snapshot_within_12_tiles
poi_005711	poi_005711	dungeon	2518	9321	0	true	false	unresolved	Jungle Eagle Lair	Type: Dungeon interior (underground layer)\nVisible on the dungeon / underground map	Pre-consolidation PoiIndex/PoiDetails snapshot; identity not globally verified; poi/curated-details.tsv:607	DungeonLocation.SMOKE_DEVIL_BOSS	Thermonuclear Smoke Devil (boss)	192.463	no_same_type_snapshot_within_12_tiles
poi_005712	poi_005712	dungeon	2562	9424	0	true	false	unresolved	Skavid Caves	Type: Dungeon interior (underground layer)\nVisible on the dungeon / underground map	Pre-consolidation PoiIndex/PoiDetails snapshot; identity not globally verified; poi/curated-details.tsv:608	DungeonLocation.SMOKE_DEVIL_BOSS	Thermonuclear Smoke Devil (boss)	187.107	no_same_type_snapshot_within_12_tiles
poi_005713	poi_005713	dungeon	2964	9731	0	true	true	unresolved	White Knights' Castle Crypt	Type: Dungeon interior (underground layer)\nVisible on the dungeon / underground map	Pre-consolidation PoiIndex/PoiDetails snapshot; identity not globally verified; poi/curated-details.tsv:610	DungeonLocation.MOTHERLODE_MINE_GUILD	Motherlode Mine	91.924	no_same_type_snapshot_within_12_tiles
poi_005714	poi_005714	dungeon	2976	5824	0	true	false	unresolved	Ruins of Camdozaal	Requires: Below Ice Mountain quest completed\nBarronite mace, mining, fishing, and Golem activities below	Pre-consolidation PoiIndex/PoiDetails snapshot; identity not globally verified; poi/curated-details.tsv:612	DungeonLocation.IORWERTH_CAMP_CAVE_PRIF	Iorwerth Camp cave	312.416	no_same_type_snapshot_within_12_tiles
poi_005715	poi_005715	basement	3059	4397	0	true	false	unresolved	Tower of Life Basement	Type: Dungeon interior (underground layer)\nVisible on the dungeon / underground map	Pre-consolidation PoiIndex/PoiDetails snapshot; identity not globally verified; poi/curated-details.tsv:614				no_same_type_snapshot_within_12_tiles
poi_005716	poi_005716	dungeon	2533	9556	0	true	false	unresolved	Tree Gnome Village Dungeon	Type: Dungeon interior (underground layer)\nVisible on the dungeon / underground map	Pre-consolidation PoiIndex/PoiDetails snapshot; identity not globally verified; poi/curated-details.tsv:615	DungeonLocation.SMOKE_DEVIL_BOSS	Thermonuclear Smoke Devil (boss)	187.489	no_same_type_snapshot_within_12_tiles
poi_005717	poi_005717	dungeon	2400	5984	0	true	false	unresolved	Hallowed Sepulchre	Requires: Sins of the Father quest completed\nAgility levels 52–92 (Floors 1–5)\nHallowed marks, Hallowed tools, Ring of endurance	Pre-consolidation PoiIndex/PoiDetails snapshot; identity not globally verified; poi/curated-details.tsv:616	DungeonLocation.IORWERTH_CAMP_CAVE_PRIF	Iorwerth Camp cave	824.546	no_same_type_snapshot_within_12_tiles
poi_005718	poi_005718	dungeon	2752	5344	0	true	false	unresolved	Dorgesh-Kaan	Type: Dungeon interior (underground layer)\nVisible on the dungeon / underground map	Pre-consolidation PoiIndex/PoiDetails snapshot; identity not globally verified; poi/curated-details.tsv:617	DungeonLocation.IORWERTH_CAMP_CAVE_PRIF	Iorwerth Camp cave	819.563	no_same_type_snapshot_within_12_tiles
poi_005719	poi_005719	dungeon	2715	5241	0	true	false	unresolved	Dorgesh-Kaan South Dungeon	Type: Dungeon interior (underground layer)\nVisible on the dungeon / underground map	Pre-consolidation PoiIndex/PoiDetails snapshot; identity not globally verified; poi/curated-details.tsv:618	DungeonLocation.IORWERTH_CAMP_CAVE_PRIF	Iorwerth Camp cave	925.532	no_same_type_snapshot_within_12_tiles
poi_005720	poi_005720	dungeon	3061	4985	1	true	false	unresolved	Rogues' Den	Type: Dungeon interior (underground layer)\nVisible on the dungeon / underground map	Pre-consolidation PoiIndex/PoiDetails snapshot; identity not globally verified; poi/curated-details.tsv:619				no_same_type_snapshot_within_12_tiles
poi_005721	poi_005721	dungeon	3040	4832	0	true	false	unresolved	The Abyss	Type: Dungeon interior (underground layer)\nVisible on the dungeon / underground map	Pre-consolidation PoiIndex/PoiDetails snapshot; identity not globally verified; poi/curated-details.tsv:620	DungeonLocation.WILDERNESS_AGILITY	Wilderness Agility Course Dungeon	869.745	no_same_type_snapshot_within_12_tiles
poi_005722	poi_005722	dungeon	1952	4448	0	true	false	unresolved	Pyramid Plunder	Type: Dungeon interior (underground layer)\nVisible on the dungeon / underground map	Pre-consolidation PoiIndex/PoiDetails snapshot; identity not globally verified; poi/curated-details.tsv:621	DungeonLocation.LUNAR_ISLE	Lunar Isle Mine	538.272	no_same_type_snapshot_within_12_tiles
poi_005723	poi_005723	dungeon	1888	5440	0	true	false	unresolved	Barbarian Assault	Type: Dungeon interior (underground layer)\nVisible on the dungeon / underground map	Pre-consolidation PoiIndex/PoiDetails snapshot; identity not globally verified; poi/curated-details.tsv:622	DungeonLocation.IORWERTH_CAMP_CAVE_PRIF	Iorwerth Camp cave	1454.088	no_same_type_snapshot_within_12_tiles
poi_005724	poi_005724	dungeon	3246	4590	0	true	false	unresolved	Lair of Tarn Razorlor	Type: Dungeon interior (underground layer)\nVisible on the dungeon / underground map	Pre-consolidation PoiIndex/PoiDetails snapshot; identity not globally verified; poi/curated-details.tsv:623	DungeonLocation.SCORPIA_N	Scorpia cave	638.201	no_same_type_snapshot_within_12_tiles
poi_005725	poi_005725	dungeon	2816	6144	0	true	false	unresolved	Prifddinas Grand Library	Type: Dungeon interior (underground layer)\nVisible on the dungeon / underground map	Pre-consolidation PoiIndex/PoiDetails snapshot; identity not globally verified; poi/curated-details.tsv:624	DungeonLocation.GAUNTLET	The Gauntlet	411.953	no_same_type_snapshot_within_12_tiles
poi_005726	poi_005726	dungeon	3487	9510	0	true	false	unresolved	Kalphite Lair	Requires: Rope on the entrance hole (Kalphite Queen lair)\nLight source recommended underground	Pre-consolidation PoiIndex/PoiDetails snapshot; identity not globally verified; poi/curated-details.tsv:625	DungeonLocation.TOMBS_OF_AMASCUT	Tombs of Amascut	299.234	no_same_type_snapshot_within_12_tiles
poi_005727	poi_005727	dungeon	3319	9522	0	true	false	unresolved	Kalphite Cave	Requires: Shantay pass or desert access\nLight source recommended	Pre-consolidation PoiIndex/PoiDetails snapshot; identity not globally verified; poi/curated-details.tsv:626	DungeonLocation.TOMBS_OF_AMASCUT	Tombs of Amascut	284.684	no_same_type_snapshot_within_12_tiles
poi_005728	poi_005728	dungeon	3727	9700	0	true	false	unresolved	Sisterhood Sanctuary	Requires: Priest in Peril (Morytania & Slepe access)\nThe Nightmare of Ashihama boss encounter below	Pre-consolidation PoiIndex/PoiDetails snapshot; identity not globally verified; poi/curated-details.tsv:628	DungeonLocation.TOMBS_OF_AMASCUT	Tombs of Amascut	589.713	no_same_type_snapshot_within_12_tiles
poi_005729	poi_005729	dungeon	3124	10232	0	true	false	unresolved	Revenant Caves	Requires: 100,000 coins entry fee (Wilderness level 17–40)\nBracelet of ethereum protects against revenant aggression	Pre-consolidation PoiIndex/PoiDetails snapshot; identity not globally verified; poi/curated-details.tsv:629	DungeonLocation.RIVER_KELDA	River Kelda	312.923	no_same_type_snapshot_within_12_tiles
poi_005730	poi_005730	dungeon	2411	9461	0	true	false	unresolved	Smoke Devil Dungeon	Requires: Level 93 Slayer, Facemask or Slayer helmet\nProtects against toxic smoke; boss requires Slayer task	Pre-consolidation PoiIndex/PoiDetails snapshot; identity not globally verified; poi/curated-details.tsv:630	DungeonLocation.SMOKE_DEVIL_BOSS	Thermonuclear Smoke Devil (boss)	35.171	no_same_type_snapshot_within_12_tiles
poi_005731	poi_005731	dungeon	2764	9103	0	true	false	unresolved	Ape Atoll Dungeon	Type: Dungeon interior (underground layer)\nVisible on the dungeon / underground map	Pre-consolidation PoiIndex/PoiDetails snapshot; identity not globally verified; poi/curated-details.tsv:631	DungeonLocation.TZHAAR_CITY	TzHaar City (Mor Ul Rek)	479.129	no_same_type_snapshot_within_12_tiles
poi_005732	poi_005732	dungeon	2688	9804	0	true	false	unresolved	Temple of Ikov	Requires: Pendant of Lucien, Light source, Bow and Ice arrows\nTemple of Ikov quest	Pre-consolidation PoiIndex/PoiDetails snapshot; identity not globally verified; poi/curated-details.tsv:634	DungeonLocation.TZHAAR_CITY	TzHaar City (Mor Ul Rek)	290.0	no_same_type_snapshot_within_12_tiles
poi_005733	poi_005733	dungeon	2278	10011	0	true	false	unresolved	Kraken Cove	Requires: Level 87 Slayer\nFishing explosive to disturb Cave kraken (boss requires Slayer task)	Pre-consolidation PoiIndex/PoiDetails snapshot; identity not globally verified; poi/curated-details.tsv:635	DungeonLocation.KRAKEN_BOSS	Kraken (boss)	6.083	
poi_005734	poi_005734	dungeon	2336	9376	0	true	false	unresolved	Observatory Dungeon	Type: Dungeon interior (underground layer)\nVisible on the dungeon / underground map	Pre-consolidation PoiIndex/PoiDetails snapshot; identity not globally verified; poi/curated-details.tsv:641	DungeonLocation.SMOKE_DEVIL_BOSS	Thermonuclear Smoke Devil (boss)	86.354	no_same_type_snapshot_within_12_tiles
poi_005735	poi_005735	dungeon	2533	3573	0	true	true	unresolved	Barbarian Assault Entrance	Type: Dungeon entrance / underground link\nBarbarian Assault lobby entrance	Pre-consolidation PoiIndex/PoiDetails snapshot; identity not globally verified; poi/curated-details.tsv:644	DungeonLocation.ANCIENT_CAVERN	Ancient Cavern	68.622	no_same_type_snapshot_within_12_tiles
poi_005736	poi_005736	dungeon	1419	9988	0	true	false	unresolved	Giants' Den	Requires: Combat gear\nHill giants, Moss giants, Fire giants under Shayzien	Pre-consolidation PoiIndex/PoiDetails snapshot; identity not globally verified; poi/curated-details.tsv:647	DungeonLocation.CRABCLAW_CAVES_TUNNEL	Crabclaw Caves Tunnel (quest)	314.401	no_same_type_snapshot_within_12_tiles
poi_005737	poi_005737	dungeon	3292	10250	0	true	false	unresolved	Callisto's Den	Requires: Wilderness access (lvl 40), Magic / Ranged combat gear\nCallisto boss lair in the Wilderness	Pre-consolidation PoiIndex/PoiDetails snapshot; identity not globally verified; poi/curated-details.tsv:650	DungeonLocation.RIVER_KELDA	River Kelda	477.381	no_same_type_snapshot_within_12_tiles
poi_005738	poi_005738	dungeon	3292	10146	0	true	false	unresolved	Wilderness Slayer Cave	Type: Dungeon interior (underground layer)\nVisible on the dungeon / underground map	Pre-consolidation PoiIndex/PoiDetails snapshot; identity not globally verified; poi/curated-details.tsv:654	DungeonLocation.MOTHERLODE_MINE	Motherlode Mine	447.452	no_same_type_snapshot_within_12_tiles
poi_005739	poi_005739	dungeon	3221	10188	0	true	false	unresolved	Vet'ion's Rest	Requires: Wilderness access (lvl 35), Crush weapon, Salve amulet\nVet'ion boss lair in the Wilderness	Pre-consolidation PoiIndex/PoiDetails snapshot; identity not globally verified; poi/curated-details.tsv:655	DungeonLocation.RIVER_KELDA	River Kelda	393.411	no_same_type_snapshot_within_12_tiles
poi_005740	poi_005740	dungeon	3153	10043	0	true	false	unresolved	Ferox Enclave Dungeon	Type: Dungeon interior (underground layer)\nVisible on the dungeon / underground map	Pre-consolidation PoiIndex/PoiDetails snapshot; identity not globally verified; poi/curated-details.tsv:657	DungeonLocation.MOTHERLODE_MINE	Motherlode Mine	294.41	no_same_type_snapshot_within_12_tiles
poi_005741	poi_005741	dungeon	3115	10077	0	true	true	unresolved	Hunter's End	Type: Dungeon interior (underground layer)\nVisible on the dungeon / underground map	Pre-consolidation PoiIndex/PoiDetails snapshot; identity not globally verified; poi/curated-details.tsv:658	DungeonLocation.RIVER_KELDA	River Kelda	282.179	no_same_type_snapshot_within_12_tiles
poi_005742	poi_005742	dungeon	3184	10145	0	true	false	unresolved	Web Chasm	Type: Dungeon interior (underground layer)\nVisible on the dungeon / underground map	Pre-consolidation PoiIndex/PoiDetails snapshot; identity not globally verified; poi/curated-details.tsv:659	DungeonLocation.RIVER_KELDA	River Kelda	350.557	no_same_type_snapshot_within_12_tiles
poi_005743	poi_005743	dungeon	3284	10208	0	true	false	unresolved	Escape Caves	Requires: Wilderness access (lvl 21-40), Wilderness Slayer / bossing gear\nWilderness escape network connecting boss lairs and deep escape exits	Pre-consolidation PoiIndex/PoiDetails snapshot; identity not globally verified; poi/curated-details.tsv:660	DungeonLocation.RIVER_KELDA	River Kelda	459.148	no_same_type_snapshot_within_12_tiles
poi_005744	poi_005744	dungeon	2141	10344	0	true	false	unresolved	Lunar Isle Mine	Requires: Lunar Diplomacy quest started / Fremennik access, Pickaxe\nLunar ore, gem rocks, and rune essence mine under Lunar Isle	Pre-consolidation PoiIndex/PoiDetails snapshot; identity not globally verified; poi/curated-details.tsv:661	DungeonLocation.KRAKEN_BOSS	Kraken (boss)	354.927	no_same_type_snapshot_within_12_tiles
poi_005745	poi_005745	dungeon	3374	11493	0	true	false	unresolved	Giants' Foundry	Requires: Sleeping Giants quest, Kovac, Moulds and metal bars\nGiants' Foundry minigame: smith colossal weapons for rewards	Pre-consolidation PoiIndex/PoiDetails snapshot; identity not globally verified; poi/curated-details.tsv:662	DungeonLocation.RIVER_KELDA	River Kelda	1482.458	no_same_type_snapshot_within_12_tiles
poi_005746	poi_005746	dungeon	3578	4582	0	true	false	unresolved	Zemouregal's Base	Requires: Defender of Varrock quest, Hartwin / Arrav\nArmoured zombies training and Zemouregal's fortress underneath Silvarea	Pre-consolidation PoiIndex/PoiDetails snapshot; identity not globally verified; poi/curated-details.tsv:663	DungeonLocation.UNDERWATER	Underwater	706.833	no_same_type_snapshot_within_12_tiles
poi_005747	poi_005747	dungeon	2716	9888	0	true	false	unresolved	Elemental Workshop	Type: Dungeon interior (underground layer)\nVisible on the dungeon / underground map	Pre-consolidation PoiIndex/PoiDetails snapshot; identity not globally verified; poi/curated-details.tsv:668	DungeonLocation.RIVER_KELDA	River Kelda	253.647	no_same_type_snapshot_within_12_tiles
poi_005748	poi_005748	dungeon	2557	9844	0	true	false	unresolved	Glarial's Tomb	Type: Dungeon interior (underground layer)\nVisible on the dungeon / underground map	Pre-consolidation PoiIndex/PoiDetails snapshot; identity not globally verified; poi/curated-details.tsv:669	DungeonLocation.WATERBIRTH_SUBLEVELS	Waterbirth Dungeon (sub-levels)	299.241	no_same_type_snapshot_within_12_tiles
poi_005749	poi_005749	dungeon	3164	9652	0	true	false	unresolved	H.A.M. Hideout	Type: Dungeon interior (underground layer)\nVisible on the dungeon / underground map	Pre-consolidation PoiIndex/PoiDetails snapshot; identity not globally verified; poi/curated-details.tsv:671	DungeonLocation.MOTHERLODE_MINE_GUILD	Motherlode Mine	142.636	no_same_type_snapshot_within_12_tiles
poi_005750	poi_005750	dungeon	3484	9721	0	true	false	unresolved	Shade Catacombs	Requires: Shades of Mort'ton quest, Shade keys, Coffin / Oil\nChests, shade remains, and pyre burning rewards under Mort'ton	Pre-consolidation PoiIndex/PoiDetails snapshot; identity not globally verified; poi/curated-details.tsv:673	DungeonLocation.MOTHERLODE_MINE	Motherlode Mine	427.17	no_same_type_snapshot_within_12_tiles
poi_005751	poi_005751	basement	2508	10044	0	true	true	unresolved	Lighthouse basement	Requires: Horror from the Deep quest, Light source\nDagannoth training cave	Pre-consolidation PoiIndex/PoiDetails snapshot; identity not globally verified; poi/curated-details.tsv:674				no_same_type_snapshot_within_12_tiles
poi_005752	poi_005752	dungeon	3309	9362	0	true	false	unresolved	Smoke Dungeon	Requires: Facemask or Slayer helmet (smoke damage)\nBring a rope and light source	Pre-consolidation PoiIndex/PoiDetails snapshot; identity not globally verified; poi/curated-details.tsv:675	DungeonLocation.TOMBS_OF_AMASCUT	Tombs of Amascut	131.472	no_same_type_snapshot_within_12_tiles
poi_005753	poi_005753	dungeon	2808	9594	0	true	true	unresolved	Brimhaven Agility Arena	Type: Dungeon interior (underground layer)\nVisible on the dungeon / underground map	Pre-consolidation PoiIndex/PoiDetails snapshot; identity not globally verified; poi/curated-details.tsv:676	DungeonLocation.TZHAAR_CITY	TzHaar City (Mor Ul Rek)	58.31	no_same_type_snapshot_within_12_tiles
poi_005754	poi_005754	dungeon	3815	10208	0	true	true	unresolved	Volcanic Mine	Requires: Bone Voyage quest, 150 Museum Kudos, 50 Mining\nUnfiltered Fossil Island minigame access	Pre-consolidation PoiIndex/PoiDetails snapshot; identity not globally verified; poi/curated-details.tsv:677	DungeonLocation.MOTHERLODE_MINE	Motherlode Mine	876.739	no_same_type_snapshot_within_12_tiles
poi_005755	poi_005755	dungeon	3745	10179	0	true	true	unresolved	Wyvern Cave	Type: Dungeon interior (underground layer)\nVisible on the dungeon / underground map	Pre-consolidation PoiIndex/PoiDetails snapshot; identity not globally verified; poi/curated-details.tsv:678	DungeonLocation.MOTHERLODE_MINE	Motherlode Mine	801.761	no_same_type_snapshot_within_12_tiles
poi_005756	poi_005756	dungeon	3677	10254	0	true	true	unresolved	Wyvern Cave (task only)	Type: Dungeon interior (underground layer)\nVisible on the dungeon / underground map	Pre-consolidation PoiIndex/PoiDetails snapshot; identity not globally verified; poi/curated-details.tsv:679	DungeonLocation.MOTHERLODE_MINE	Motherlode Mine	788.685	no_same_type_snapshot_within_12_tiles
poi_005757	poi_005757	dungeon	2520	9920	0	true	true	unresolved	Waterbirth Dungeon	Requires: Rellekka / Fremennik boat access and combat gear\nBring food, prayer potions, and armour for Dagannoths	Pre-consolidation PoiIndex/PoiDetails snapshot; identity not globally verified; poi/curated-details.tsv:680	DungeonLocation.WATERBIRTH_SUBLEVELS	Waterbirth Dungeon (sub-levels)	224.397	no_same_type_snapshot_within_12_tiles
poi_005758	poi_005758	dungeon	2860	3170	0	true	true	unresolved	TzHaar City (Mor Ul Rek)	Type: Dungeon entrance / underground link\nSurface entrance under Karamja Volcano	Pre-consolidation PoiIndex/PoiDetails snapshot; identity not globally verified; poi/curated-details.tsv:681	DungeonLocation.KARAMJA_VOLCANO	Karamja Dungeon	5.385	
poi_005759	poi_005759	agility_training	2712	5247	0	true	true	unresolved	Dorgesh-Kaan Agility Course (Level 70)	Level requirement: Level 70 Agility, 70 Ranged\nLap XP: ~2,750 XP per power station route\nActivity: Obstacle Course • Requires Mith grapple & Crossbow	Pre-consolidation PoiIndex/PoiDetails snapshot; identity not globally verified; poi/curated-details.tsv:690	AgilityCourseLocation.PRIFDDINAS_AGILITY_COURSE	Prifddinas Agility Course	1017.706	no_same_type_snapshot_within_12_tiles
poi_005760	poi_005760	agility_training	3655	3386	0	true	true	unresolved	Hallowed Sepulchre (Level 52–92)	Level requirement: Level 52–92 Agility (Floors 1–5)\nActivity: Agility Minigame / Obstacle Crypt\nRewards: Hallowed Marks, Ring of endurance, Dark dye\nRequirements: Sins of the Father quest completed	Pre-consolidation PoiIndex/PoiDetails snapshot; identity not globally verified; poi/curated-details.tsv:694	AgilityCourseLocation.WEREWOLF_AGILITY_COURSE	Werewolf Agility Course	136.741	no_same_type_snapshot_within_12_tiles
poi_005761	poi_005761	agility_short-cut	3107	3367	0	true	true	unresolved	Draynor Manor Stepping Stones (Level 31)	Level requirement: Level 31 Agility\nConnects: River Lum crossing north-west of Lumbridge to Draynor Manor\nFast route between Champions' Guild / Lumbridge and Draynor	Pre-consolidation PoiIndex/PoiDetails snapshot; identity not globally verified; poi/curated-details.tsv:784				no_same_type_snapshot_within_12_tiles
poi_005762	poi_005762	agility_short-cut	3236	3295	0	true	true	unresolved	Lumbridge Cow Field Fence (Level 13)	Level requirement: Level 13 Agility\nConnects: Lumbridge north cow pen to Varrock south road\nQuick hop over the wooden fence	Pre-consolidation PoiIndex/PoiDetails snapshot; identity not globally verified; poi/curated-details.tsv:785				no_same_type_snapshot_within_12_tiles
poi_005763	poi_005763	agility_short-cut	2871	3007	0	true	true	unresolved	Shilo Village North-East Rocks (Level 79)	Level requirement: Level 79 Agility\nConnects: Shilo Village gem mine directly to eastern jungle\nHigh-level shortcut for quick entry to Shilo Village	Pre-consolidation PoiIndex/PoiDetails snapshot; identity not globally verified; poi/curated-details.tsv:790				no_same_type_snapshot_within_12_tiles
poi_005764	poi_005764	hunter_training	2550	2930	0	true	true	unresolved	Feldip Hills - Tropical Wagtails (Level 19)	Target: Tropical wagtail (feathers for strikes)\nLevel requirement: Level 19 Hunter\nCatch method: Bird snare\nRegion: Feldip Hills	Pre-consolidation PoiIndex/PoiDetails snapshot; identity not globally verified; poi/curated-details.tsv:794	HunterAreaLocation.FELDIP_HUNTER_AREA	Crimson swift (1)<br>Feldip Weasel (7)<br>Tropical wagtail (19)<br>Spined larupia (31)<br>Barb-tailed kebbit (33)<br>Black warlock (45)<br>Carnivorous chinchompa (63)	19.313	no_same_type_snapshot_within_12_tiles
poi_005765	poi_005765	hunter_training	2560	2890	0	true	true	unresolved	Feldip Hills - Spined Larupias (Level 31)	Target: Spined larupia (Larupia fur / hunter outfit)\nLevel requirement: Level 31 Hunter\nCatch method: Pitfall trap (Logs & Teasing stick)\nRegion: Feldip Hills	Pre-consolidation PoiIndex/PoiDetails snapshot; identity not globally verified; poi/curated-details.tsv:795	HunterAreaLocation.FELDIP_HUNTER_AREA	Crimson swift (1)<br>Feldip Weasel (7)<br>Tropical wagtail (19)<br>Spined larupia (31)<br>Barb-tailed kebbit (33)<br>Black warlock (45)<br>Carnivorous chinchompa (63)	22.204	no_same_type_snapshot_within_12_tiles
poi_005766	poi_005766	hunter_training	2540	2875	0	true	true	unresolved	Feldip Hills - Barb-tailed Kebbits (Level 33)	Target: Barb-tailed kebbit (Barb-tailed harpoon)\nLevel requirement: Level 33 Hunter\nCatch method: Deadfall trap (Logs & Knife)\nRegion: Feldip Hills	Pre-consolidation PoiIndex/PoiDetails snapshot; identity not globally verified; poi/curated-details.tsv:796	HunterAreaLocation.FELDIP_HUNTER_AREA	Crimson swift (1)<br>Feldip Weasel (7)<br>Tropical wagtail (19)<br>Spined larupia (31)<br>Barb-tailed kebbit (33)<br>Black warlock (45)<br>Carnivorous chinchompa (63)	40.719	no_same_type_snapshot_within_12_tiles
poi_005767	poi_005767	hunter_training	2568	2938	0	true	true	unresolved	Feldip Hills - Black Warlocks (Level 45)	Target: Black warlock butterfly (Strength boost)\nLevel requirement: Level 45 Hunter\nCatch method: Butterfly net & Butterfly jar\nRegion: Feldip Hills	Pre-consolidation PoiIndex/PoiDetails snapshot; identity not globally verified; poi/curated-details.tsv:797	HunterAreaLocation.FELDIP_HUNTER_AREA	Crimson swift (1)<br>Feldip Weasel (7)<br>Tropical wagtail (19)<br>Spined larupia (31)<br>Barb-tailed kebbit (33)<br>Black warlock (45)<br>Carnivorous chinchompa (63)	28.231	no_same_type_snapshot_within_12_tiles
poi_005768	poi_005768	hunter_training	2590	2885	0	true	true	unresolved	Feldip Hills - Crimson Swifts (Level 1)	Target: Crimson swift (Red feathers)\nLevel requirement: Level 1 Hunter\nCatch method: Bird snare\nRegion: Feldip Hills	Pre-consolidation PoiIndex/PoiDetails snapshot; identity not globally verified; poi/curated-details.tsv:798	HunterAreaLocation.FELDIP_HUNTER_AREA	Crimson swift (1)<br>Feldip Weasel (7)<br>Tropical wagtail (19)<br>Spined larupia (31)<br>Barb-tailed kebbit (33)<br>Black warlock (45)<br>Carnivorous chinchompa (63)	42.638	no_same_type_snapshot_within_12_tiles
poi_005769	poi_005769	hunter_training	2350	3620	0	true	true	unresolved	Piscatoris - Prickly Kebbits (Level 37)	Target: Prickly kebbit (Kebbit spikes for bolt tips)\nLevel requirement: Level 37 Hunter\nCatch method: Deadfall trap (Logs & Knife)\nRegion: Piscatoris Hunter Area	Pre-consolidation PoiIndex/PoiDetails snapshot; identity not globally verified; poi/curated-details.tsv:802	HunterAreaLocation.FALCONRY	Spotted kebbit (43)<br>Dark kebbit (57)<br>Dashing kebbit (69)	35.805	no_same_type_snapshot_within_12_tiles
poi_005770	poi_005770	hunter_training	2340	3635	0	true	true	unresolved	Piscatoris - Ferrets (Level 27)	Target: Ferret (used to flush rabbits / Eagles' Peak)\nLevel requirement: Level 27 Hunter\nCatch method: Box trap\nRegion: Piscatoris Hunter Area	Pre-consolidation PoiIndex/PoiDetails snapshot; identity not globally verified; poi/curated-details.tsv:803	HunterAreaLocation.PISCATORIS_HUNTER_AREA	Common kebbit (3)<br>Copper longtail (9)<br>Ruby harvest (15)<br>Wild kebbit (23)<br>Ferret (27)<br>White rabbit (27)<br>Prickly kebbit (37)<br>Razor-backed kebbit (49)<br>Chinchompa (53)	51.245	no_same_type_snapshot_within_12_tiles
poi_005771	poi_005771	hunter_training	2345	3590	0	true	true	unresolved	Piscatoris - Copper Longtails (Level 9)	Target: Copper longtail (Copper feathers)\nLevel requirement: Level 9 Hunter\nCatch method: Bird snare\nRegion: Piscatoris Hunter Area	Pre-consolidation PoiIndex/PoiDetails snapshot; identity not globally verified; poi/curated-details.tsv:804	HunterAreaLocation.PISCATORIS_HUNTER_AREA	Common kebbit (3)<br>Copper longtail (9)<br>Ruby harvest (15)<br>Wild kebbit (23)<br>Ferret (27)<br>White rabbit (27)<br>Prickly kebbit (37)<br>Razor-backed kebbit (49)<br>Chinchompa (53)	11.662	
poi_005772	poi_005772	hunter_training	2330	3500	0	true	true	unresolved	Eagle's Peak - Ferrets & Kebbits (Level 27)	Target: Ferret (Requires completion of Eagles' Peak)\nLevel requirement: Level 27 Hunter\nCatch method: Box trap / Deadfall\nRegion: Kandarin (Eagle's Peak)	Pre-consolidation PoiIndex/PoiDetails snapshot; identity not globally verified; poi/curated-details.tsv:805; claim corrected 2026-10-08: https://oldschool.runescape.wiki/w/Eagles_Mountain	HunterAreaLocation.PISCATORIS_HUNTER_AREA	Common kebbit (3)<br>Copper longtail (9)<br>Ruby harvest (15)<br>Wild kebbit (23)<br>Ferret (27)<br>White rabbit (27)<br>Prickly kebbit (37)<br>Razor-backed kebbit (49)<br>Chinchompa (53)	84.149	no_same_type_snapshot_within_12_tiles
poi_005773	poi_005773	hunter_training	2725	3770	0	true	true	unresolved	Rellekka - Sabre-toothed Kyatts (Level 55)	Target: Sabre-toothed kyatt (Kyatt fur / teleport pouch)\nLevel requirement: Level 55 Hunter\nCatch method: Pitfall trap (Logs & Teasing stick)\nRegion: Fremennik Province	Pre-consolidation PoiIndex/PoiDetails snapshot; identity not globally verified; poi/curated-details.tsv:809	HunterAreaLocation.RELLEKA_HUNTER_AREA	Polar kebbit (1)<br>Cerulean twitch (11)<br>Sapphire glacialis (25)<br>Snowy knight (35)<br>Sabre-toothed kebbit (51)<br>Sabre-toothed kyatt (55)	11.662	
poi_005774	poi_005774	hunter_training	2725	3765	0	true	true	unresolved	Rellekka - Cerulean Twitches (Level 11)	Target: Cerulean twitch (Twitcher feathers)\nLevel requirement: Level 11 Hunter\nCatch method: Bird snare\nRegion: Fremennik Province	Pre-consolidation PoiIndex/PoiDetails snapshot; identity not globally verified; poi/curated-details.tsv:810	HunterAreaLocation.RELLEKA_HUNTER_AREA	Polar kebbit (1)<br>Cerulean twitch (11)<br>Sapphire glacialis (25)<br>Snowy knight (35)<br>Sabre-toothed kebbit (51)<br>Sabre-toothed kyatt (55)	16.155	no_same_type_snapshot_within_12_tiles
poi_005775	poi_005775	hunter_training	3410	3060	0	true	true	unresolved	Uzer - Desert Lizards (Level 22)	Target: Desert lizard / Small lizard\nLevel requirement: Level 22 Hunter\nCatch method: Box trap + Ice coolers (slayer item)\nRegion: Kharidian Desert (Uzer • Waterskins needed)	Pre-consolidation PoiIndex/PoiDetails snapshot; identity not globally verified; poi/curated-details.tsv:814	HunterAreaLocation.UZER_HUNTER_AREA	Golden warbler (5)<br>Desert devil (13)<br>Orange salamander (47)	44.911	no_same_type_snapshot_within_12_tiles
poi_005776	poi_005776	hunter_training	1557	3045	0	true	true	unresolved	Hunter's Guild (Level 46–91)	Activity: Hunter Rumours & Guild tasks (Guildmaster Guilden)\nLevel requirement: Level 46+ Hunter (Novice 46, Adept 65, Expert 72, Master 91)\nRewards: Quetzal whistle, Meat pouch, Hunter gear, Huntsman's kit\nRegion: Varlamore (Avium Savannah • Children of the Sun)	Pre-consolidation PoiIndex/PoiDetails snapshot; identity not globally verified; poi/curated-details.tsv:828	HunterAreaLocation.HUNTER_GUILD_SOUTHEAST	Sunlight Moth (65)	30.806	no_same_type_snapshot_within_12_tiles
poi_005777	poi_005777	hunter_training	1696	2984	0	true	true	unresolved	Varlamore - Sunlight Antelopes (Level 72)	Target: Sunlight antelope (Sunlight antelope horn, fur, meat)\nLevel requirement: Level 72 Hunter\nCatch method: Pitfall trap (Logs & Teasing stick)\nRegion: Varlamore (Avium Savannah)	Pre-consolidation PoiIndex/PoiDetails snapshot; identity not globally verified; poi/curated-details.tsv:829	HunterAreaLocation.LOCUS_OASIS	Embertailed Jerboa (39)	30.232	no_same_type_snapshot_within_12_tiles
poi_005778	poi_005778	hunter_training	1560	2920	0	true	true	unresolved	Varlamore - Moonlight Antelopes (Level 91)	Target: Moonlight antelope (Moonlight antelope horn, fur, meat)\nLevel requirement: Level 91 Hunter\nCatch method: Pitfall trap (Logs & Teasing stick)\nRegion: Varlamore (Avium Savannah / Hunters' Guild South)	Pre-consolidation PoiIndex/PoiDetails snapshot; identity not globally verified; poi/curated-details.tsv:830	HunterAreaLocation.AVIUM_SAVANNAH	Pyre Fox (57)	96.835	no_same_type_snapshot_within_12_tiles
poi_005779	poi_005779	hunter_training	1720	2980	0	true	true	unresolved	Varlamore - Sunlight Moths (Level 65)	Target: Sunlight moth (Restores reduced stats excluding Prayer and heals 8 Hitpoints)\nLevel requirement: Level 65 Hunter\nCatch method: Butterfly net & Butterfly jar (or barehanded at 75)\nRegion: Varlamore (Avium Savannah)	Pre-consolidation PoiIndex/PoiDetails snapshot; identity not globally verified; poi/curated-details.tsv:831; claim corrected 2026-10-08: https://oldschool.runescape.wiki/w/Sunlight_moth	HunterAreaLocation.AVIUM_SAVANNAH_EAST	Sunlight Antelope (72)	37.537	no_same_type_snapshot_within_12_tiles
poi_005780	poi_005780	hunter_training	1535	3065	0	true	true	unresolved	Varlamore - Moonlight Moths (Level 75)	Target: Moonlight moth (Restores 22 Prayer points)\nLevel requirement: Level 75 Hunter\nCatch method: Butterfly net & Butterfly jar (or barehanded at 85)\nRegion: Varlamore (Hunter's Guild / Aldarin)\nSharing: Multicombat area; recipients must have Accept Aid enabled	Pre-consolidation PoiIndex/PoiDetails snapshot; identity not globally verified; poi/curated-details.tsv:832; claim corrected 2026-10-08: https://oldschool.runescape.wiki/w/Moonlight%20moth%20%28item%29	HunterAreaLocation.HUNTER_GUILD_WEST	Embertailed Jerboa (39)	26.907	no_same_type_snapshot_within_12_tiles
poi_005781	poi_005781	hunter_training	1680	2925	0	true	true	unresolved	Varlamore - Embertailed Jerboas (Level 39)	Target: Embertailed jerboa (Jerboa tail for Hunter whistle crafting)\nLevel requirement: Level 39 Hunter\nCatch method: Box trap\nRegion: Varlamore (Avium Savannah)	Pre-consolidation PoiIndex/PoiDetails snapshot; identity not globally verified; poi/curated-details.tsv:833	HunterAreaLocation.LOCUS_OASIS	Embertailed Jerboa (39)	76.531	no_same_type_snapshot_within_12_tiles
poi_005782	poi_005782	hunter_training	1475	3090	0	true	true	unresolved	Varlamore - Tecu Salamanders (Level 79)	Target: Tecu salamander (Highest tier salamander)\nLevel requirement: Level 79 Hunter\nCatch method: Net trap (Ropes & Small fishing nets on young trees)\nRegion: Varlamore (Ralos' Rise / Cam Torum surface)	Pre-consolidation PoiIndex/PoiDetails snapshot; identity not globally verified; poi/curated-details.tsv:834	HunterAreaLocation.RALOS_RISE	Tecu Salamander (79)	6.0	
poi_005783	poi_005783	hunter_training	2220	2870	0	true	true	unresolved	Isle of Souls - Grey Chinchompas (Level 53)	Target: Grey chinchompa\nLevel requirement: Level 53 Hunter\nCatch method: Box trap\nRegion: Isle of Souls (South-west)	Pre-consolidation PoiIndex/PoiDetails snapshot; identity not globally verified; poi/curated-details.tsv:835; claim corrected 2026-10-08: https://oldschool.runescape.wiki/w/Chinchompa_%28race%29, https://github.com/runelite/runelite/blob/42a6f17a6a2e8e478aa763890ecd0181a59dad38/runelite-client/src/main/java/net/runelite/client/plugins/worldmap/HunterAreaLocation.java	HunterAreaLocation.ISLE_OF_SOULS_SOUTH_WEST	Crimson swift (1)	78.409	no_same_type_snapshot_within_12_tiles
poi_005785	poi_005785	hunter_training	2190	2880	0	true	true	unresolved	Isle of Souls - Crimson Swifts (Level 1)	Target: Crimson swift (Red feathers)\nLevel requirement: Level 1 Hunter\nCatch method: Bird snare\nRegion: Isle of Souls (West coast)	Pre-consolidation PoiIndex/PoiDetails snapshot; identity not globally verified; poi/curated-details.tsv:837	HunterAreaLocation.ISLE_OF_SOULS_SOUTH_WEST	Crimson swift (1)	66.242	no_same_type_snapshot_within_12_tiles
poi_005786	poi_005786	hunter_training	2592	4320	0	true	true	unresolved	Puro-Puro - Impling Catching (Level 17–90+)	Target: Implings (Baby, Eclectic, Nature, Magpie, Ninja, Dragon, Lucky)\nLevel requirement: Level 17–90+ Hunter\nCatch method: Butterfly net & Impling jars\nRegion: Zanaris / Puro-Puro (Crop circles)	Pre-consolidation PoiIndex/PoiDetails snapshot; identity not globally verified; poi/curated-details.tsv:838	HunterAreaLocation.RELLEKA_HUNTER_AREA	Polar kebbit (1)<br>Cerulean twitch (11)<br>Sapphire glacialis (25)<br>Snowy knight (35)<br>Sabre-toothed kebbit (51)<br>Sabre-toothed kyatt (55)	554.733	no_same_type_snapshot_within_12_tiles
poi_005787	poi_005787	hunter_training	3270	6080	0	true	true	unresolved	Prifddinas - Crystal Implings & Chinchompas (Level 63–80)	Target: Crystal implings (80), Chinchompas (63)\nLevel requirement: Level 63+ Hunter (Crystal Implings: Level 80 Hunter)\nCatch method: Box trap & Butterfly net / jars\nRegion: Tirannwn (Prifddinas • Song of the Elves)	Pre-consolidation PoiIndex/PoiDetails snapshot; identity not globally verified; poi/curated-details.tsv:839	HunterAreaLocation.GWENITH_HUNTER_AREA_INSIDE	Carnivorous chinchompa (63)	83.241	no_same_type_snapshot_within_12_tiles
poi_005788	poi_005788	hunter_training	3177	2455	0	true	true	unresolved	The Great Conch - Black Warlocks (Level 45)	Target: Black warlock butterfly (Strength boost)\nLevel requirement: Level 45 Hunter\nCatch method: Butterfly net & Butterfly jar\nRegion: The Great Conch (Sacred Grove East)	Pre-consolidation PoiIndex/PoiDetails snapshot; identity not globally verified; poi/curated-details.tsv:842	HunterAreaLocation.NECROPOLIS	Orange salamander (47)	303.842	no_same_type_snapshot_within_12_tiles
poi_005789	poi_005789	hunter_training	3213	2516	0	true	true	unresolved	The Great Conch - Blue Crabs (North coast) (Level 48)	Target: Blue crab (cook, or break down for Herblore)\nLevel requirement: Level 48 Hunter (10 Construction to build traps)\nCatch method: Hinged-lid crab trap baited with fish offcuts\nRegion: The Great Conch (north coast, 21 spawns)	Pre-consolidation PoiIndex/PoiDetails snapshot; identity not globally verified; poi/curated-details.tsv:844	HunterAreaLocation.NECROPOLIS	Orange salamander (47)	234.335	no_same_type_snapshot_within_12_tiles
poi_005790	poi_005790	hunter_training	3251	2434	0	true	true	unresolved	The Great Conch - Blue Crabs (East coast) (Level 48)	Target: Blue crab (cook, or break down for Herblore)\nLevel requirement: Level 48 Hunter (10 Construction to build traps)\nCatch method: Hinged-lid crab trap baited with fish offcuts\nRegion: The Great Conch (east coast, 16 spawns)	Pre-consolidation PoiIndex/PoiDetails snapshot; identity not globally verified; poi/curated-details.tsv:845	HunterAreaLocation.NECROPOLIS	Orange salamander (47)	306.889	no_same_type_snapshot_within_12_tiles
poi_005791	poi_005791	hunter_training	3061	2639	0	true	true	unresolved	Dognose Island - Hunter Area	Target: Sailing-island hunter creatures\nLevel requirement: Check Hunter skill guide for creature levels\nCatch method: Traps, snares, or tracking\nRegion: Turtle Belt (Dognose Island)	Pre-consolidation PoiIndex/PoiDetails snapshot; identity not globally verified; poi/curated-details.tsv:846	HunterAreaLocation.NECROPOLIS	Orange salamander (47)	245.308	no_same_type_snapshot_within_12_tiles
poi_005792	poi_005792	hunter_training	1892	3429	0	true	true	unresolved	Chinchompa Island - Red Chinchompas (Level 63)	Target: Carnivorous chinchompa (Red chinchompa)\nLevel requirement: Level 63 Hunter\nCatch method: Box trap\nRegion: Chinchompa Island (Sailing)	Pre-consolidation PoiIndex/PoiDetails snapshot; identity not globally verified; poi/curated-details.tsv:847	HunterAreaLocation.KOUREND_WOODLAND_SOUTH	Copper longtail (9)	336.073	no_same_type_snapshot_within_12_tiles
poi_005793	poi_005793	hunter_training	3069	2986	0	true	true	unresolved	The Pandemonium - Red Crabs (Level 21)	Target: Red crab (cook, or break down for Herblore)\nLevel requirement: Level 21 Hunter (10 Construction to build traps)\nCatch method: Hinged-lid crab trap baited with fish offcuts\nRegion: The Pandemonium (Sailing)	Pre-consolidation PoiIndex/PoiDetails snapshot; identity not globally verified; poi/curated-details.tsv:848	HunterAreaLocation.KARAMJA_HUNTER_AREA	Horned graahk (41)	283.397	no_same_type_snapshot_within_12_tiles
poi_005794	poi_005794	hunter_training	1765	2659	0	true	true	unresolved	The Crown Jewel - Rainbow Crabs (Level 77)	Target: Rainbow crab (cook, or break down for Herblore)\nLevel requirement: Level 77 Hunter (10 Construction to build traps)\nCatch method: Hinged-lid crab trap baited with fine fish offcuts\nRegion: The Crown Jewel (Sailing)	Pre-consolidation PoiIndex/PoiDetails snapshot; identity not globally verified; poi/curated-details.tsv:849	HunterAreaLocation.AVIUM_SAVANNAH_EAST	Sunlight Antelope (72)	349.573	no_same_type_snapshot_within_12_tiles
poi_005795	poi_005795	dungeon	2580	8613	0	true	false	unresolved	Wyrmscraig Cavern	Type: Underground cavern\nAccess: Partial completion of Fallen From Grace\nRegion: Wyrmscraig (Sailing)	Pre-consolidation PoiIndex/PoiDetails snapshot; identity not globally verified; poi/curated-details.tsv:858	DungeonLocation.SMOKE_DEVIL_BOSS	Thermonuclear Smoke Devil (boss)	863.209	no_same_type_snapshot_within_12_tiles
poi_005796	poi_005796	mining_site	3069	2987	0	true	true	unresolved	The Pandemonium - Mining Site	Ores available: Copper (1), Tin (1), Iron (15), Lead (25)\nTool needed: Pickaxe (Bronze to Crystal)\nRegion: The Pandemonium (Sailing)	Pre-consolidation PoiIndex/PoiDetails snapshot; identity not globally verified; poi/curated-details.tsv:859	MiningSiteLocation.BANDIT_CAMP_QUARRY	2 Clay<br>2 Coal<br>36 Sandstone<br>34 Granite	126.606	no_same_type_snapshot_within_12_tiles
poi_005797	poi_005797	mining_site	1923	2759	0	true	true	unresolved	Deepfin Point - Mining Site	Ores available: Lead (25), Nickel (74)\nTool needed: Pickaxe (Bronze to Crystal)\nRegion: Deepfin Point (Sailing)	Pre-consolidation PoiIndex/PoiDetails snapshot; identity not globally verified; poi/curated-details.tsv:861	MiningSiteLocation.DEEPFIN_POINT_WEST	5 Silver<br>7 Lead<br>6 Gold<br>7 Nickel	32.28	no_same_type_snapshot_within_12_tiles
poi_005798	poi_005798	mining_site	2222	3467	0	true	true	unresolved	Ynysdail - Mining Site	Ores: Iron (15), Mithril (55), Adamant (70), Nickel (74), Runite (85)\nTool needed: Pickaxe (Bronze to Crystal)\nRegion: Ynysdail (Sailing)	Pre-consolidation PoiIndex/PoiDetails snapshot; identity not globally verified; poi/curated-details.tsv:862	MiningSiteLocation.YNYSDAIL	4 Iron<br>3 Nickel	9.22	
poi_005799	poi_005799	mining_site	2927	4057	0	true	true	unresolved	Grimstone - Mining Site	Ores available: Coal (30), Adamantite (70), Nickel (74), Runite (85)\nTool needed: Pickaxe (Bronze to Crystal)\nRegion: Grimstone (Sailing)	Pre-consolidation PoiIndex/PoiDetails snapshot; identity not globally verified; poi/curated-details.tsv:863	MiningSiteLocation.GRIMSTONE_SOUTH	2 Coal<br>4 Nickel	18.682	no_same_type_snapshot_within_12_tiles
poi_005800	poi_005800	mining_site	2189	2328	0	true	true	unresolved	Sunbleak Island - Mining Site	Ores available: Coal (30), Mithril (55), Adamantite (70)\nTool needed: Pickaxe (Bronze to Crystal)\nRegion: Sunbleak Island (Sailing)	Pre-consolidation PoiIndex/PoiDetails snapshot; identity not globally verified; poi/curated-details.tsv:864	MiningSiteLocation.WYRMSCRAIG_WEST	13 Sunstone<br>5 Iron<br>8 Coal	417.594	no_same_type_snapshot_within_12_tiles
poi_005801	poi_005801	mining_site	1872	2986	0	true	true	unresolved	Vatrachos Island - Mining Site	Ores available: Clay (1), Copper (1), Tin (1), Iron (15), Mithril (55)\nTool needed: Pickaxe (Bronze to Crystal)\nRegion: Vatrachos Island (Sailing)	Pre-consolidation PoiIndex/PoiDetails snapshot; identity not globally verified; poi/curated-details.tsv:865	MiningSiteLocation.VATRACHOS_NORTH	2 Clay<br>2 Silver<br>2 Gold<br>1 Mithril	19.026	no_same_type_snapshot_within_12_tiles
poi_005802	poi_005802	rare_trees	2191	2327	0	true	true	unresolved	Sunbleak Island - Ironwood trees (Level 80)	Trees: Ironwood tree (High-tier shipbuilding timber)\nLevel requirement: Level 80 Woodcutting\nTool needed: Axe (Bronze to Crystal)\nRegion: Sunbleak Island (Sailing)	Pre-consolidation PoiIndex/PoiDetails snapshot; identity not globally verified; poi/curated-details.tsv:866	RareTreeLocation.IRONWOOD	Ironwood tree - Level 80	15.232	no_same_type_snapshot_within_12_tiles
poi_005803	poi_005803	rare_trees	1925	2758	0	true	true	unresolved	Deepfin Point - Rare Trees (Level 15–60)	Trees: Oak (15), Yew (60)\nLevel requirement: Level 15 / 60 Woodcutting\nTool needed: Axe (Bronze to Crystal)\nRegion: Deepfin Point (Sailing)	Pre-consolidation PoiIndex/PoiDetails snapshot; identity not globally verified; poi/curated-details.tsv:872	RareTreeLocation.YEW	Yew tree - Level 60	37.537	no_same_type_snapshot_within_12_tiles
poi_005804	poi_005804	rare_trees	1204	2733	0	true	true	unresolved	Laguna Aurorae - Yew trees (Level 60)	Trees: Yew tree\nLevel requirement: Level 60 Woodcutting\nTool needed: Axe (Bronze to Crystal)\nRegion: Laguna Aurorae (Sailing)	Pre-consolidation PoiIndex/PoiDetails snapshot; identity not globally verified; poi/curated-details.tsv:873	RareTreeLocation.YEW	Yew tree - Level 60	52.0	no_same_type_snapshot_within_12_tiles
poi_005805	poi_005805	thieving	3063	2639	0	true	true	unresolved	Dognose Island - Rusty Pirate Chest (Level 33)	Activity: Pick locked pirate chest (Rusty chest)\nLevel requirement: Level 33 Thieving\nRegion: Dognose Island (Sailing)	Pre-consolidation PoiIndex/PoiDetails snapshot; identity not globally verified; poi/curated-details.tsv:876				no_same_type_snapshot_within_12_tiles
poi_005806	poi_005806	thieving	2224	3466	0	true	true	unresolved	Ynysdail - Reinforced Pirate Chest (Level 76)	Activity: Pick locked pirate chest (Reinforced chest)\nLevel requirement: Level 76 Thieving\nRegion: Ynysdail (Sailing)	Pre-consolidation PoiIndex/PoiDetails snapshot; identity not globally verified; poi/curated-details.tsv:878				no_same_type_snapshot_within_12_tiles
poi_005807	poi_005807	hunter_training	2660	2396	0	true	true	unresolved	Charred Island - Hunter Area	Target: Sailing-island hunter creatures\nLevel requirement: Check Hunter skill guide for creature levels\nCatch method: Traps, snares, or tracking\nRegion: Charred Island (Sailing)	Pre-consolidation PoiIndex/PoiDetails snapshot; identity not globally verified; poi/curated-details.tsv:881	HunterAreaLocation.CHARRED_ISLAND	Red salamander (59)	16.763	no_same_type_snapshot_within_12_tiles
poi_005808	poi_005808	hunter_training	2467	2722	0	true	true	unresolved	Anglers' Retreat - Hunter Area	Target: Sailing-island hunter creatures\nLevel requirement: Check Hunter skill guide for creature levels\nCatch method: Traps, snares, or tracking\nRegion: Anglers' Retreat (Sailing)	Pre-consolidation PoiIndex/PoiDetails snapshot; identity not globally verified; poi/curated-details.tsv:882	HunterAreaLocation.FELDIP_HUNTER_AREA	Crimson swift (1)<br>Feldip Weasel (7)<br>Tropical wagtail (19)<br>Spined larupia (31)<br>Barb-tailed kebbit (33)<br>Black warlock (45)<br>Carnivorous chinchompa (63)	210.238	no_same_type_snapshot_within_12_tiles
poi_005809	poi_005809	hunter_training	1958	3118	0	true	true	unresolved	Minotaurs' Rest - Hunter Area	Target: Sailing-island hunter creatures\nLevel requirement: Check Hunter skill guide for creature levels\nCatch method: Traps, snares, or tracking\nRegion: Minotaurs' Rest (Sailing)	Pre-consolidation PoiIndex/PoiDetails snapshot; identity not globally verified; poi/curated-details.tsv:883	HunterAreaLocation.ISLE_OF_SOULS_NORTH_WEST	Chinchompa (53)	238.296	no_same_type_snapshot_within_12_tiles
poi_005810	poi_005810	hunter_training	1954	4057	0	true	true	unresolved	Brittle Isle - Hunter Area	Target: Sailing-island hunter creatures\nLevel requirement: Check Hunter skill guide for creature levels\nCatch method: Traps, snares, or tracking\nRegion: Brittle Isle (Sailing)	Pre-consolidation PoiIndex/PoiDetails snapshot; identity not globally verified; poi/curated-details.tsv:884	HunterAreaLocation.PORT_PISCARILIUS_BEACH	Sandworms (15)	279.322	no_same_type_snapshot_within_12_tiles
poi_005811	poi_005811	farming_patch	3176	2367	0	true	true	unresolved	The Great Conch - Calquat Farming Patch (Level 72)	Patches: Calquat tree patch\nLevel requirement: Level 72 Farming\nTools needed: Rake, Spade, Seed dibber, Watering can\nRegion: The Great Conch (Sailing)	Pre-consolidation PoiIndex/PoiDetails snapshot; identity not globally verified; poi/curated-details.tsv:887	FarmingPatchLocation.CALQUAT	Farming patch - Calquat	62.426	no_same_type_snapshot_within_12_tiles
poi_005812	poi_005812	farming_patch	2469	2721	0	true	true	unresolved	Anglers' Retreat - Tree Farming Patch (Level 15)	Patches: Tree patch (Oak, Willow, Maple, Yew, Magic)\nLevel requirement: Level 15+ Farming\nTools needed: Rake, Spade, Seed dibber, Watering can\nRegion: Anglers' Retreat (Sailing)	Pre-consolidation PoiIndex/PoiDetails snapshot; identity not globally verified; poi/curated-details.tsv:888	FarmingPatchLocation.HARDWOOD	Farming patch - Hardwood	16.279	no_same_type_snapshot_within_12_tiles
poi_005813	poi_005813	services	3033	2929	0	true	true	unresolved	Rum-dashed Ralph (Trial Master)	Trial Master for The Tempor Tantrum (Barracuda Trial)\nLocation: The Storm Tempor (south of The Pandemonium)\nLevel requirement: Level 30 Sailing\nRewards: Whirlpool surprise (after Shark rank)	Pre-consolidation PoiIndex/PoiDetails snapshot; identity not globally verified; poi/curated-details.tsv:946				no_same_type_snapshot_within_12_tiles
poi_005814	poi_005814	services	2437	3027	0	true	true	unresolved	Gurtob (Trial Master)	Trial Master for The Jubbly Jive (Barracuda Trial)\nLocation: Backwater (south of Corsair Cove)\nLevel requirement: Level 55 Sailing	Pre-consolidation PoiIndex/PoiDetails snapshot; identity not globally verified; poi/curated-details.tsv:948				no_same_type_snapshot_within_12_tiles
poi_005815	poi_005815	services	2198	3518	0	true	true	unresolved	Gwyna (Trial Master)	Trial Master for The Gwenith Glide (Barracuda Trial)\nLocation: Porth Gwenith (crystal waters north of Gwenith)\nRequirements: Level 72 Sailing and Regicide quest\nRewards: Gwyna's fabric roll (Crystal Glider Flag)	Pre-consolidation PoiIndex/PoiDetails snapshot; identity not globally verified; poi/curated-details.tsv:950				no_same_type_snapshot_within_12_tiles
poi_005816	poi_005816	farming_patch	3296	8861	0	true	true	unresolved	Coral Farming Patch	Patches: Coral\nTools needed: Rake, Spade, Seed dibber, Watering can\nCheck Farming skill guide for seed levels\nFarming patch - Coral	Pre-consolidation PoiIndex/PoiDetails snapshot; identity not globally verified; poi/curated-details.tsv:975	FarmingPatchLocation.CORAL	Farming patch - Coral	0.0	
poi_005817	poi_005817	farming_patch	1182	10068	0	true	true	unresolved	Hespori Farming Patch	Patches: Hespori\nTools needed: Rake, Spade, Seed dibber, Watering can\nCheck Farming skill guide for seed levels\nFarming patch - Hespori	Pre-consolidation PoiIndex/PoiDetails snapshot; identity not globally verified; poi/curated-details.tsv:991	FarmingPatchLocation.HESPORI	Farming patch - Hespori	0.0	
poi_005818	poi_005818	farming_patch	3730	10271	0	true	true	unresolved	Seaweed Farming Patch	Patches: Seaweed\nTools needed: Rake, Spade, Seed dibber, Watering can\nCheck Farming skill guide for seed levels\nFarming patch - Seaweed	Pre-consolidation PoiIndex/PoiDetails snapshot; identity not globally verified; poi/curated-details.tsv:999	FarmingPatchLocation.SEAWEED	Farming patch - Seaweed	0.0	
poi_005819	poi_005819	farming_patch	3614	3856	0	true	true	unresolved	Spirit Tree Farming Patch	Patches: Spirit Tree\nTools needed: Rake, Spade, Seed dibber, Watering can\nCheck Farming skill guide for seed levels\nFarming patch - Spirit Tree	Pre-consolidation PoiIndex/PoiDetails snapshot; identity not globally verified; poi/curated-details.tsv:1002	FarmingPatchLocation.SPIRIT_TREE	Farming patch - Spirit Tree	0.0	
poi_005820	poi_005820	fishing_spot	2788	8781	0	true	true	unresolved	Fishing Spot (Lava Eel)	Method / Fish: Lava Eel\nTools: Net, Rod + Bait, Pot, or Harpoon\nCheck Fishing skill guide for exact bait & level reqs\nLava eel	Pre-consolidation PoiIndex/PoiDetails snapshot; identity not globally verified; poi/curated-details.tsv:1045	FishingSpotLocation.CHARRED_DUNGEON	Lava eel	0.0	
poi_005821	poi_005821	fishing_spot	3047	3002	0	true	true	unresolved	Fishing Spot (Harpoonfish)	Method / Fish: Harpoonfish\nTools: Net, Rod + Bait, Pot, or Harpoon\nCheck Fishing skill guide for exact bait & level reqs	Pre-consolidation PoiIndex/PoiDetails snapshot; identity not globally verified; poi/curated-details.tsv:1144	FishingSpotLocation.PANDEMONIUM	Anchovies	15.811	no_same_type_snapshot_within_12_tiles
poi_005822	poi_005822	fishing_spot	3050	2995	0	true	true	unresolved	Fishing Spot (Harpoonfish)	Method / Fish: Harpoonfish\nTools: Net, Rod + Bait, Pot, or Harpoon\nCheck Fishing skill guide for exact bait & level reqs	Pre-consolidation PoiIndex/PoiDetails snapshot; identity not globally verified; poi/curated-details.tsv:1145	FishingSpotLocation.PANDEMONIUM	Anchovies	18.111	no_same_type_snapshot_within_12_tiles
poi_005823	poi_005823	fishing_spot	3035	2962	0	true	true	unresolved	Fishing Spot (Harpoonfish)	Method / Fish: Harpoonfish\nTools: Net, Rod + Bait, Pot, or Harpoon\nCheck Fishing skill guide for exact bait & level reqs	Pre-consolidation PoiIndex/PoiDetails snapshot; identity not globally verified; poi/curated-details.tsv:1147	FishingSpotLocation.PANDEMONIUM	Anchovies	35.128	no_same_type_snapshot_within_12_tiles
poi_005824	poi_005824	fishing_spot	3047	2957	0	true	true	unresolved	Fishing Spot (Harpoonfish)	Method / Fish: Harpoonfish\nTools: Net, Rod + Bait, Pot, or Harpoon\nCheck Fishing skill guide for exact bait & level reqs	Pre-consolidation PoiIndex/PoiDetails snapshot; identity not globally verified; poi/curated-details.tsv:1148	FishingSpotLocation.PANDEMONIUM	Anchovies	42.72	no_same_type_snapshot_within_12_tiles
poi_005825	poi_005825	mining_site	1847	5414	0	true	true	unresolved	Ancient Cavern North Mining Site	Ores available: Mithril\nTool needed: Pickaxe (Bronze to Crystal)\nCheck Mining skill guide for ore levels\n4 Mithril	Pre-consolidation PoiIndex/PoiDetails snapshot; identity not globally verified; poi/curated-details.tsv:1268	MiningSiteLocation.ANCIENT_CAVERN_NORTH	4 Mithril	0.0	
poi_005826	poi_005826	mining_site	1826	5392	0	true	true	unresolved	Ancient Cavern South Mining Site	Ores available: Mithril\nTool needed: Pickaxe (Bronze to Crystal)\nCheck Mining skill guide for ore levels\n2 Mithril	Pre-consolidation PoiIndex/PoiDetails snapshot; identity not globally verified; poi/curated-details.tsv:1269	MiningSiteLocation.ANCIENT_CAVERN_SOUTH	2 Mithril	0.0	
poi_005827	poi_005827	mining_site	1840	5397	0	true	true	unresolved	Ancient Cavern Middle Mining Site	Ores available: Mithril\nTool needed: Pickaxe (Bronze to Crystal)\nCheck Mining skill guide for ore levels\n8 Mithril	Pre-consolidation PoiIndex/PoiDetails snapshot; identity not globally verified; poi/curated-details.tsv:1270	MiningSiteLocation.ANCIENT_CAVERN_MIDDLE	8 Mithril	0.0	
poi_005828	poi_005828	mining_site	1510	9540	0	true	true	unresolved	Cam Torum Mining Site	Ores available: Iron, Coal, Calcified Rocks, Mithril, Adamantite\nTool needed: Pickaxe (Bronze to Crystal)\nCheck Mining skill guide for ore levels\n5 Iron\n4 Coal\n16 Calcified rocks\n2 Mithril\n1 Adamantite	Pre-consolidation PoiIndex/PoiDetails snapshot; identity not globally verified; poi/curated-details.tsv:1289	MiningSiteLocation.CAM_TORUM	5 Iron<br>4 Coal<br>16 Calcified rocks<br>2 Mithril<br>1 Adamantite	0.0	
poi_005829	poi_005829	mining_site	2698	8785	0	true	true	unresolved	Charred Dungeon Mining Site	Ores available: Coal, Adamantite, Runite\nTool needed: Pickaxe (Bronze to Crystal)\nCheck Mining skill guide for ore levels\n10 Coal\n3 Adamantite\n2 Runite	Pre-consolidation PoiIndex/PoiDetails snapshot; identity not globally verified; poi/curated-details.tsv:1293	MiningSiteLocation.CHARRED_DUNGEON	10 Coal<br>3 Adamantite<br>2 Runite	0.0	
poi_005830	poi_005830	mining_site	3631	3340	0	true	true	unresolved	Daeyalt Essence Mine Mining Site	Ores available: Daeyalt Essence\nTool needed: Pickaxe (Bronze to Crystal)\nCheck Mining skill guide for ore levels\n3 Daeyalt essence	Pre-consolidation PoiIndex/PoiDetails snapshot; identity not globally verified; poi/curated-details.tsv:1303	MiningSiteLocation.DAEYALT_ESSENCE_MINE	3 Daeyalt essence	0.0	
poi_005831	poi_005831	mining_site	3299	3021	0	true	true	unresolved	Desert Mining Camp Surface Mining Site	Ores available: Copper, Tin, Iron, Coal, Iron, Silver\nTool needed: Pickaxe (Bronze to Crystal)\nCheck Mining skill guide for ore levels\n4 Copper\n4 Tin\n3 Iron\n4 Coal	Pre-consolidation PoiIndex/PoiDetails snapshot; identity not globally verified; poi/curated-details.tsv:1311	MiningSiteLocation.DESERT_MINING_CAMP_SURFACE	4 Copper<br>4 Tin<br>3 Iron<br>4 Coal	0.0	
poi_005832	poi_005832	mining_site	2279	9237	0	true	true	unresolved	Isle Of Souls Dungeon East Mining Site	Ores available: Runite\nTool needed: Pickaxe (Bronze to Crystal)\nCheck Mining skill guide for ore levels\n1 Runite	Pre-consolidation PoiIndex/PoiDetails snapshot; identity not globally verified; poi/curated-details.tsv:1346	MiningSiteLocation.ISLE_OF_SOULS_DUNGEON_EAST	1 Runite	0.0	
poi_005833	poi_005833	mining_site	2262	9244	0	true	true	unresolved	Isle Of Souls Dungeon West Mining Site	Ores available: Adamantite\nTool needed: Pickaxe (Bronze to Crystal)\nCheck Mining skill guide for ore levels\n2 Adamantite	Pre-consolidation PoiIndex/PoiDetails snapshot; identity not globally verified; poi/curated-details.tsv:1347	MiningSiteLocation.ISLE_OF_SOULS_DUNGEON_WEST	2 Adamantite	0.0	
poi_005834	poi_005834	mining_site	3045	10263	0	true	true	unresolved	Lava Maze Dungeon Mining Site	Ores available: Runite\nTool needed: Pickaxe (Bronze to Crystal)\nCheck Mining skill guide for ore levels\n1 Runite	Pre-consolidation PoiIndex/PoiDetails snapshot; identity not globally verified; poi/curated-details.tsv:1358	MiningSiteLocation.LAVA_MAZE_DUNGEON	1 Runite	0.0	
poi_005835	poi_005835	mining_site	2163	10347	0	true	true	unresolved	Lunar Isle 1 Mining Site	Ores available: Gem Rock, Lunar, Silver, Gold\nTool needed: Pickaxe (Bronze to Crystal)\nCheck Mining skill guide for ore levels\n2 Silver\n1 Gold\n1 Gem rock\n6 Lunar	Pre-consolidation PoiIndex/PoiDetails snapshot; identity not globally verified; poi/curated-details.tsv:1369	MiningSiteLocation.LUNAR_ISLE_1	2 Silver<br>1 Gold<br>1 Gem rock<br>6 Lunar	0.0	
poi_005836	poi_005836	mining_site	2165	10325	0	true	true	unresolved	Lunar Isle 2 Mining Site	Ores available: Gem Rock, Lunar\nTool needed: Pickaxe (Bronze to Crystal)\nCheck Mining skill guide for ore levels\n3 Gem rock\n4 Lunar	Pre-consolidation PoiIndex/PoiDetails snapshot; identity not globally verified; poi/curated-details.tsv:1370	MiningSiteLocation.LUNAR_ISLE_2	3 Gem rock<br>4 Lunar	0.0	
poi_005837	poi_005837	mining_site	2140	10318	0	true	true	unresolved	Lunar Isle 3 Mining Site	Ores available: Silver, Lunar\nTool needed: Pickaxe (Bronze to Crystal)\nCheck Mining skill guide for ore levels\n3 Silver\n3 Lunar	Pre-consolidation PoiIndex/PoiDetails snapshot; identity not globally verified; poi/curated-details.tsv:1371	MiningSiteLocation.LUNAR_ISLE_3	3 Silver<br>3 Lunar	0.0	
poi_005838	poi_005838	mining_site	2125	10327	0	true	true	unresolved	Lunar Isle 4 Mining Site	Ores available: Gold, Lunar\nTool needed: Pickaxe (Bronze to Crystal)\nCheck Mining skill guide for ore levels\n4 Gold\n1 Lunar	Pre-consolidation PoiIndex/PoiDetails snapshot; identity not globally verified; poi/curated-details.tsv:1372	MiningSiteLocation.LUNAR_ISLE_4	4 Gold<br>1 Lunar	0.0	
poi_005839	poi_005839	mining_site	2124	10342	0	true	true	unresolved	Lunar Isle 5 Mining Site	Ores available: Gold, Lunar\nTool needed: Pickaxe (Bronze to Crystal)\nCheck Mining skill guide for ore levels\n2 Gold\n5 Lunar	Pre-consolidation PoiIndex/PoiDetails snapshot; identity not globally verified; poi/curated-details.tsv:1373	MiningSiteLocation.LUNAR_ISLE_5	2 Gold<br>5 Lunar	0.0	
poi_005840	poi_005840	mining_site	1977	9041	0	true	true	unresolved	Ogress Settlement Mining Site	Ores available: Coal, Mithril, Adamantite\nTool needed: Pickaxe (Bronze to Crystal)\nCheck Mining skill guide for ore levels\n5 Coal\n2 Mithril\n1 Adamantite	Pre-consolidation PoiIndex/PoiDetails snapshot; identity not globally verified; poi/curated-details.tsv:1385	MiningSiteLocation.OGRESS_SETTLEMENT	5 Coal<br>2 Mithril<br>1 Adamantite	0.0	
poi_005841	poi_005841	mining_site	3888	9749	0	true	true	unresolved	Slepe Underground Mining Site	Ores available: Iron, Coal\nTool needed: Pickaxe (Bronze to Crystal)\nCheck Mining skill guide for ore levels\n6 Iron\n14 Coal	Pre-consolidation PoiIndex/PoiDetails snapshot; identity not globally verified; poi/curated-details.tsv:1403	MiningSiteLocation.SLEPE_UNDERGROUND	6 Iron<br>14 Coal	0.0	
poi_005842	poi_005842	mining_site	2221	9003	0	true	true	unresolved	Sunbleak Cave North Mining Site	Ores available: Coal, Mithril\nTool needed: Pickaxe (Bronze to Crystal)\nCheck Mining skill guide for ore levels\n4 Coal\n5 Mithril	Pre-consolidation PoiIndex/PoiDetails snapshot; identity not globally verified; poi/curated-details.tsv:1406	MiningSiteLocation.SUNBLEAK_CAVE_NORTH	4 Coal<br>5 Mithril	0.0	
poi_005843	poi_005843	mining_site	2224	8977	0	true	true	unresolved	Sunbleak Cave South Mining Site	Ores available: Coal, Adamantite\nTool needed: Pickaxe (Bronze to Crystal)\nCheck Mining skill guide for ore levels\n3 Coal\n4 Adamantite	Pre-consolidation PoiIndex/PoiDetails snapshot; identity not globally verified; poi/curated-details.tsv:1407	MiningSiteLocation.SUNBLEAK_CAVE_SOUTH	3 Coal<br>4 Adamantite	0.0	
poi_005844	poi_005844	mining_site	3295	5987	0	true	true	unresolved	Trahearn Mining Site	Ores available: Iron, Silver, Coal, Gold, Mithril, Adamantite, Runite, Clay\nTool needed: Pickaxe (Bronze to Crystal)\nCheck Mining skill guide for ore levels	Pre-consolidation PoiIndex/PoiDetails snapshot; identity not globally verified; poi/curated-details.tsv:1411	MiningSiteLocation.ARANDAR_PRIFDDINAS_MAP	8 Limestone	61.294	no_same_type_snapshot_within_12_tiles
poi_005845	poi_005845	mining_site	3766	3757	0	true	true	unresolved	Verdant Valley Mining Site	Ores available: Iron\nTool needed: Pickaxe (Bronze to Crystal)\nCheck Mining skill guide for ore levels\n3 Iron	Pre-consolidation PoiIndex/PoiDetails snapshot; identity not globally verified; poi/curated-details.tsv:1417	MiningSiteLocation.VERDANT_VALLEY	3 Iron	0.0	
poi_005846	poi_005846	transportation	2675	3275	0	true	true	unresolved	Ship to Brimhaven / Rimmington	Destination / Route: Ship to Brimhaven / Rimmington\nCheck travel route for fares or quest requirements	Pre-consolidation PoiIndex/PoiDetails snapshot; identity not globally verified; poi/curated-details.tsv:1488	TransportationPointLocation.ARDOUGNE_TO_BRIMHAVEN	Ship to Brimhaven / Rimmington	0.0	
poi_005847	poi_005847	transportation	1455	2968	0	true	true	unresolved	Charter Ship	Destination / Route: Charter Ship\nCheck travel route for fares or quest requirements	Pre-consolidation PoiIndex/PoiDetails snapshot; identity not globally verified; poi/curated-details.tsv:1511	TransportationPointLocation.CHARTER_ALDARIN	Charter Ship	0.0	
poi_005848	poi_005848	transportation	1743	3136	0	true	true	unresolved	Charter Ship	Destination / Route: Charter Ship\nCheck travel route for fares or quest requirements	Pre-consolidation PoiIndex/PoiDetails snapshot; identity not globally verified; poi/curated-details.tsv:1514	TransportationPointLocation.CHARTER_CIVITAS_ILLA_FORTIS	Charter Ship	0.0	
poi_005849	poi_005849	transportation	1943	2753	0	true	true	unresolved	Charter Ship	Destination / Route: Charter Ship\nCheck travel route for fares or quest requirements	Pre-consolidation PoiIndex/PoiDetails snapshot; identity not globally verified; poi/curated-details.tsv:1516	TransportationPointLocation.CHARTER_DEEPFIN_POINT	Charter Ship	0.0	
poi_005850	poi_005850	transportation	2141	3123	0	true	true	unresolved	Charter Ship	Destination / Route: Charter Ship\nCheck travel route for fares or quest requirements	Pre-consolidation PoiIndex/PoiDetails snapshot; identity not globally verified; poi/curated-details.tsv:1523	TransportationPointLocation.CHARTER_TYRAS	Charter Ship	0.0	
poi_005851	poi_005851	transportation	2156	3331	0	true	true	unresolved	Charter Ship	Destination / Route: Charter Ship\nCheck travel route for fares or quest requirements	Pre-consolidation PoiIndex/PoiDetails snapshot; identity not globally verified; poi/curated-details.tsv:1525	TransportationPointLocation.CHARTER_PRIFDDINAS	Charter Ship	0.0	
poi_005852	poi_005852	transportation	3180	6083	0	true	true	unresolved	Charter Ship	Destination / Route: Charter Ship\nCheck travel route for fares or quest requirements	Pre-consolidation PoiIndex/PoiDetails snapshot; identity not globally verified; poi/curated-details.tsv:1526	TransportationPointLocation.CHARTER_PRIFDDINAS_INSTANCE	Charter Ship	0.0	
poi_005853	poi_005853	transportation	3186	2367	0	true	true	unresolved	Charter Ship	Destination / Route: Charter Ship\nCheck travel route for fares or quest requirements	Pre-consolidation PoiIndex/PoiDetails snapshot; identity not globally verified; poi/curated-details.tsv:1527	TransportationPointLocation.CHARTER_SUMMER_SHORE	Charter Ship	0.0	
poi_005854	poi_005854	transportation	1513	2970	0	true	true	unresolved	Charter Ship	Destination / Route: Charter Ship\nCheck travel route for fares or quest requirements	Pre-consolidation PoiIndex/PoiDetails snapshot; identity not globally verified; poi/curated-details.tsv:1528	TransportationPointLocation.CHARTER_SUNSET_COAST	Charter Ship	0.0	
poi_005855	poi_005855	transportation	1524	3725	0	true	true	unresolved	Lovakengj Minecart Network - Lovakengj	Destination / Route: Lovakengj Minecart Network - Lovakengj\nCheck travel route for fares or quest requirements	Pre-consolidation PoiIndex/PoiDetails snapshot; identity not globally verified; poi/curated-details.tsv:1538	TransportationPointLocation.MINE_CART_LOVAKENGJ	Lovakengj Minecart Network - Lovakengj	0.0	
poi_005856	poi_005856	quest_start	3244	3206	0	true	true	unresolved	The Restless Ghost	Start: Father Aereck in Lumbridge Church\nDifficulty: Novice • Length: Short\nReward: 1 Quest Point\nRequirements: Ghostspeak amulet (provided by Father Urhney)	Pre-consolidation PoiIndex/PoiDetails snapshot; identity not globally verified; poi/curated-details.tsv:1619				no_same_type_snapshot_within_12_tiles
poi_005857	poi_005857	quest_start	3273	3401	0	true	true	unresolved	Gertrude's Cat	Start: Gertrude west of Varrock\nDifficulty: Novice • Length: Short\nReward: 1 Quest Point\nRequirements: 1x Raw sardine, 1x Bucket of milk	Pre-consolidation PoiIndex/PoiDetails snapshot; identity not globally verified; poi/curated-details.tsv:1623				no_same_type_snapshot_within_12_tiles
poi_005858	poi_005858	quest_start	3074	3515	0	true	true	unresolved	Dragon Slayer I	Start: Guildmaster in Champions' Guild\nDifficulty: Experienced • Length: Long\nReward: 2 Quest Points\nRequirements: 32 Quest Points, Anti-dragon shield	Pre-consolidation PoiIndex/PoiDetails snapshot; identity not globally verified; poi/curated-details.tsv:1624; description corrected 2026-10-08 against https://oldschool.runescape.wiki/w/Dragon_Slayer_I?oldid=14917676				no_same_type_snapshot_within_12_tiles
poi_005859	poi_005859	quest_start	3097	3257	0	true	true	unresolved	Pirate's Treasure	Start: Redbeard Frank in Port Sarim\nDifficulty: Novice • Length: Short\nReward: 2 Quest Points\nRequirements: Karamja rum, White apron	Pre-consolidation PoiIndex/PoiDetails snapshot; identity not globally verified; poi/curated-details.tsv:1626				no_same_type_snapshot_within_12_tiles
poi_005860	poi_005860	quest_start	3086	3236	0	true	true	unresolved	Vampyre Slayer	Start: Morgan in Draynor Village\nDifficulty: Novice • Length: Short\nReward: 3 Quest Points\nRequirements: 1x Garlic, 1x Wooden stake	Pre-consolidation PoiIndex/PoiDetails snapshot; identity not globally verified; poi/curated-details.tsv:1628				no_same_type_snapshot_within_12_tiles
poi_005861	poi_005861	quest_start	2982	3338	0	true	true	unresolved	The Knight's Sword	Start: Squire in Falador Castle courtyard\nDifficulty: Intermediate • Length: Short\nReward: 1 Quest Point\nRequirements: 10 Mining, Redberry pie, 2x Iron bars, Blurite ore	Pre-consolidation PoiIndex/PoiDetails snapshot; identity not globally verified; poi/curated-details.tsv:1631				no_same_type_snapshot_within_12_tiles
poi_005862	poi_005862	quest_start	2740	3445	0	true	true	unresolved	Elemental Workshop I	Start: Battered book from bookcase in Seers' Village\nDifficulty: Novice • Length: Short\nReward: 1 Quest Point\nRequirements: 20 Mining, 20 Smithing, 20 Crafting	Pre-consolidation PoiIndex/PoiDetails snapshot; identity not globally verified; poi/curated-details.tsv:1641; description corrected 2026-10-08 against https://oldschool.runescape.wiki/w/Bookcase_(Elemental_Workshop_I) and https://oldschool.runescape.wiki/w/Elemental_Workshop_I?oldid=15292271				no_same_type_snapshot_within_12_tiles
poi_005863	poi_005863	quest_start	2517	3574	0	true	true	unresolved	Waterfall Quest	Start: Almera south-west of Baxtorian Falls\nDifficulty: Intermediate • Length: Medium\nReward: 1 Quest Point\nRequirements: Rope, 6x Air, 6x Water, 6x Earth runes\nReward: +13,750 Attack & Strength XP	Pre-consolidation PoiIndex/PoiDetails snapshot; identity not globally verified; poi/curated-details.tsv:1643				no_same_type_snapshot_within_12_tiles
poi_005864	poi_005864	quest_start	2839	3538	0	true	true	unresolved	Merlin's Crystal	Start: King Arthur in Camelot Castle\nDifficulty: Intermediate • Length: Medium\nReward: 6 Quest Points\nRequirements: Excalibur sword, Black candle, Bat bones, Tinderbox	Pre-consolidation PoiIndex/PoiDetails snapshot; identity not globally verified; poi/curated-details.tsv:1644				no_same_type_snapshot_within_12_tiles
poi_005865	poi_005865	quest_start	2839	3532	0	true	true	unresolved	Holy Grail	Start: King Arthur in Camelot Castle\nDifficulty: Intermediate • Length: Medium\nReward: 2 Quest Points\nRequirements: Merlin's Crystal completion, 20 Attack	Pre-consolidation PoiIndex/PoiDetails snapshot; identity not globally verified; poi/curated-details.tsv:1645				no_same_type_snapshot_within_12_tiles
poi_005866	poi_005866	quest_start	3483	3485	0	true	true	unresolved	Priest in Peril	Start: King Roald in Varrock Palace / Drezel at Paterdomus\nDifficulty: Novice • Length: Medium\nReward: 1 Quest Point\nRequirements: 50x Pure or Rune essence, Access to Morytania	Pre-consolidation PoiIndex/PoiDetails snapshot; identity not globally verified; poi/curated-details.tsv:1646				no_same_type_snapshot_within_12_tiles
poi_005867	poi_005867	quest_start	3466	3480	0	true	true	unresolved	Nature Spirit	Start: Drezel in Paterdomus temple cellar\nDifficulty: Novice • Length: Medium\nReward: 2 Quest Points\nRequirements: Priest in Peril completion, 18 Crafting	Pre-consolidation PoiIndex/PoiDetails snapshot; identity not globally verified; poi/curated-details.tsv:1647				no_same_type_snapshot_within_12_tiles
poi_005868	poi_005868	quest_start	3488	3537	0	true	true	unresolved	Creature of Fenkenstrain	Start: Faris at Fenkenstrain's Castle\nDifficulty: Intermediate • Length: Medium\nReward: 2 Quest Points\nRequirements: 20 Crafting, 25 Thieving, Ring of charos	Pre-consolidation PoiIndex/PoiDetails snapshot; identity not globally verified; poi/curated-details.tsv:1648				no_same_type_snapshot_within_12_tiles
poi_005869	poi_005869	quest_start	3650	3480	0	true	true	unresolved	A Taste of Hope	Start: Safalaan in Meiyerditch hideout\nDifficulty: Experienced • Length: Medium\nReward: 1 Quest Point\nRequirements: Darkness of Hallowvale, 48 Crafting, 45 Agility\n40 Attack, 38 Slayer	Pre-consolidation PoiIndex/PoiDetails snapshot; identity not globally verified; poi/curated-details.tsv:1649				no_same_type_snapshot_within_12_tiles
poi_005870	poi_005870	quest_start	3635	3375	0	true	true	unresolved	Sins of the Father	Start: Veliaf Hurtz in Slepe / Meiyerditch hideout\nDifficulty: Master • Length: Long\nReward: 2 Quest Points\nRequirements: A Taste of Hope, 62 Woodcutting, 60 Fletching\n56 Crafting, 52 Agility, 50 Attack, 50 Slayer, 49 Magic	Pre-consolidation PoiIndex/PoiDetails snapshot; identity not globally verified; poi/curated-details.tsv:1650				no_same_type_snapshot_within_12_tiles
poi_005871	poi_005871	quest_start	2185	3145	0	true	true	unresolved	Regicide	Start: King Lathas in East Ardougne Castle\nDifficulty: Master • Length: Long\nReward: 3 Quest Points\nRequirements: Underground Pass, 56 Agility, 10 Crafting	Pre-consolidation PoiIndex/PoiDetails snapshot; identity not globally verified; poi/curated-details.tsv:1651				no_same_type_snapshot_within_12_tiles
poi_005872	poi_005872	quest_start	2185	3160	0	true	true	unresolved	Roving Elves	Start: Islwyn and Eluned in Isafdar\nDifficulty: Master • Length: Medium\nReward: 1 Quest Point\nRequirements: Regicide, Waterfall Quest, 56 Agility	Pre-consolidation PoiIndex/PoiDetails snapshot; identity not globally verified; poi/curated-details.tsv:1652				no_same_type_snapshot_within_12_tiles
poi_005873	poi_005873	quest_start	2190	3258	0	true	true	unresolved	Mourning's End Part I	Start: Arianwyn in Lletya\nDifficulty: Master • Length: Long\nReward: 2 Quest Points\nRequirements: Roving Elves, Big Chompy Bird Hunting, 60 Ranged, 50 Thieving	Pre-consolidation PoiIndex/PoiDetails snapshot; identity not globally verified; poi/curated-details.tsv:1653				no_same_type_snapshot_within_12_tiles
poi_005874	poi_005874	quest_start	2190	3262	0	true	true	unresolved	Mourning's End Part II	Start: Arianwyn in Lletya\nDifficulty: Master • Length: Long\nReward: 2 Quest Points\nRequirements: Mourning's End Part I, Death altar access, Death talisman	Pre-consolidation PoiIndex/PoiDetails snapshot; identity not globally verified; poi/curated-details.tsv:1654				no_same_type_snapshot_within_12_tiles
poi_005875	poi_005875	quest_start	2175	3245	0	true	true	unresolved	Song of the Elves	Start: Arianwyn / Lord Iorwerth in Prifddinas outskirts\nDifficulty: Grandmaster • Length: Very Long\nReward: 4 Quest Points\nRequirements: Mourning's End Part II, Level 70 in Agility,\nConstruction, Farming, Herblore, Hunter, Mining, Smithing, Woodcutting	Pre-consolidation PoiIndex/PoiDetails snapshot; identity not globally verified; poi/curated-details.tsv:1655				no_same_type_snapshot_within_12_tiles
poi_005876	poi_005876	quest_start	3305	3235	0	true	true	unresolved	Prince Ali Rescue	Start: Hassan in Al Kharid Palace\nDifficulty: Novice • Length: Short\nReward: 3 Quest Points\nRequirements: Soft clay, Bronze bar, Pink skirt, Yellow dye\n3x Beers, 3x Ropes • Free Al Kharid gate pass	Pre-consolidation PoiIndex/PoiDetails snapshot; identity not globally verified; poi/curated-details.tsv:1656				no_same_type_snapshot_within_12_tiles
poi_005877	poi_005877	quest_start	3315	3165	0	true	true	unresolved	Shadow of the Storm	Start: Father Reen outside Al Kharid bank\nDifficulty: Intermediate • Length: Medium\nReward: 1 Quest Point\nRequirements: Demon Slayer, The Golem, 30 Crafting	Pre-consolidation PoiIndex/PoiDetails snapshot; identity not globally verified; poi/curated-details.tsv:1658				no_same_type_snapshot_within_12_tiles
poi_005878	poi_005878	quest_start	3415	2849	0	true	true	unresolved	Beneath Cursed Sands	Start: Jamila in Sophanem\nDifficulty: Master • Length: Long\nReward: 2 Quest Points\nRequirements: Contact!, Scorpia, 62 Agility, 55 Crafting, 55 Firemaking	Pre-consolidation PoiIndex/PoiDetails snapshot; identity not globally verified; poi/curated-details.tsv:1660				no_same_type_snapshot_within_12_tiles
poi_005879	poi_005879	quest_start	3480	2780	0	true	true	unresolved	Desert Treasure II - The Fallen Empire	Start: Sorcerer in Ruins of Ullek / Ancient Vault\nDifficulty: Grandmaster • Length: Very Long\nReward: 5 Quest Points\nRequirements: Desert Treasure I, Secrets of the North,\nBeneath Cursed Sands, 75 Magic, 75 Firemaking, 70 Thieving,\n62 Agility, 60 Herblore, 60 Runecraft, 60 Construction	Pre-consolidation PoiIndex/PoiDetails snapshot; identity not globally verified; poi/curated-details.tsv:1661				no_same_type_snapshot_within_12_tiles
poi_005880	poi_005880	quest_start	2875	3670	0	true	true	unresolved	Troll Stronghold	Start: Denulth in Burthorpe\nDifficulty: Intermediate • Length: Medium\nReward: 1 Quest Point\nRequirements: Death Plateau, 15 Agility, 30 Thieving	Pre-consolidation PoiIndex/PoiDetails snapshot; identity not globally verified; poi/curated-details.tsv:1662				no_same_type_snapshot_within_12_tiles
poi_005881	poi_005881	quest_start	2880	3675	0	true	true	unresolved	Eadgar's Ruse	Start: Sanfew in Taverley herb shop\nDifficulty: Experienced • Length: Medium\nReward: 1 Quest Point\nRequirements: Druidic Ritual, Troll Stronghold, 31 Herblore, 61 Magic	Pre-consolidation PoiIndex/PoiDetails snapshot; identity not globally verified; poi/curated-details.tsv:1663				no_same_type_snapshot_within_12_tiles
poi_005882	poi_005882	quest_start	2840	3660	0	true	true	unresolved	My Arm's Big Adventure	Start: Burntmeat in Troll Stronghold kitchen\nDifficulty: Intermediate • Length: Medium\nReward: 1 Quest Point\nRequirements: Eadgar's Ruse, The Feud, 10 Farming, 29 Agility	Pre-consolidation PoiIndex/PoiDetails snapshot; identity not globally verified; poi/curated-details.tsv:1664				no_same_type_snapshot_within_12_tiles
poi_005883	poi_005883	quest_start	2840	3920	0	true	true	unresolved	Making Friends with My Arm	Start: My Arm in Troll Stronghold\nDifficulty: Experienced • Length: Long\nReward: 2 Quest Points\nRequirements: My Arm's Big Adventure, Swan Song, Cold War,\nRomeo & Juliet, 66 Firemaking, 72 Mining, 35 Construction, 68 Agility	Pre-consolidation PoiIndex/PoiDetails snapshot; identity not globally verified; poi/curated-details.tsv:1665				no_same_type_snapshot_within_12_tiles
poi_005884	poi_005884	quest_start	2895	3445	0	true	true	unresolved	Druidic Ritual	Start: Kaqemeex at stone circle north of Taverley\nDifficulty: Novice • Length: Short\nReward: 4 Quest Points\nRequirements: Raw bear meat, Raw beef, Raw chicken, Raw rat meat\nUnlocks: Herblore skill	Pre-consolidation PoiIndex/PoiDetails snapshot; identity not globally verified; poi/curated-details.tsv:1666				no_same_type_snapshot_within_12_tiles
poi_005885	poi_005885	quest_start	2905	3440	0	true	true	unresolved	Heroes' Quest	Start: Achietties outside Heroes' Guild\nDifficulty: Experienced • Length: Long\nReward: 1 Quest Point\nRequirements: Shield of Arrav, Lost City, Merlin's Crystal,\nDragon Slayer I, 55 QP, 53 Cooking, 53 Fishing, 25 Herblore, 50 Mining	Pre-consolidation PoiIndex/PoiDetails snapshot; identity not globally verified; poi/curated-details.tsv:1667				no_same_type_snapshot_within_12_tiles
poi_005886	poi_005886	quest_start	2935	3515	0	true	true	unresolved	Death Plateau	Start: Denulth in Burthorpe\nDifficulty: Novice • Length: Short\nReward: 1 Quest Point\nRequirements: 1x Asgarnian ale, 10x Bread, 10x Cooked trout, 1x Iron bar\nUnlocks: Climbing boots access	Pre-consolidation PoiIndex/PoiDetails snapshot; identity not globally verified; poi/curated-details.tsv:1668				no_same_type_snapshot_within_12_tiles
poi_005887	poi_005887	quest_start	2870	3540	0	true	true	unresolved	Witch's House	Start: Boy outside Witch's House in Taverley\nDifficulty: Intermediate • Length: Short\nReward: 4 Quest Points\nRequirements: 1x Cheese, Leather gloves	Pre-consolidation PoiIndex/PoiDetails snapshot; identity not globally verified; poi/curated-details.tsv:1669				no_same_type_snapshot_within_12_tiles
poi_005888	poi_005888	quest_start	2900	3500	0	true	true	unresolved	Tai Bwo Wannai Trio	Start: Timfraku in Tai Bwo Wannai\nDifficulty: Intermediate • Length: Medium\nReward: 2 Quest Points\nRequirements: Jungle Potion, 15 Agility, 30 Cooking, 5 Fishing	Pre-consolidation PoiIndex/PoiDetails snapshot; identity not globally verified; poi/curated-details.tsv:1670; description corrected 2026-10-08 against https://oldschool.runescape.wiki/w/Tai_Bwo_Wannai_Trio?oldid=14918129				no_same_type_snapshot_within_12_tiles
poi_005889	poi_005889	quest_start	2795	3065	0	true	true	unresolved	Jungle Potion	Start: Trufitus in Tai Bwo Wannai\nDifficulty: Novice • Length: Short\nReward: 1 Quest Point\nRequirements: Druidic Ritual completion, 3 Herblore	Pre-consolidation PoiIndex/PoiDetails snapshot; identity not globally verified; poi/curated-details.tsv:1671				no_same_type_snapshot_within_12_tiles
poi_005890	poi_005890	quest_start	2830	2985	0	true	true	unresolved	Shilo Village	Start: Mosol Rei outside Shilo Village gate\nDifficulty: Intermediate • Length: Medium\nReward: 2 Quest Points\nRequirements: Jungle Potion, 32 Agility, 20 Crafting	Pre-consolidation PoiIndex/PoiDetails snapshot; identity not globally verified; poi/curated-details.tsv:1672				no_same_type_snapshot_within_12_tiles
poi_005891	poi_005891	quest_start	1680	3130	0	true	true	unresolved	Twilight's Promise	Start: Servant Caoimhe in Civitas illa Fortis\nDifficulty: Intermediate • Length: Medium\nReward: 1 Quest Point\nRequirements: Children of the Sun, Unlocks deeper Varlamore areas	Pre-consolidation PoiIndex/PoiDetails snapshot; identity not globally verified; poi/curated-details.tsv:1680				no_same_type_snapshot_within_12_tiles
poi_005892	poi_005892	quest_start	1450	3050	0	true	true	unresolved	Perilous Moons	Start: Neypotzli in Cam Torum\nDifficulty: Master • Length: Medium\nReward: 2 Quest Points\nRequirements: Twilight's Promise, 48 Slayer, 20 Runecraft,\n20 Construction, 20 Hunter, 20 Fishing, 10 Cooking	Pre-consolidation PoiIndex/PoiDetails snapshot; identity not globally verified; poi/curated-details.tsv:1681				no_same_type_snapshot_within_12_tiles
poi_005893	poi_005893	quest_start	1540	3040	0	true	true	unresolved	The Ribbiting Tale of a Lily Pad Labour Dispute	Start: Frog Citizen in Varlamore quagmire\nDifficulty: Novice • Length: Short\nReward: 1 Quest Point\nRequirements: 15 Woodcutting, +2,000 Woodcutting XP	Pre-consolidation PoiIndex/PoiDetails snapshot; identity not globally verified; poi/curated-details.tsv:1682				no_same_type_snapshot_within_12_tiles
poi_005894	poi_005894	quest_start	1390	3340	0	true	true	unresolved	Ethically Acquired Antiquities	Start: Curator in Hunter Guild / Auburnvale\nDifficulty: Intermediate • Length: Short\nReward: 1 Quest Point\nRequirements: Children of the Sun, 25 Thieving	Pre-consolidation PoiIndex/PoiDetails snapshot; identity not globally verified; poi/curated-details.tsv:1683				no_same_type_snapshot_within_12_tiles
poi_005895	poi_005895	quest_start	1480	3210	0	true	true	unresolved	Death on the Isle	Start: Detective in Aldarin\nDifficulty: Experienced • Length: Medium\nReward: 1 Quest Point\nRequirements: Children of the Sun, 34 Agility, 32 Thieving	Pre-consolidation PoiIndex/PoiDetails snapshot; identity not globally verified; poi/curated-details.tsv:1684				no_same_type_snapshot_within_12_tiles
poi_005896	poi_005896	quest_start	1415	3180	0	true	true	unresolved	The Heart of Darkness	Start: Queen Ameyalli in Civitas illa Fortis palace\nDifficulty: Master • Length: Long\nReward: 2 Quest Points\nRequirements: Twilight's Promise, Perilous Moons, 55 Thieving,\n48 Slayer, 46 Mining, 46 Agility, 46 Crafting	Pre-consolidation PoiIndex/PoiDetails snapshot; identity not globally verified; poi/curated-details.tsv:1685				no_same_type_snapshot_within_12_tiles
poi_006428	poi_006428	agility_short-cut	3447	3576	0	false	true	unresolved	Slayer Tower Spire Climb (Ground Floor) (Level 71)	Level requirement: Level 71 Agility\nConnects: Slayer Tower north-east wall climb to top floor\nFast route to Abyssal Demons and Gargoyles	Pre-consolidation PoiIndex/PoiDetails snapshot; identity not globally verified; poi/curated-details.tsv:772				no_same_type_snapshot_within_12_tiles
poi_006431	poi_006431	dungeon	2330	3106	0	false	true	unresolved	Poison Waste Dungeon Entrance	Type: Dungeon entrance / underground link\nSewer entrance to Poison Waste Dungeon	Pre-consolidation PoiIndex/PoiDetails snapshot; identity not globally verified; poi/curated-details.tsv:467	DungeonLocation.SMOKE_DEVIL	Smoke Devil Dungeon	92.661	no_same_type_snapshot_within_12_tiles
poi_006454	poi_006454	dungeon	3096	3469	0	false	true	unresolved	Edgeville Dungeon	Requires: Brass key for the surface shortcut door south of Edgeville\nLight source recommended	Pre-consolidation PoiIndex/PoiDetails snapshot; identity not globally verified; poi/curated-details.tsv:253	DungeonLocation.EDGEVILLE	Edgeville Dungeon	0.0	
poi_006455	poi_006455	dungeon	1636	3673	0	false	true	unresolved	Catacombs of Kourend	Type: Dungeon entrance / underground link\nMay require light source, rope, or combat gear	Pre-consolidation PoiIndex/PoiDetails snapshot; identity not globally verified; poi/curated-details.tsv:231	DungeonLocation.CATACOMBS_OF_KOUREND	Catacombs of Kourend	0.0	
poi_006456	poi_006456	dungeon	2796	3615	0	false	true	unresolved	Fremennik Slayer Dungeon	Requires: Fremennik Trials\nBring a light source	Pre-consolidation PoiIndex/PoiDetails snapshot; identity not globally verified; poi/curated-details.tsv:271	DungeonLocation.FREMENNIK_SLAYER	Fremennik Slayer Dungeon	0.0	
poi_006458	poi_006458	dungeon	2568	3229	0	false	true	unresolved	Clock Tower Dungeon	Type: Dungeon entrance / underground link\nMay require light source, rope, or combat gear	Pre-consolidation PoiIndex/PoiDetails snapshot; identity not globally verified; poi/curated-details.tsv:236	DungeonLocation.CLOCK_TOWER	Clock Tower Dungeon	0.0	
poi_006459	poi_006459	dungeon	2622	3393	0	false	true	unresolved	Goblin Cave	Type: Dungeon entrance / underground link\nMay require light source, rope, or combat gear	Pre-consolidation PoiIndex/PoiDetails snapshot; identity not globally verified; poi/curated-details.tsv:276	DungeonLocation.GOBLIN_CAVE	Goblin Cave	0.0	
poi_006460	poi_006460	dungeon	2676	3404	0	false	true	unresolved	Temple of Ikov	Requires: Pendant of Lucien, Light source, Bow and Ice arrows\nTemple of Ikov quest	Pre-consolidation PoiIndex/PoiDetails snapshot; identity not globally verified; poi/curated-details.tsv:392	DungeonLocation.TEMPLE_OF_IKOV	Temple of Ikov	0.0	
poi_006461	poi_006461	dungeon	1701	3574	0	false	true	unresolved	Forthos Dungeon	Type: Dungeon entrance / underground link\nMay require light source, rope, or combat gear	Pre-consolidation PoiIndex/PoiDetails snapshot; identity not globally verified; poi/curated-details.tsv:267	DungeonLocation.FORTHOS_E	Forthos Dungeon	0.0	
poi_006462	poi_006462	dungeon	1435	3128	0	false	true	unresolved	Cam Torum	Requires: Children of the Sun & Twilight's Promise quests\nUnderground Varlamore settlement leading to Neypotzli	Pre-consolidation PoiIndex/PoiDetails snapshot; identity not globally verified; poi/curated-details.tsv:459; poi/curated-details.tsv:581	DungeonLocation.CAM_TORUM	Cam Torum	3.0	
poi_006463	poi_006463	dungeon	2917	3747	0	false	true	unresolved	God Wars Dungeon	Requires: 40 Agility, 60 Strength, or 60 Ranged to cross the bridge\nProtection from Zamorak for the main chamber	Pre-consolidation PoiIndex/PoiDetails snapshot; identity not globally verified; poi/curated-details.tsv:277	DungeonLocation.GOD_WARS	God Wars Dungeon	0.0	
poi_006468	poi_006468	dungeon	2985	3387	0	false	true	unresolved	Mole Hole	Requires: Spade to dig into mole hills in Falador Park\nLight source required (Bullseye lantern recommended)	Pre-consolidation PoiIndex/PoiDetails snapshot; identity not globally verified; poi/curated-details.tsv:263	DungeonLocation.FALADOR_MOLE_NW	Mole Hole	0.0	
poi_006469	poi_006469	dungeon	2451	3231	0	false	true	unresolved	Ourania Cave	Requires: Food, combat/prayer defence recommended\nOurania / ZMI runecrafting altar and banking Zamorakian monks	Pre-consolidation PoiIndex/PoiDetails snapshot; identity not globally verified; poi/curated-details.tsv:342	DungeonLocation.OURANIA_CAVE	Ourania Cave	0.0	
poi_006471	poi_006471	basement	2649	3213	0	false	true	unresolved	Tower of Life dungeon	Type: Dungeon entrance / underground link\nMay require light source, rope, or combat gear	Pre-consolidation PoiIndex/PoiDetails snapshot; identity not globally verified; poi/curated-details.tsv:402; retained basement/cellar marker classification				no_same_type_snapshot_within_12_tiles
poi_006472	poi_006472	dungeon	2433	3315	0	false	true	unresolved	Underground Pass	Requires: Biohazard / Underground Pass quest started\nRope, Bow & Arrows, and Agility boosts recommended	Pre-consolidation PoiIndex/PoiDetails snapshot; identity not globally verified; poi/curated-details.tsv:414	DungeonLocation.UNDERGROUND_PASS_TIRANNWN	Underground Pass	0.0	
poi_006473	poi_006473	dungeon	2998	3493	0	false	true	unresolved	Ruins of Camdozaal	Requires: Below Ice Mountain quest completed\nBarronite mace, mining, fishing, and Golem activities below	Pre-consolidation PoiIndex/PoiDetails snapshot; identity not globally verified; poi/curated-details.tsv:353	DungeonLocation.RUINS_OF_CAMDOZAAL	Ruins of Camdozaal	0.0	
poi_006474	poi_006474	dungeon	3202	3681	0	false	true	unresolved	Corporeal Beast cave	Type: Dungeon entrance / underground link\nMay require light source, rope, or combat gear	Pre-consolidation PoiIndex/PoiDetails snapshot; identity not globally verified; poi/curated-details.tsv:237	DungeonLocation.CORPOREAL_BEAST	Corporeal Beast cave	0.0	
poi_006484	poi_006484	dungeon	3315	2795	0	false	true	unresolved	Sophanem Dungeon Entrance	Type: Dungeon entrance / underground link\nSophanem Dungeon entrance • Contact!\nSophanem Dungeon	Pre-consolidation PoiIndex/PoiDetails snapshot; identity not globally verified; poi/curated-details.tsv:449	DungeonLocation.SOPHANEM	Sophanem Dungeon	2.236	
poi_006485	poi_006485	dungeon	3126	3832	0	false	true	unresolved	Revenant Caves Entrance	Type: Dungeon entrance / underground link\nRevenant Caves northern entrance • Wilderness PvP\nRevenant Caves	Pre-consolidation PoiIndex/PoiDetails snapshot; identity not globally verified; poi/curated-details.tsv:450	DungeonLocation.REVENANT_CAVES_N	Revenant Caves	2.0	
poi_006486	poi_006486	dungeon	3017	3738	0	false	true	unresolved	Wilderness God Wars Dungeon	Requires: 60 Strength or 60 Agility, plus a Rope (Wilderness lvl 28)\nEcumenical key or 40 killcount required for boss rooms	Pre-consolidation PoiIndex/PoiDetails snapshot; identity not globally verified; poi/curated-details.tsv:452	DungeonLocation.WILDERNESS_GOD_WARS	Wilderness God Wars Dungeon	1.414	
poi_006488	poi_006488	dungeon	1435	3671	0	false	true	unresolved	Chasm of Fire Elevator	Type: Dungeon entrance / underground link\nChasm of Fire elevator • Shayzien demons\nChasm of Fire	Pre-consolidation PoiIndex/PoiDetails snapshot; identity not globally verified; poi/curated-details.tsv:455	DungeonLocation.CHASM_OF_FIRE	Chasm of Fire	3.162	
poi_006489	poi_006489	dungeon	1311	3807	0	false	true	unresolved	Karuulm Slayer Dungeon Elevator	Type: Dungeon entrance / underground link\nMount Karuulm elevator • Wyrms & Alchemical Hydra\nKaruulm Slayer Dungeon	Pre-consolidation PoiIndex/PoiDetails snapshot; identity not globally verified; poi/curated-details.tsv:457	DungeonLocation.KARUULM_SLAYER	Karuulm Slayer Dungeon	3.0	
poi_006491	poi_006491	dungeon	1309	3104	0	false	true	unresolved	Tonali Cavern	Type: Dungeon entrance / underground link\nMay require light source, rope, or combat gear	Pre-consolidation PoiIndex/PoiDetails snapshot; identity not globally verified; poi/curated-details.tsv:399	DungeonLocation.TLATI_RAINFOREST_PIT	Tonali Cavern	0.0	
poi_006492	poi_006492	dungeon	1289	3134	0	false	true	unresolved	Dragon Nest	Type: Dungeon entrance / underground link\nMay require light source, rope, or combat gear	Pre-consolidation PoiIndex/PoiDetails snapshot; identity not globally verified; poi/curated-details.tsv:395	DungeonLocation.TLATI_RAINFOREST_DRAGON_NEST	Dragon Nest	0.0	
poi_006493	poi_006493	dungeon	3356	2712	0	false	true	unresolved	Tombs of Amascut Entrance	Type: Dungeon entrance / underground link\nNecropolis entrance to Tombs of Amascut\nTombs of Amascut	Pre-consolidation PoiIndex/PoiDetails snapshot; identity not globally verified; poi/curated-details.tsv:461	DungeonLocation.TOMBS_OF_AMASCUT_LOBBY	Tombs of Amascut	1.414	
poi_006494	poi_006494	dungeon	1306	3574	0	false	true	unresolved	Lizardman Caves	Requires: Combat gear / Molch fishing gear\nLizardmen & cavern tunnels under Lizardman Settlement	Pre-consolidation PoiIndex/PoiDetails snapshot; identity not globally verified; poi/curated-details.tsv:313	DungeonLocation.LIZARDMAN_CAVES	Lizardman Caves	0.0	
poi_006495	poi_006495	dungeon	1640	3166	0	false	true	unresolved	Fortis Barracks	Requires: Children of the Sun (Varlamore access)\nSubterranean barracks & training tunnels under Civitas illa Fortis\nBarracks	Pre-consolidation PoiIndex/PoiDetails snapshot; identity not globally verified; poi/curated-details.tsv:226; poi/curated-details.tsv:270	DungeonLocation.CIVITAS_ILLA_FORTIS_BARRACKS	Barracks	0.0	
poi_006496	poi_006496	dungeon	3226	3108	0	false	true	unresolved	Kalphite Lair	Requires: Rope on the entrance hole (Kalphite Queen lair)\nLight source recommended underground	Pre-consolidation PoiIndex/PoiDetails snapshot; identity not globally verified; poi/curated-details.tsv:302	DungeonLocation.KALPHITE_LAIR	Kalphite Lair	0.0	
poi_006497	poi_006497	dungeon	3319	3122	0	false	true	unresolved	Kalphite Cave	Requires: Shantay pass or desert access\nLight source recommended	Pre-consolidation PoiIndex/PoiDetails snapshot; identity not globally verified; poi/curated-details.tsv:301	DungeonLocation.KALPHITE_CAVE	Kalphite Cave	0.0	
poi_006498	poi_006498	dungeon	3360	3150	0	false	true	unresolved	Giants' Foundry	Requires: Sleeping Giants quest, Kovac, Moulds and metal bars\nGiants' Foundry minigame: smith colossal weapons for rewards	Pre-consolidation PoiIndex/PoiDetails snapshot; identity not globally verified; poi/curated-details.tsv:274	DungeonLocation.GIANTS_FOUNDRY	Giants' Foundry	0.0	
poi_006501	poi_006501	dungeon	2855	3168	0	false	true	unresolved	Karamja Dungeon	Type: Dungeon entrance / underground link\nMay require light source, rope, or combat gear	Pre-consolidation PoiIndex/PoiDetails snapshot; identity not globally verified; poi/curated-details.tsv:303	DungeonLocation.KARAMJA_VOLCANO	Karamja Dungeon	0.0	
poi_006503	poi_006503	dungeon	3168	3172	0	false	true	unresolved	Lumbridge Swamp Caves	Requires: Light source (protected), Rope or Spade\nSpiny helmet recommended against Wall beasts	Pre-consolidation PoiIndex/PoiDetails snapshot; identity not globally verified; poi/curated-details.tsv:320	DungeonLocation.LUMBRIDGE_SWAMP	Lumbridge Swamp Caves	0.0	
poi_006506	poi_006506	dungeon	3184	3745	0	false	true	unresolved	Web Chasm	Type: Dungeon entrance / underground link\nWilderness chasm entrance	Pre-consolidation PoiIndex/PoiDetails snapshot; identity not globally verified; poi/curated-details.tsv:472	DungeonLocation.WEB_CHASM	Web Chasm	0.0	
poi_006507	poi_006507	dungeon	3320	3798	0	false	true	unresolved	Silk Chasm	Requires: Wilderness access (lvl 35), Crush weapon / Magic, Antipoison\nSpindel (solitary Venenatis) boss lair	Pre-consolidation PoiIndex/PoiDetails snapshot; identity not globally verified; poi/curated-details.tsv:375	DungeonLocation.SILK_CHASM	Silk Chasm	0.0	
poi_006508	poi_006508	dungeon	3260	3833	0	false	true	unresolved	Escape Caves	Requires: Wilderness access (lvl 21-40), Wilderness Slayer / bossing gear\nWilderness escape network connecting boss lairs and deep escape exits	Pre-consolidation PoiIndex/PoiDetails snapshot; identity not globally verified; poi/curated-details.tsv:258	DungeonLocation.ESCAPE_CAVES_NW	Escape Caves	0.0	
poi_006509	poi_006509	dungeon	3292	3850	0	false	true	unresolved	Callisto's Den	Requires: Wilderness access (lvl 40), Magic / Ranged combat gear\nCallisto boss lair in the Wilderness	Pre-consolidation PoiIndex/PoiDetails snapshot; identity not globally verified; poi/curated-details.tsv:224	DungeonLocation.CALLISTOS_DEN	Callisto's Den	0.0	
poi_006511	poi_006511	dungeon	2402	3419	0	false	true	unresolved	Brimstail's Cave	Type: Dungeon entrance / underground link\nMay require light source, rope, or combat gear	Pre-consolidation PoiIndex/PoiDetails snapshot; identity not globally verified; poi/curated-details.tsv:223	DungeonLocation.BRIMSTAILS_CAVE	Brimstail's Cave	0.0	
poi_006513	poi_006513	dungeon	2893	3507	0	false	true	unresolved	Heroes' Guild mine	Requires: Heroes' Quest, 50 Mining\nRunite and Mithril rocks below	Pre-consolidation PoiIndex/PoiDetails snapshot; identity not globally verified; poi/curated-details.tsv:282	DungeonLocation.HEROES_GUILD	Heroes' Guild mine	2.0	
poi_006515	poi_006515	dungeon	3149	3347	0	false	true	unresolved	Sourhog Cave	Requires: A Porcine of Interest quest\nSpiny helmet or Slayer helmet required against sourhogs	Pre-consolidation PoiIndex/PoiDetails snapshot; identity not globally verified; poi/curated-details.tsv:384	DungeonLocation.SOURHOG_CAVE	Sourhog Cave	0.0	
poi_006517	poi_006517	basement	3188	3355	0	false	true	unresolved	Champions' Challenge	Type: Dungeon entrance / underground link\nMay require light source, rope, or combat gear	Pre-consolidation PoiIndex/PoiDetails snapshot; identity not globally verified; poi/curated-details.tsv:233; retained basement/cellar marker classification				no_same_type_snapshot_within_12_tiles
poi_006520	poi_006520	dungeon	3243	3383	0	false	true	unresolved	VTAM Corporation	Type: Dungeon entrance / underground link\nMay require light source, rope, or combat gear	Pre-consolidation PoiIndex/PoiDetails snapshot; identity not globally verified; poi/curated-details.tsv:422	DungeonLocation.VTAM_CORP	VTAM Corporation	0.0	
poi_006523	poi_006523	dungeon	2946	3507	0	false	true	unresolved	Scrubfoot's Cave	Type: Dungeon entrance / underground link\nMay require light source, rope, or combat gear	Pre-consolidation PoiIndex/PoiDetails snapshot; identity not globally verified; poi/curated-details.tsv:367	DungeonLocation.SCRUBFOOTS_CAVE	Scrubfoot's Cave	0.0	
poi_006526	poi_006526	dungeon	2443	3051	0	false	true	unresolved	Jiggig Dungeon	Type: Dungeon entrance / underground link\nJiggig cemetery crypt • Zogre Flesh Eaters, Slash Bash tomb	Pre-consolidation PoiIndex/PoiDetails snapshot; identity not globally verified; poi/curated-details.tsv:428	DungeonLocation.SMOKE_DEVIL	Smoke Devil Dungeon	33.526	no_same_type_snapshot_within_12_tiles
poi_006527	poi_006527	dungeon	2525	2894	0	false	true	unresolved	Red Chinchompa Hunting Ground	Type: Dungeon entrance / underground link\nPrivate red chinchompa cave • Western Provinces Hard Diary\nRed chinchompa hunting ground	Pre-consolidation PoiIndex/PoiDetails snapshot; identity not globally verified; poi/curated-details.tsv:429	DungeonLocation.RED_CHIN_HUNTING	Red chinchompa hunting ground	0.0	
poi_006529	poi_006529	dungeon	2824	2998	0	false	true	unresolved	Shilo Village Gem Mine	Type: Dungeon entrance / underground link\nShilo Village gem mine ladder\nShilo Village mine	Pre-consolidation PoiIndex/PoiDetails snapshot; identity not globally verified; poi/curated-details.tsv:431	DungeonLocation.SHILO_VILLAGE_MINE	Shilo Village mine	3.162	
poi_006530	poi_006530	dungeon	2920	2721	0	false	true	unresolved	Crash Island Dungeon	Type: Dungeon entrance / underground link\nMonkey Madness II • Crash Island cavern entrance	Pre-consolidation PoiIndex/PoiDetails snapshot; identity not globally verified; poi/curated-details.tsv:433	DungeonLocation.CRASH_ISLAND	Crash Island Dungeon	0.0	
poi_006531	poi_006531	dungeon	3441	3232	0	false	true	unresolved	Haunted Mine	Type: Dungeon entrance / underground link\nHaunted Mine cart tunnel • Haunted Mine Quest\nAbandoned Mine	Pre-consolidation PoiIndex/PoiDetails snapshot; identity not globally verified; poi/curated-details.tsv:439	DungeonLocation.ABANDONED_MINE	Abandoned Mine	2.0	
poi_006532	poi_006532	dungeon	3657	3407	0	false	true	unresolved	Morytania Spider Cave	Type: Dungeon entrance / underground link\nSpider cave south of Port Phasmatys\nMorytania Spider Nest	Pre-consolidation PoiIndex/PoiDetails snapshot; identity not globally verified; poi/curated-details.tsv:444	DungeonLocation.MORYTANIA_SPIDER_NEST	Morytania Spider Nest	2.236	
poi_006533	poi_006533	dungeon	3221	3788	0	false	true	unresolved	Vet'ion's Rest	Requires: Wilderness access (lvl 35), Crush weapon, Salve amulet\nVet'ion boss lair in the Wilderness	Pre-consolidation PoiIndex/PoiDetails snapshot; identity not globally verified; poi/curated-details.tsv:420	DungeonLocation.VETIONS_REST	Vet'ion's Rest	0.0	
poi_006534	poi_006534	dungeon	2964	3331	0	false	true	unresolved	White Knights' Castle Crypt	Type: Dungeon entrance / underground link\nMay require light source, rope, or combat gear	Pre-consolidation PoiIndex/PoiDetails snapshot; identity not globally verified; poi/curated-details.tsv:475	DungeonLocation.WHITE_KNIGHTS_CASTLE_CRYPT	White Knights' Castle Crypt	0.0	
poi_006536	poi_006536	dungeon	3727	3300	0	false	true	unresolved	Sisterhood Sanctuary	Requires: Priest in Peril (Morytania & Slepe access)\nThe Nightmare of Ashihama boss encounter below	Pre-consolidation PoiIndex/PoiDetails snapshot; identity not globally verified; poi/curated-details.tsv:376	DungeonLocation.SISTERHOOD_SANCTUARY	Sisterhood Sanctuary	0.0	
poi_006537	poi_006537	dungeon	2465	4010	0	false	true	unresolved	Jormungand's Prison Entrance	Type: Dungeon entrance / underground link\nIsland of Stone entrance • The Fremennik Exiles\nJormungand's Prison	Pre-consolidation PoiIndex/PoiDetails snapshot; identity not globally verified; poi/curated-details.tsv:469	DungeonLocation.JORMUNGANDS_PRISON	Jormungand's Prison	2.236	
poi_006539	poi_006539	dungeon	2869	3941	0	false	true	unresolved	Weiss Salt Mine	Requires: Making Friends with My Arm\nTroll salt mine • Efreeti fire & basalt mining\nSalt Mine	Pre-consolidation PoiIndex/PoiDetails snapshot; identity not globally verified; poi/curated-details.tsv:289	DungeonLocation.SALT_MINE	Salt Mine	3.0	
poi_006544	poi_006544	dungeon	3070	2986	0	false	true	unresolved	Pandemonium Cave	Type: Low-level cavern & mining tunnel\nMay require a light source or combat gear\nRegion: The Pandemonium (Sailing)	Pre-consolidation PoiIndex/PoiDetails snapshot; identity not globally verified; poi/curated-details.tsv:850	DungeonLocation.TUTORIAL_ISLAND_W	Tutorial Island mine	134.082	no_same_type_snapshot_within_12_tiles
poi_006545	poi_006545	dungeon	1959	3117	0	false	true	unresolved	Here Be Minotaurs	Type: Underground minotaur cavern\nInhabitants: Minotaurs • Big bone spawns\nRegion: Minotaurs' Rest (Sailing)	Pre-consolidation PoiIndex/PoiDetails snapshot; identity not globally verified; poi/curated-details.tsv:852	DungeonLocation.FORTIS_COLOSSEUM	Fortis Colosseum	165.303	no_same_type_snapshot_within_12_tiles
poi_006546	poi_006546	dungeon	2223	3466	0	false	true	unresolved	Ynysdail Cavern	Type: High-level Slayer cavern (Aquanites)\nRequirements: Level 78 Slayer • Slayer task / unlock\nRegion: Ynysdail (Sailing)	Pre-consolidation PoiIndex/PoiDetails snapshot; identity not globally verified; poi/curated-details.tsv:853	DungeonLocation.KRAKEN_COVE	Kraken Cove	154.729	no_same_type_snapshot_within_12_tiles
poi_006547	poi_006547	dungeon	3120	2490	0	false	true	unresolved	Gryphon Dungeon	Requires: Children of the Sun (Varlamore access)\nShellbane gryphons inside — bring antidote or antipoison	Pre-consolidation PoiIndex/PoiDetails snapshot; identity not globally verified; poi/curated-details.tsv:278	DungeonLocation.GRYPHON_NORTH	Gryphon Dungeon	0.0	
poi_006548	poi_006548	dungeon	1203	2733	0	false	true	unresolved	Kurask Lair	Type: Slayer cave (Kurasks)\nRequirements: Level 70 Slayer, Leaf-bladed weapon or Broad bolts\nRegion: Laguna Aurorae (Sailing)	Pre-consolidation PoiIndex/PoiDetails snapshot; identity not globally verified; poi/curated-details.tsv:855	DungeonLocation.ALDARIN_MOONRISE	Moonrise Brewery and Winery	241.615	no_same_type_snapshot_within_12_tiles
poi_006549	poi_006549	dungeon	3175	2478	0	false	true	unresolved	Shellbane Gryphon Cave	Requires: Children of the Sun (Varlamore access)\nAntipoison strongly recommended	Pre-consolidation PoiIndex/PoiDetails snapshot; identity not globally verified; poi/curated-details.tsv:373	DungeonLocation.SHELLBANE_GRYPHON_CAVE	Shellbane Gryphon Cave	0.0	
poi_006550	poi_006550	dungeon	2190	2327	0	false	true	unresolved	Sunbleak Cave	Type: Underground mining cavern\nFeatures: Coal, Mithril, and Adamantite rocks\nRegion: Sunbleak Island (Sailing)	Pre-consolidation PoiIndex/PoiDetails snapshot; identity not globally verified; poi/curated-details.tsv:856	DungeonLocation.WYRMSCRAIG_CAVERN_W	Wyrmscraig Cavern	359.947	no_same_type_snapshot_within_12_tiles
poi_006551	poi_006551	dungeon	2824	3118	0	false	true	unresolved	Jogre Dungeon	Type: Dungeon entrance / underground link\nMay require light source, rope, or combat gear	Pre-consolidation PoiIndex/PoiDetails snapshot; identity not globally verified; poi/curated-details.tsv:300	DungeonLocation.JOGRE	Jogre Dungeon	0.0	
poi_006552	poi_006552	dungeon	3542	3461	0	false	true	unresolved	Werewolf Agility Course	Requires: Creature of Fenkenstrain, Ring of Charos\nLevel 60 Agility (730 XP per lap with stick)	Pre-consolidation PoiIndex/PoiDetails snapshot; identity not globally verified; poi/curated-details.tsv:474	DungeonLocation.WEREWOLF_AGILITY	Werewolf Agility Course	0.0	
poi_006553	poi_006553	dungeon	3508	3448	0	false	true	unresolved	Myreque Hideout	Type: Dungeon entrance / underground link\nMay require light source, rope, or combat gear	Pre-consolidation PoiIndex/PoiDetails snapshot; identity not globally verified; poi/curated-details.tsv:335	DungeonLocation.MYREQUE_HIDEOUT_SWAMP	Myreque Hideout	0.0	
poi_006554	poi_006554	dungeon	1464	3569	0	false	true	unresolved	Shayzien Prison	Type: Dungeon entrance / underground link\nMay require light source, rope, or combat gear	Pre-consolidation PoiIndex/PoiDetails snapshot; identity not globally verified; poi/curated-details.tsv:372	DungeonLocation.SHAYZIEN_PRISON	Shayzien Prison	0.0	
poi_006555	poi_006555	basement	1589	3526	0	false	true	unresolved	Xeric's Lookout basement	Type: Dungeon entrance / underground link\nMay require light source, rope, or combat gear	Pre-consolidation PoiIndex/PoiDetails snapshot; identity not globally verified; retained basement/cellar marker classification; poi/curated-details.tsv:488; retained metadata, not a newly inferred marker				no_same_type_snapshot_within_12_tiles
poi_006556	poi_006556	dungeon	2819	3374	0	false	true	unresolved	Entrana Dungeon	Type: Dungeon entrance / underground link\nMay require light source, rope, or combat gear	Pre-consolidation PoiIndex/PoiDetails snapshot; identity not globally verified; poi/curated-details.tsv:257	DungeonLocation.ENTRANA	Entrana Dungeon	0.0	
poi_006557	poi_006557	dungeon	1389	2918	0	false	true	unresolved	Alchemical Society	Type: Dungeon entrance / underground link\nMay require light source, rope, or combat gear	Pre-consolidation PoiIndex/PoiDetails snapshot; identity not globally verified; poi/curated-details.tsv:209	DungeonLocation.ALDARIN_ALCHEMICAL_SOCIETY	Alchemical Society	2.236	
poi_006558	poi_006558	dungeon	1213	3559	0	false	true	unresolved	Quidamortem Cave	Type: Dungeon entrance / underground link\nMay require light source, rope, or combat gear	Pre-consolidation PoiIndex/PoiDetails snapshot; identity not globally verified; poi/curated-details.tsv:347	DungeonLocation.QUIDAMORTEM_CAVE	Quidamortem Cave	0.0	
poi_006559	poi_006559	basement	3492	3090	0	false	true	unresolved	Ruins of Uzer basement	Type: Dungeon entrance / underground link\nMay require light source, rope, or combat gear	Pre-consolidation PoiIndex/PoiDetails snapshot; identity not globally verified; retained basement/cellar marker classification; poi/curated-details.tsv:416; retained metadata, not a newly inferred marker				no_same_type_snapshot_within_12_tiles
poi_006560	poi_006560	dungeon	3087	3119	0	false	true	unresolved	Tutorial Island mine	Type: Dungeon entrance / underground link\nMay require light source, rope, or combat gear	Pre-consolidation PoiIndex/PoiDetails snapshot; identity not globally verified; poi/curated-details.tsv:409	DungeonLocation.TUTORIAL_ISLAND_W	Tutorial Island mine	0.0	
poi_006588	poi_006588	rare_trees	2710	3510	0	false	true	unresolved	Willow tree (Level 30)	Level requirement: Level 30 Woodcutting\nTool needed: Axe (Bronze to Crystal)\nYield: Logs, Birds' nests\nWillow tree - Level 30\nRequires Level 30 Woodcutting	Pre-consolidation PoiIndex/PoiDetails snapshot; identity not globally verified; poi/curated-details.tsv:27	RareTreeLocation.WILLOW	Willow tree - Level 30	0.0	
poi_006589	poi_006589	rare_trees	2774	2697	0	false	true	unresolved	Teak tree (Level 35)	Level requirement: Level 35 Woodcutting\nTool needed: Axe (Bronze to Crystal)\nYield: Logs, Birds' nests\nTeak tree - Level 35\nRequires Level 35 Woodcutting	Pre-consolidation PoiIndex/PoiDetails snapshot; identity not globally verified; poi/curated-details.tsv:28	RareTreeLocation.TEAK	Teak tree - Level 35	0.0	
poi_006590	poi_006590	rare_trees	3510	3073	0	false	true	unresolved	Teak tree (Level 35)	Level requirement: Level 35 Woodcutting\nTool needed: Axe (Bronze to Crystal)\nYield: Logs, Birds' nests\nTeak tree - Level 35\nRequires Level 35 Woodcutting	Pre-consolidation PoiIndex/PoiDetails snapshot; identity not globally verified; poi/curated-details.tsv:29	RareTreeLocation.TEAK	Teak tree - Level 35	0.0	
poi_006591	poi_006591	rare_trees	3440	2789	0	false	true	unresolved	Teak tree (Level 35)	Level requirement: Level 35 Woodcutting\nTool needed: Axe (Bronze to Crystal)\nYield: Logs, Birds' nests\nTeak tree - Level 35\nRequires Level 35 Woodcutting	Pre-consolidation PoiIndex/PoiDetails snapshot; identity not globally verified; poi/curated-details.tsv:30	RareTreeLocation.TEAK	Teak tree - Level 35	0.0	
poi_006592	poi_006592	rare_trees	3129	2446	0	false	true	unresolved	Teak tree (Level 35)	Level requirement: Level 35 Woodcutting\nTool needed: Axe (Bronze to Crystal)\nYield: Logs, Birds' nests\nTeak tree - Level 35\nRequires Level 35 Woodcutting	Pre-consolidation PoiIndex/PoiDetails snapshot; identity not globally verified; poi/curated-details.tsv:31	RareTreeLocation.TEAK	Teak tree - Level 35	0.0	
poi_006593	poi_006593	rare_trees	3832	3067	0	false	true	unresolved	Teak tree (Level 35)	Level requirement: Level 35 Woodcutting\nTool needed: Axe (Bronze to Crystal)\nYield: Logs, Birds' nests\nTeak tree - Level 35\nRequires Level 35 Woodcutting	Pre-consolidation PoiIndex/PoiDetails snapshot; identity not globally verified; poi/curated-details.tsv:32	RareTreeLocation.TEAK	Teak tree - Level 35	0.0	
poi_006594	poi_006594	rare_trees	2837	2907	0	false	true	unresolved	Teak tree (Level 35)	Level requirement: Level 35 Woodcutting\nTool needed: Axe (Bronze to Crystal)\nYield: Logs, Birds' nests\nTeak tree - Level 35\nRequires Level 35 Woodcutting	Pre-consolidation PoiIndex/PoiDetails snapshot; identity not globally verified; poi/curated-details.tsv:33	RareTreeLocation.TEAK	Teak tree - Level 35	0.0	
poi_006595	poi_006595	rare_trees	2899	2897	0	false	true	unresolved	Teak tree (Level 35)	Level requirement: Level 35 Woodcutting\nTool needed: Axe (Bronze to Crystal)\nYield: Logs, Birds' nests\nTeak tree - Level 35\nRequires Level 35 Woodcutting	Pre-consolidation PoiIndex/PoiDetails snapshot; identity not globally verified; poi/curated-details.tsv:34	RareTreeLocation.TEAK	Teak tree - Level 35	0.0	
poi_006596	poi_006596	rare_trees	2333	3049	0	false	true	unresolved	Teak tree (Level 35)	Level requirement: Level 35 Woodcutting\nTool needed: Axe (Bronze to Crystal)\nYield: Logs, Birds' nests\nTeak tree - Level 35\nRequires Level 35 Woodcutting	Pre-consolidation PoiIndex/PoiDetails snapshot; identity not globally verified; poi/curated-details.tsv:35	RareTreeLocation.TEAK	Teak tree - Level 35	0.0	
poi_006597	poi_006597	rare_trees	3309	6123	0	false	true	unresolved	Teak tree (Level 35)	Level requirement: Level 35 Woodcutting\nTool needed: Axe (Bronze to Crystal)\nYield: Logs, Birds' nests\nTeak tree - Level 35\nRequires Level 35 Woodcutting	Pre-consolidation PoiIndex/PoiDetails snapshot; identity not globally verified; poi/curated-details.tsv:36	RareTreeLocation.TEAK	Teak tree - Level 35	0.0	
poi_006598	poi_006598	rare_trees	1540	2802	0	false	true	unresolved	Teak tree (Level 35)	Level requirement: Level 35 Woodcutting\nTool needed: Axe (Bronze to Crystal)\nYield: Logs, Birds' nests\nTeak tree - Level 35\nRequires Level 35 Woodcutting	Pre-consolidation PoiIndex/PoiDetails snapshot; identity not globally verified; poi/curated-details.tsv:37	RareTreeLocation.TEAK	Teak tree - Level 35	0.0	
poi_006599	poi_006599	rare_trees	1694	2989	0	false	true	unresolved	Teak tree (Level 35)	Level requirement: Level 35 Woodcutting\nTool needed: Axe (Bronze to Crystal)\nYield: Logs, Birds' nests\nTeak tree - Level 35\nRequires Level 35 Woodcutting	Pre-consolidation PoiIndex/PoiDetails snapshot; identity not globally verified; poi/curated-details.tsv:38	RareTreeLocation.TEAK	Teak tree - Level 35	0.0	
poi_006600	poi_006600	rare_trees	1363	3143	0	false	true	unresolved	Teak tree (Level 35)	Level requirement: Level 35 Woodcutting\nTool needed: Axe (Bronze to Crystal)\nYield: Logs, Birds' nests\nTeak tree - Level 35\nRequires Level 35 Woodcutting	Pre-consolidation PoiIndex/PoiDetails snapshot; identity not globally verified; poi/curated-details.tsv:39	RareTreeLocation.TEAK	Teak tree - Level 35	0.0	
poi_006601	poi_006601	rare_trees	1326	3169	0	false	true	unresolved	Teak tree (Level 35)	Level requirement: Level 35 Woodcutting\nTool needed: Axe (Bronze to Crystal)\nYield: Logs, Birds' nests\nTeak tree - Level 35\nRequires Level 35 Woodcutting	Pre-consolidation PoiIndex/PoiDetails snapshot; identity not globally verified; poi/curated-details.tsv:40	RareTreeLocation.TEAK	Teak tree - Level 35	0.0	
poi_006602	poi_006602	rare_trees	1257	3009	0	false	true	unresolved	Teak tree (Level 35)	Level requirement: Level 35 Woodcutting\nTool needed: Axe (Bronze to Crystal)\nYield: Logs, Birds' nests\nTeak tree - Level 35\nRequires Level 35 Woodcutting	Pre-consolidation PoiIndex/PoiDetails snapshot; identity not globally verified; poi/curated-details.tsv:41	RareTreeLocation.TEAK	Teak tree - Level 35	0.0	
poi_006603	poi_006603	rare_trees	2738	3639	0	false	true	unresolved	Swaying tree (Level 40)	Level requirement: Level 40 Woodcutting\nTool needed: Axe (Bronze to Crystal)\nYield: Logs, Birds' nests\nSwaying tree - Level 40\nRequires Level 40 Woodcutting	Pre-consolidation PoiIndex/PoiDetails snapshot; identity not globally verified; poi/curated-details.tsv:42	RareTreeLocation.SWAYING	Swaying tree - Level 40	0.0	
poi_006604	poi_006604	rare_trees	1690	3524	0	false	true	unresolved	Mature juniper tree (Level 42)	Level requirement: Level 42 Woodcutting\nTool needed: Axe (Bronze to Crystal)\nYield: Logs, Birds' nests\nMature juniper tree - Level 42\nRequires Level 42 Woodcutting	Pre-consolidation PoiIndex/PoiDetails snapshot; identity not globally verified; poi/curated-details.tsv:43	RareTreeLocation.MATURE_JUNIPER	Mature juniper tree - Level 42	0.0	
poi_006605	poi_006605	rare_trees	1231	3704	0	false	true	unresolved	Maple tree (Level 45)	Level requirement: Level 45 Woodcutting\nTool needed: Axe (Bronze to Crystal)\nYield: Logs, Birds' nests\nMaple tree - Level 45\nRequires Level 45 Woodcutting	Pre-consolidation PoiIndex/PoiDetails snapshot; identity not globally verified; poi/curated-details.tsv:44	RareTreeLocation.MAPLE	Maple tree - Level 45	0.0	
poi_006606	poi_006606	rare_trees	1293	3756	0	false	true	unresolved	Maple tree (Level 45)	Level requirement: Level 45 Woodcutting\nTool needed: Axe (Bronze to Crystal)\nYield: Logs, Birds' nests\nMaple tree - Level 45\nRequires Level 45 Woodcutting	Pre-consolidation PoiIndex/PoiDetails snapshot; identity not globally verified; poi/curated-details.tsv:45	RareTreeLocation.MAPLE	Maple tree - Level 45	0.0	
poi_006607	poi_006607	rare_trees	1640	3496	0	false	true	unresolved	Maple tree (Level 45)	Level requirement: Level 45 Woodcutting\nTool needed: Axe (Bronze to Crystal)\nYield: Logs, Birds' nests\nMaple tree - Level 45\nRequires Level 45 Woodcutting	Pre-consolidation PoiIndex/PoiDetails snapshot; identity not globally verified; poi/curated-details.tsv:46	RareTreeLocation.MAPLE	Maple tree - Level 45	0.0	
poi_006608	poi_006608	rare_trees	1613	3494	0	false	true	unresolved	Maple tree (Level 45)	Level requirement: Level 45 Woodcutting\nTool needed: Axe (Bronze to Crystal)\nYield: Logs, Birds' nests\nMaple tree - Level 45\nRequires Level 45 Woodcutting	Pre-consolidation PoiIndex/PoiDetails snapshot; identity not globally verified; poi/curated-details.tsv:47	RareTreeLocation.MAPLE	Maple tree - Level 45	0.0	
poi_006609	poi_006609	rare_trees	1560	3636	0	false	true	unresolved	Maple tree (Level 45)	Level requirement: Level 45 Woodcutting\nTool needed: Axe (Bronze to Crystal)\nYield: Logs, Birds' nests\nMaple tree - Level 45\nRequires Level 45 Woodcutting	Pre-consolidation PoiIndex/PoiDetails snapshot; identity not globally verified; poi/curated-details.tsv:48	RareTreeLocation.MAPLE	Maple tree - Level 45	0.0	
poi_006610	poi_006610	rare_trees	1646	3590	0	false	true	unresolved	Maple tree (Level 45)	Level requirement: Level 45 Woodcutting\nTool needed: Axe (Bronze to Crystal)\nYield: Logs, Birds' nests\nMaple tree - Level 45\nRequires Level 45 Woodcutting	Pre-consolidation PoiIndex/PoiDetails snapshot; identity not globally verified; poi/curated-details.tsv:49	RareTreeLocation.MAPLE	Maple tree - Level 45	0.0	
poi_006611	poi_006611	rare_trees	2550	3869	0	false	true	unresolved	Maple tree (Level 45)	Level requirement: Level 45 Woodcutting\nTool needed: Axe (Bronze to Crystal)\nYield: Logs, Birds' nests\nMaple tree - Level 45\nRequires Level 45 Woodcutting	Pre-consolidation PoiIndex/PoiDetails snapshot; identity not globally verified; poi/curated-details.tsv:50	RareTreeLocation.MAPLE	Maple tree - Level 45	0.0	
poi_006612	poi_006612	rare_trees	2712	3382	0	false	true	unresolved	Maple tree (Level 45)	Level requirement: Level 45 Woodcutting\nTool needed: Axe (Bronze to Crystal)\nYield: Logs, Birds' nests\nMaple tree - Level 45\nRequires Level 45 Woodcutting	Pre-consolidation PoiIndex/PoiDetails snapshot; identity not globally verified; poi/curated-details.tsv:51	RareTreeLocation.MAPLE	Maple tree - Level 45	0.0	
poi_006613	poi_006613	rare_trees	2720	3465	0	false	true	unresolved	Maple tree (Level 45)	Level requirement: Level 45 Woodcutting\nTool needed: Axe (Bronze to Crystal)\nYield: Logs, Birds' nests\nMaple tree - Level 45\nRequires Level 45 Woodcutting	Pre-consolidation PoiIndex/PoiDetails snapshot; identity not globally verified; poi/curated-details.tsv:52	RareTreeLocation.MAPLE	Maple tree - Level 45	0.0	
poi_006614	poi_006614	rare_trees	2726	3501	0	false	true	unresolved	Maple tree (Level 45)	Level requirement: Level 45 Woodcutting\nTool needed: Axe (Bronze to Crystal)\nYield: Logs, Birds' nests\nMaple tree - Level 45\nRequires Level 45 Woodcutting	Pre-consolidation PoiIndex/PoiDetails snapshot; identity not globally verified; poi/curated-details.tsv:53	RareTreeLocation.MAPLE	Maple tree - Level 45	0.0	
poi_006615	poi_006615	rare_trees	2748	3466	0	false	true	unresolved	Maple tree (Level 45)	Level requirement: Level 45 Woodcutting\nTool needed: Axe (Bronze to Crystal)\nYield: Logs, Birds' nests\nMaple tree - Level 45\nRequires Level 45 Woodcutting	Pre-consolidation PoiIndex/PoiDetails snapshot; identity not globally verified; poi/curated-details.tsv:55	RareTreeLocation.MAPLE	Maple tree - Level 45	0.0	
poi_006616	poi_006616	rare_trees	2710	3570	0	false	true	unresolved	Maple tree (Level 45)	Level requirement: Level 45 Woodcutting\nTool needed: Axe (Bronze to Crystal)\nYield: Logs, Birds' nests\nMaple tree - Level 45\nRequires Level 45 Woodcutting	Pre-consolidation PoiIndex/PoiDetails snapshot; identity not globally verified; poi/curated-details.tsv:56	RareTreeLocation.MAPLE	Maple tree - Level 45	0.0	
poi_006617	poi_006617	rare_trees	2254	2808	0	false	true	unresolved	Maple tree (Level 45)	Level requirement: Level 45 Woodcutting\nTool needed: Axe (Bronze to Crystal)\nYield: Logs, Birds' nests\nMaple tree - Level 45\nRequires Level 45 Woodcutting	Pre-consolidation PoiIndex/PoiDetails snapshot; identity not globally verified; poi/curated-details.tsv:57	RareTreeLocation.MAPLE	Maple tree - Level 45	0.0	
poi_006618	poi_006618	rare_trees	2209	3427	0	false	true	unresolved	Maple tree (Level 45)	Level requirement: Level 45 Woodcutting\nTool needed: Axe (Bronze to Crystal)\nYield: Logs, Birds' nests\nMaple tree - Level 45\nRequires Level 45 Woodcutting	Pre-consolidation PoiIndex/PoiDetails snapshot; identity not globally verified; poi/curated-details.tsv:58	RareTreeLocation.MAPLE	Maple tree - Level 45	0.0	
poi_006619	poi_006619	rare_trees	3233	6179	0	false	true	unresolved	Maple tree (Level 45)	Level requirement: Level 45 Woodcutting\nTool needed: Axe (Bronze to Crystal)\nYield: Logs, Birds' nests\nMaple tree - Level 45\nRequires Level 45 Woodcutting	Pre-consolidation PoiIndex/PoiDetails snapshot; identity not globally verified; poi/curated-details.tsv:59	RareTreeLocation.MAPLE	Maple tree - Level 45	0.0	
poi_006620	poi_006620	rare_trees	1362	2862	0	false	true	unresolved	Maple tree (Level 45)	Level requirement: Level 45 Woodcutting\nTool needed: Axe (Bronze to Crystal)\nYield: Logs, Birds' nests\nMaple tree - Level 45\nRequires Level 45 Woodcutting	Pre-consolidation PoiIndex/PoiDetails snapshot; identity not globally verified; poi/curated-details.tsv:60	RareTreeLocation.MAPLE	Maple tree - Level 45	0.0	
poi_006621	poi_006621	rare_trees	1398	2856	0	false	true	unresolved	Maple tree (Level 45)	Level requirement: Level 45 Woodcutting\nTool needed: Axe (Bronze to Crystal)\nYield: Logs, Birds' nests\nMaple tree - Level 45\nRequires Level 45 Woodcutting	Pre-consolidation PoiIndex/PoiDetails snapshot; identity not globally verified; poi/curated-details.tsv:61	RareTreeLocation.MAPLE	Maple tree - Level 45	0.0	
poi_006622	poi_006622	rare_trees	1389	3381	0	false	true	unresolved	Maple tree (Level 45)	Level requirement: Level 45 Woodcutting\nTool needed: Axe (Bronze to Crystal)\nYield: Logs, Birds' nests\nMaple tree - Level 45\nRequires Level 45 Woodcutting	Pre-consolidation PoiIndex/PoiDetails snapshot; identity not globally verified; poi/curated-details.tsv:62	RareTreeLocation.MAPLE	Maple tree - Level 45	0.0	
poi_006623	poi_006623	rare_trees	1370	3344	0	false	true	unresolved	Maple tree (Level 45)	Level requirement: Level 45 Woodcutting\nTool needed: Axe (Bronze to Crystal)\nYield: Logs, Birds' nests\nMaple tree - Level 45\nRequires Level 45 Woodcutting	Pre-consolidation PoiIndex/PoiDetails snapshot; identity not globally verified; poi/curated-details.tsv:63	RareTreeLocation.MAPLE	Maple tree - Level 45	0.0	
poi_006624	poi_006624	rare_trees	1392	3339	0	false	true	unresolved	Maple tree (Level 45)	Level requirement: Level 45 Woodcutting\nTool needed: Axe (Bronze to Crystal)\nYield: Logs, Birds' nests\nMaple tree - Level 45\nRequires Level 45 Woodcutting	Pre-consolidation PoiIndex/PoiDetails snapshot; identity not globally verified; poi/curated-details.tsv:64	RareTreeLocation.MAPLE	Maple tree - Level 45	0.0	
poi_006625	poi_006625	rare_trees	1431	3352	0	false	true	unresolved	Maple tree (Level 45)	Level requirement: Level 45 Woodcutting\nTool needed: Axe (Bronze to Crystal)\nYield: Logs, Birds' nests\nMaple tree - Level 45\nRequires Level 45 Woodcutting	Pre-consolidation PoiIndex/PoiDetails snapshot; identity not globally verified; poi/curated-details.tsv:65	RareTreeLocation.MAPLE	Maple tree - Level 45	0.0	
poi_006626	poi_006626	rare_trees	1237	3770	0	false	true	unresolved	Mahogany tree (Level 50)	Level requirement: Level 50 Woodcutting\nTool needed: Axe (Bronze to Crystal)\nYield: Logs, Birds' nests\nMahogany tree - Level 50\nRequires Level 50 Woodcutting	Pre-consolidation PoiIndex/PoiDetails snapshot; identity not globally verified; poi/curated-details.tsv:66	RareTreeLocation.MAHOGANY	Mahogany tree - Level 50	0.0	
poi_006627	poi_006627	rare_trees	2716	2710	0	false	true	unresolved	Mahogany tree (Level 50)	Level requirement: Level 50 Woodcutting\nTool needed: Axe (Bronze to Crystal)\nYield: Logs, Birds' nests\nMahogany tree - Level 50\nRequires Level 50 Woodcutting	Pre-consolidation PoiIndex/PoiDetails snapshot; identity not globally verified; poi/curated-details.tsv:67	RareTreeLocation.MAHOGANY	Mahogany tree - Level 50	0.0	
poi_006628	poi_006628	rare_trees	2725	2735	0	false	true	unresolved	Mahogany tree (Level 50)	Level requirement: Level 50 Woodcutting\nTool needed: Axe (Bronze to Crystal)\nYield: Logs, Birds' nests\nMahogany tree - Level 50\nRequires Level 50 Woodcutting	Pre-consolidation PoiIndex/PoiDetails snapshot; identity not globally verified; poi/curated-details.tsv:68	RareTreeLocation.MAHOGANY	Mahogany tree - Level 50	0.0	
poi_006629	poi_006629	rare_trees	3824	3053	0	false	true	unresolved	Mahogany tree (Level 50)	Level requirement: Level 50 Woodcutting\nTool needed: Axe (Bronze to Crystal)\nYield: Logs, Birds' nests\nMahogany tree - Level 50\nRequires Level 50 Woodcutting	Pre-consolidation PoiIndex/PoiDetails snapshot; identity not globally verified; poi/curated-details.tsv:69	RareTreeLocation.MAHOGANY	Mahogany tree - Level 50	0.0	
poi_006630	poi_006630	rare_trees	2946	2908	0	false	true	unresolved	Mahogany tree (Level 50)	Level requirement: Level 50 Woodcutting\nTool needed: Axe (Bronze to Crystal)\nYield: Logs, Birds' nests\nMahogany tree - Level 50\nRequires Level 50 Woodcutting	Pre-consolidation PoiIndex/PoiDetails snapshot; identity not globally verified; poi/curated-details.tsv:70	RareTreeLocation.MAHOGANY	Mahogany tree - Level 50	0.0	
poi_006631	poi_006631	rare_trees	3301	6129	0	false	true	unresolved	Mahogany tree (Level 50)	Level requirement: Level 50 Woodcutting\nTool needed: Axe (Bronze to Crystal)\nYield: Logs, Birds' nests\nMahogany tree - Level 50\nRequires Level 50 Woodcutting	Pre-consolidation PoiIndex/PoiDetails snapshot; identity not globally verified; poi/curated-details.tsv:71	RareTreeLocation.MAHOGANY	Mahogany tree - Level 50	0.0	
poi_006632	poi_006632	rare_trees	1586	2786	0	false	true	unresolved	Mahogany tree (Level 50)	Level requirement: Level 50 Woodcutting\nTool needed: Axe (Bronze to Crystal)\nYield: Logs, Birds' nests\nMahogany tree - Level 50\nRequires Level 50 Woodcutting	Pre-consolidation PoiIndex/PoiDetails snapshot; identity not globally verified; poi/curated-details.tsv:72	RareTreeLocation.MAHOGANY	Mahogany tree - Level 50	0.0	
poi_006633	poi_006633	rare_trees	1249	3077	0	false	true	unresolved	Mahogany tree (Level 50)	Level requirement: Level 50 Woodcutting\nTool needed: Axe (Bronze to Crystal)\nYield: Logs, Birds' nests\nMahogany tree - Level 50\nRequires Level 50 Woodcutting	Pre-consolidation PoiIndex/PoiDetails snapshot; identity not globally verified; poi/curated-details.tsv:73	RareTreeLocation.MAHOGANY	Mahogany tree - Level 50	0.0	
poi_006634	poi_006634	rare_trees	1263	3002	0	false	true	unresolved	Mahogany tree (Level 50)	Level requirement: Level 50 Woodcutting\nTool needed: Axe (Bronze to Crystal)\nYield: Logs, Birds' nests\nMahogany tree - Level 50\nRequires Level 50 Woodcutting	Pre-consolidation PoiIndex/PoiDetails snapshot; identity not globally verified; poi/curated-details.tsv:74	RareTreeLocation.MAHOGANY	Mahogany tree - Level 50	0.0	
poi_006635	poi_006635	rare_trees	2602	3895	0	false	true	unresolved	Teak/Mahogany trees (Level 50)	Level requirement: Level 50 Woodcutting\nTool needed: Axe (Bronze to Crystal)\nYield: Logs, Birds' nests\nTeak/Mahogany trees - Level 50\nRequires Level 50 Woodcutting	Pre-consolidation PoiIndex/PoiDetails snapshot; identity not globally verified; poi/curated-details.tsv:75	RareTreeLocation.TEAK_MAHOGANY	Teak/Mahogany trees - Level 50	0.0	
poi_006636	poi_006636	rare_trees	3810	3058	0	false	true	unresolved	Teak/Mahogany trees (Level 50)	Level requirement: Level 50 Woodcutting\nTool needed: Axe (Bronze to Crystal)\nYield: Logs, Birds' nests\nTeak/Mahogany trees - Level 50\nRequires Level 50 Woodcutting	Pre-consolidation PoiIndex/PoiDetails snapshot; identity not globally verified; poi/curated-details.tsv:76	RareTreeLocation.TEAK_MAHOGANY	Teak/Mahogany trees - Level 50	0.0	
poi_006637	poi_006637	rare_trees	2194	2991	0	false	true	unresolved	Teak/Mahogany trees (Level 50)	Level requirement: Level 50 Woodcutting\nTool needed: Axe (Bronze to Crystal)\nYield: Logs, Birds' nests\nTeak/Mahogany trees - Level 50\nRequires Level 50 Woodcutting	Pre-consolidation PoiIndex/PoiDetails snapshot; identity not globally verified; poi/curated-details.tsv:77	RareTreeLocation.TEAK_MAHOGANY	Teak/Mahogany trees - Level 50	0.0	
poi_006638	poi_006638	rare_trees	2821	3084	0	false	true	unresolved	Teak/Mahogany trees (Level 50)	Level requirement: Level 50 Woodcutting\nTool needed: Axe (Bronze to Crystal)\nYield: Logs, Birds' nests\nTeak/Mahogany trees - Level 50\nRequires Level 50 Woodcutting	Pre-consolidation PoiIndex/PoiDetails snapshot; identity not globally verified; poi/curated-details.tsv:78	RareTreeLocation.TEAK_MAHOGANY	Teak/Mahogany trees - Level 50	0.0	
poi_006639	poi_006639	rare_trees	1217	3688	0	false	true	unresolved	Yew tree (Level 60)	Level requirement: Level 60 Woodcutting\nTool needed: Axe (Bronze to Crystal)\nYield: Logs, Birds' nests\nYew tree - Level 60\nRequires Level 60 Woodcutting	Pre-consolidation PoiIndex/PoiDetails snapshot; identity not globally verified; poi/curated-details.tsv:79	RareTreeLocation.YEW	Yew tree - Level 60	0.0	
poi_006640	poi_006640	rare_trees	1353	3731	0	false	true	unresolved	Yew tree (Level 60)	Level requirement: Level 60 Woodcutting\nTool needed: Axe (Bronze to Crystal)\nYield: Logs, Birds' nests\nYew tree - Level 60\nRequires Level 60 Woodcutting	Pre-consolidation PoiIndex/PoiDetails snapshot; identity not globally verified; poi/curated-details.tsv:80	RareTreeLocation.YEW	Yew tree - Level 60	0.0	
poi_006641	poi_006641	rare_trees	1529	3452	0	false	true	unresolved	Yew tree (Level 60)	Level requirement: Level 60 Woodcutting\nTool needed: Axe (Bronze to Crystal)\nYield: Logs, Birds' nests\nYew tree - Level 60\nRequires Level 60 Woodcutting	Pre-consolidation PoiIndex/PoiDetails snapshot; identity not globally verified; poi/curated-details.tsv:81	RareTreeLocation.YEW	Yew tree - Level 60	0.0	
poi_006642	poi_006642	rare_trees	1591	3421	0	false	true	unresolved	Yew tree (Level 60)	Level requirement: Level 60 Woodcutting\nTool needed: Axe (Bronze to Crystal)\nYield: Logs, Birds' nests\nYew tree - Level 60\nRequires Level 60 Woodcutting	Pre-consolidation PoiIndex/PoiDetails snapshot; identity not globally verified; poi/curated-details.tsv:82	RareTreeLocation.YEW	Yew tree - Level 60	0.0	
poi_006643	poi_006643	rare_trees	1647	3508	0	false	true	unresolved	Yew tree (Level 60)	Level requirement: Level 60 Woodcutting\nTool needed: Axe (Bronze to Crystal)\nYield: Logs, Birds' nests\nYew tree - Level 60\nRequires Level 60 Woodcutting	Pre-consolidation PoiIndex/PoiDetails snapshot; identity not globally verified; poi/curated-details.tsv:83	RareTreeLocation.YEW	Yew tree - Level 60	0.0	
poi_006644	poi_006644	rare_trees	1621	3512	0	false	true	unresolved	Yew tree (Level 60)	Level requirement: Level 60 Woodcutting\nTool needed: Axe (Bronze to Crystal)\nYield: Logs, Birds' nests\nYew tree - Level 60\nRequires Level 60 Woodcutting	Pre-consolidation PoiIndex/PoiDetails snapshot; identity not globally verified; poi/curated-details.tsv:84	RareTreeLocation.YEW	Yew tree - Level 60	0.0	
poi_006645	poi_006645	rare_trees	1593	3491	0	false	true	unresolved	Yew tree (Level 60)	Level requirement: Level 60 Woodcutting\nTool needed: Axe (Bronze to Crystal)\nYield: Logs, Birds' nests\nYew tree - Level 60\nRequires Level 60 Woodcutting	Pre-consolidation PoiIndex/PoiDetails snapshot; identity not globally verified; poi/curated-details.tsv:85	RareTreeLocation.YEW	Yew tree - Level 60	0.0	
poi_006646	poi_006646	rare_trees	1583	3499	0	false	true	unresolved	Yew tree (Level 60)	Level requirement: Level 60 Woodcutting\nTool needed: Axe (Bronze to Crystal)\nYield: Logs, Birds' nests\nYew tree - Level 60\nRequires Level 60 Woodcutting	Pre-consolidation PoiIndex/PoiDetails snapshot; identity not globally verified; poi/curated-details.tsv:86	RareTreeLocation.YEW	Yew tree - Level 60	0.0	
poi_006647	poi_006647	rare_trees	1696	3554	0	false	true	unresolved	Yew tree (Level 60)	Level requirement: Level 60 Woodcutting\nTool needed: Axe (Bronze to Crystal)\nYield: Logs, Birds' nests\nYew tree - Level 60\nRequires Level 60 Woodcutting	Pre-consolidation PoiIndex/PoiDetails snapshot; identity not globally verified; poi/curated-details.tsv:87	RareTreeLocation.YEW	Yew tree - Level 60	0.0	
poi_006648	poi_006648	rare_trees	1625	3677	0	false	true	unresolved	Yew tree (Level 60)	Level requirement: Level 60 Woodcutting\nTool needed: Axe (Bronze to Crystal)\nYield: Logs, Birds' nests\nYew tree - Level 60\nRequires Level 60 Woodcutting	Pre-consolidation PoiIndex/PoiDetails snapshot; identity not globally verified; poi/curated-details.tsv:88	RareTreeLocation.YEW	Yew tree - Level 60	0.0	
poi_006649	poi_006649	rare_trees	1625	3669	0	false	true	unresolved	Yew tree (Level 60)	Level requirement: Level 60 Woodcutting\nTool needed: Axe (Bronze to Crystal)\nYield: Logs, Birds' nests\nYew tree - Level 60\nRequires Level 60 Woodcutting	Pre-consolidation PoiIndex/PoiDetails snapshot; identity not globally verified; poi/curated-details.tsv:89	RareTreeLocation.YEW	Yew tree - Level 60	0.0	
poi_006650	poi_006650	rare_trees	1642	3683	0	false	true	unresolved	Yew tree (Level 60)	Level requirement: Level 60 Woodcutting\nTool needed: Axe (Bronze to Crystal)\nYield: Logs, Birds' nests\nYew tree - Level 60\nRequires Level 60 Woodcutting	Pre-consolidation PoiIndex/PoiDetails snapshot; identity not globally verified; poi/curated-details.tsv:90	RareTreeLocation.YEW	Yew tree - Level 60	0.0	
poi_006651	poi_006651	rare_trees	1642	3663	0	false	true	unresolved	Yew tree (Level 60)	Level requirement: Level 60 Woodcutting\nTool needed: Axe (Bronze to Crystal)\nYield: Logs, Birds' nests\nYew tree - Level 60\nRequires Level 60 Woodcutting	Pre-consolidation PoiIndex/PoiDetails snapshot; identity not globally verified; poi/curated-details.tsv:91	RareTreeLocation.YEW	Yew tree - Level 60	0.0	
poi_006652	poi_006652	rare_trees	1642	3533	0	false	true	unresolved	Yew tree (Level 60)	Level requirement: Level 60 Woodcutting\nTool needed: Axe (Bronze to Crystal)\nYield: Logs, Birds' nests\nYew tree - Level 60\nRequires Level 60 Woodcutting	Pre-consolidation PoiIndex/PoiDetails snapshot; identity not globally verified; poi/curated-details.tsv:92	RareTreeLocation.YEW	Yew tree - Level 60	0.0	
poi_006653	poi_006653	rare_trees	1671	3657	0	false	true	unresolved	Yew tree (Level 60)	Level requirement: Level 60 Woodcutting\nTool needed: Axe (Bronze to Crystal)\nYield: Logs, Birds' nests\nYew tree - Level 60\nRequires Level 60 Woodcutting	Pre-consolidation PoiIndex/PoiDetails snapshot; identity not globally verified; poi/curated-details.tsv:93	RareTreeLocation.YEW	Yew tree - Level 60	0.0	
poi_006654	poi_006654	rare_trees	1680	3657	0	false	true	unresolved	Yew tree (Level 60)	Level requirement: Level 60 Woodcutting\nTool needed: Axe (Bronze to Crystal)\nYield: Logs, Birds' nests\nYew tree - Level 60\nRequires Level 60 Woodcutting	Pre-consolidation PoiIndex/PoiDetails snapshot; identity not globally verified; poi/curated-details.tsv:94	RareTreeLocation.YEW	Yew tree - Level 60	0.0	
poi_006655	poi_006655	rare_trees	1572	3618	0	false	true	unresolved	Yew tree (Level 60)	Level requirement: Level 60 Woodcutting\nTool needed: Axe (Bronze to Crystal)\nYield: Logs, Birds' nests\nYew tree - Level 60\nRequires Level 60 Woodcutting	Pre-consolidation PoiIndex/PoiDetails snapshot; identity not globally verified; poi/curated-details.tsv:95	RareTreeLocation.YEW	Yew tree - Level 60	0.0	
poi_006656	poi_006656	rare_trees	1553	3551	0	false	true	unresolved	Yew tree (Level 60)	Level requirement: Level 60 Woodcutting\nTool needed: Axe (Bronze to Crystal)\nYield: Logs, Birds' nests\nYew tree - Level 60\nRequires Level 60 Woodcutting	Pre-consolidation PoiIndex/PoiDetails snapshot; identity not globally verified; poi/curated-details.tsv:96	RareTreeLocation.YEW	Yew tree - Level 60	0.0	
poi_006657	poi_006657	rare_trees	1496	3582	0	false	true	unresolved	Yew tree (Level 60)	Level requirement: Level 60 Woodcutting\nTool needed: Axe (Bronze to Crystal)\nYield: Logs, Birds' nests\nYew tree - Level 60\nRequires Level 60 Woodcutting	Pre-consolidation PoiIndex/PoiDetails snapshot; identity not globally verified; poi/curated-details.tsv:97	RareTreeLocation.YEW	Yew tree - Level 60	0.0	
poi_006658	poi_006658	rare_trees	1733	3119	0	false	true	unresolved	Yew tree (Level 60)	Level requirement: Level 60 Woodcutting\nTool needed: Axe (Bronze to Crystal)\nYield: Logs, Birds' nests\nYew tree - Level 60\nRequires Level 60 Woodcutting	Pre-consolidation PoiIndex/PoiDetails snapshot; identity not globally verified; poi/curated-details.tsv:98	RareTreeLocation.YEW	Yew tree - Level 60	0.0	
poi_006659	poi_006659	rare_trees	1749	3106	0	false	true	unresolved	Yew tree (Level 60)	Level requirement: Level 60 Woodcutting\nTool needed: Axe (Bronze to Crystal)\nYield: Logs, Birds' nests\nYew tree - Level 60\nRequires Level 60 Woodcutting	Pre-consolidation PoiIndex/PoiDetails snapshot; identity not globally verified; poi/curated-details.tsv:99	RareTreeLocation.YEW	Yew tree - Level 60	0.0	
poi_006660	poi_006660	rare_trees	1498	3245	0	false	true	unresolved	Yew tree (Level 60)	Level requirement: Level 60 Woodcutting\nTool needed: Axe (Bronze to Crystal)\nYield: Logs, Birds' nests\nYew tree - Level 60\nRequires Level 60 Woodcutting	Pre-consolidation PoiIndex/PoiDetails snapshot; identity not globally verified; poi/curated-details.tsv:100	RareTreeLocation.YEW	Yew tree - Level 60	0.0	
poi_006661	poi_006661	rare_trees	1296	3409	0	false	true	unresolved	Yew tree (Level 60)	Level requirement: Level 60 Woodcutting\nTool needed: Axe (Bronze to Crystal)\nYield: Logs, Birds' nests\nYew tree - Level 60\nRequires Level 60 Woodcutting	Pre-consolidation PoiIndex/PoiDetails snapshot; identity not globally verified; poi/curated-details.tsv:101	RareTreeLocation.YEW	Yew tree - Level 60	0.0	
poi_006662	poi_006662	rare_trees	1361	3320	0	false	true	unresolved	Yew tree (Level 60)	Level requirement: Level 60 Woodcutting\nTool needed: Axe (Bronze to Crystal)\nYield: Logs, Birds' nests\nYew tree - Level 60\nRequires Level 60 Woodcutting	Pre-consolidation PoiIndex/PoiDetails snapshot; identity not globally verified; poi/curated-details.tsv:102	RareTreeLocation.YEW	Yew tree - Level 60	0.0	
poi_006663	poi_006663	rare_trees	1380	3323	0	false	true	unresolved	Yew tree (Level 60)	Level requirement: Level 60 Woodcutting\nTool needed: Axe (Bronze to Crystal)\nYield: Logs, Birds' nests\nYew tree - Level 60\nRequires Level 60 Woodcutting	Pre-consolidation PoiIndex/PoiDetails snapshot; identity not globally verified; poi/curated-details.tsv:103	RareTreeLocation.YEW	Yew tree - Level 60	0.0	
poi_006664	poi_006664	rare_trees	1354	3289	0	false	true	unresolved	Yew tree (Level 60)	Level requirement: Level 60 Woodcutting\nTool needed: Axe (Bronze to Crystal)\nYield: Logs, Birds' nests\nYew tree - Level 60\nRequires Level 60 Woodcutting	Pre-consolidation PoiIndex/PoiDetails snapshot; identity not globally verified; poi/curated-details.tsv:104	RareTreeLocation.YEW	Yew tree - Level 60	0.0	
poi_006665	poi_006665	rare_trees	1412	2992	0	false	true	unresolved	Yew tree (Level 60)	Level requirement: Level 60 Woodcutting\nTool needed: Axe (Bronze to Crystal)\nYield: Logs, Birds' nests\nYew tree - Level 60\nRequires Level 60 Woodcutting	Pre-consolidation PoiIndex/PoiDetails snapshot; identity not globally verified; poi/curated-details.tsv:105	RareTreeLocation.YEW	Yew tree - Level 60	0.0	
poi_006666	poi_006666	rare_trees	2217	3141	0	false	true	unresolved	Yew tree (Level 60)	Level requirement: Level 60 Woodcutting\nTool needed: Axe (Bronze to Crystal)\nYield: Logs, Birds' nests\nYew tree - Level 60\nRequires Level 60 Woodcutting	Pre-consolidation PoiIndex/PoiDetails snapshot; identity not globally verified; poi/curated-details.tsv:106	RareTreeLocation.YEW	Yew tree - Level 60	0.0	
poi_006667	poi_006667	rare_trees	3288	6066	0	false	true	unresolved	Yew tree (Level 60)	Level requirement: Level 60 Woodcutting\nTool needed: Axe (Bronze to Crystal)\nYield: Logs, Birds' nests\nYew tree - Level 60\nRequires Level 60 Woodcutting	Pre-consolidation PoiIndex/PoiDetails snapshot; identity not globally verified; poi/curated-details.tsv:107	RareTreeLocation.YEW	Yew tree - Level 60	0.0	
poi_006668	poi_006668	rare_trees	3305	6032	0	false	true	unresolved	Yew tree (Level 60)	Level requirement: Level 60 Woodcutting\nTool needed: Axe (Bronze to Crystal)\nYield: Logs, Birds' nests\nYew tree - Level 60\nRequires Level 60 Woodcutting	Pre-consolidation PoiIndex/PoiDetails snapshot; identity not globally verified; poi/curated-details.tsv:108	RareTreeLocation.YEW	Yew tree - Level 60	0.0	
poi_006669	poi_006669	rare_trees	2315	3610	0	false	true	unresolved	Yew tree (Level 60)	Level requirement: Level 60 Woodcutting\nTool needed: Axe (Bronze to Crystal)\nYield: Logs, Birds' nests\nYew tree - Level 60\nRequires Level 60 Woodcutting	Pre-consolidation PoiIndex/PoiDetails snapshot; identity not globally verified; poi/curated-details.tsv:109	RareTreeLocation.YEW	Yew tree - Level 60	0.0	
poi_006670	poi_006670	rare_trees	2331	3514	0	false	true	unresolved	Yew tree (Level 60)	Level requirement: Level 60 Woodcutting\nTool needed: Axe (Bronze to Crystal)\nYield: Logs, Birds' nests\nYew tree - Level 60\nRequires Level 60 Woodcutting	Pre-consolidation PoiIndex/PoiDetails snapshot; identity not globally verified; poi/curated-details.tsv:110	RareTreeLocation.YEW	Yew tree - Level 60	0.0	
poi_006671	poi_006671	rare_trees	2358	3510	0	false	true	unresolved	Yew tree (Level 60)	Level requirement: Level 60 Woodcutting\nTool needed: Axe (Bronze to Crystal)\nYield: Logs, Birds' nests\nYew tree - Level 60\nRequires Level 60 Woodcutting	Pre-consolidation PoiIndex/PoiDetails snapshot; identity not globally verified; poi/curated-details.tsv:111	RareTreeLocation.YEW	Yew tree - Level 60	0.0	
poi_006672	poi_006672	rare_trees	2360	3471	0	false	true	unresolved	Yew tree (Level 60)	Level requirement: Level 60 Woodcutting\nTool needed: Axe (Bronze to Crystal)\nYield: Logs, Birds' nests\nYew tree - Level 60\nRequires Level 60 Woodcutting	Pre-consolidation PoiIndex/PoiDetails snapshot; identity not globally verified; poi/curated-details.tsv:112	RareTreeLocation.YEW	Yew tree - Level 60	0.0	
poi_006673	poi_006673	rare_trees	2434	3432	0	false	true	unresolved	Yew tree (Level 60)	Level requirement: Level 60 Woodcutting\nTool needed: Axe (Bronze to Crystal)\nYield: Logs, Birds' nests\nYew tree - Level 60\nRequires Level 60 Woodcutting	Pre-consolidation PoiIndex/PoiDetails snapshot; identity not globally verified; poi/curated-details.tsv:113	RareTreeLocation.YEW	Yew tree - Level 60	0.0	
poi_006674	poi_006674	rare_trees	2493	3396	0	false	true	unresolved	Yew tree (Level 60)	Level requirement: Level 60 Woodcutting\nTool needed: Axe (Bronze to Crystal)\nYield: Logs, Birds' nests\nYew tree - Level 60\nRequires Level 60 Woodcutting	Pre-consolidation PoiIndex/PoiDetails snapshot; identity not globally verified; poi/curated-details.tsv:114	RareTreeLocation.YEW	Yew tree - Level 60	0.0	
poi_006675	poi_006675	rare_trees	2495	3490	0	false	true	unresolved	Yew tree (Level 60)	Level requirement: Level 60 Woodcutting\nTool needed: Axe (Bronze to Crystal)\nYield: Logs, Birds' nests\nYew tree - Level 60\nRequires Level 60 Woodcutting	Pre-consolidation PoiIndex/PoiDetails snapshot; identity not globally verified; poi/curated-details.tsv:115	RareTreeLocation.YEW	Yew tree - Level 60	0.0	
poi_006676	poi_006676	rare_trees	2733	3334	0	false	true	unresolved	Yew tree (Level 60)	Level requirement: Level 60 Woodcutting\nTool needed: Axe (Bronze to Crystal)\nYield: Logs, Birds' nests\nYew tree - Level 60\nRequires Level 60 Woodcutting	Pre-consolidation PoiIndex/PoiDetails snapshot; identity not globally verified; poi/curated-details.tsv:116	RareTreeLocation.YEW	Yew tree - Level 60	0.0	
poi_006677	poi_006677	rare_trees	2757	3431	0	false	true	unresolved	Yew tree (Level 60)	Level requirement: Level 60 Woodcutting\nTool needed: Axe (Bronze to Crystal)\nYield: Logs, Birds' nests\nYew tree - Level 60\nRequires Level 60 Woodcutting	Pre-consolidation PoiIndex/PoiDetails snapshot; identity not globally verified; poi/curated-details.tsv:117	RareTreeLocation.YEW	Yew tree - Level 60	0.0	
poi_006678	poi_006678	rare_trees	2714	3460	0	false	true	unresolved	Yew tree (Level 60)	Level requirement: Level 60 Woodcutting\nTool needed: Axe (Bronze to Crystal)\nYield: Logs, Birds' nests\nYew tree - Level 60\nRequires Level 60 Woodcutting	Pre-consolidation PoiIndex/PoiDetails snapshot; identity not globally verified; poi/curated-details.tsv:118	RareTreeLocation.YEW	Yew tree - Level 60	0.0	
poi_006679	poi_006679	rare_trees	2995	3312	0	false	true	unresolved	Yew tree (Level 60)	Level requirement: Level 60 Woodcutting\nTool needed: Axe (Bronze to Crystal)\nYield: Logs, Birds' nests\nYew tree - Level 60\nRequires Level 60 Woodcutting	Pre-consolidation PoiIndex/PoiDetails snapshot; identity not globally verified; poi/curated-details.tsv:119	RareTreeLocation.YEW	Yew tree - Level 60	0.0	
poi_006680	poi_006680	rare_trees	3018	3316	0	false	true	unresolved	Yew tree (Level 60)	Level requirement: Level 60 Woodcutting\nTool needed: Axe (Bronze to Crystal)\nYield: Logs, Birds' nests\nYew tree - Level 60\nRequires Level 60 Woodcutting	Pre-consolidation PoiIndex/PoiDetails snapshot; identity not globally verified; poi/curated-details.tsv:120	RareTreeLocation.YEW	Yew tree - Level 60	0.0	
poi_006681	poi_006681	rare_trees	3041	3320	0	false	true	unresolved	Yew tree (Level 60)	Level requirement: Level 60 Woodcutting\nTool needed: Axe (Bronze to Crystal)\nYield: Logs, Birds' nests\nYew tree - Level 60\nRequires Level 60 Woodcutting	Pre-consolidation PoiIndex/PoiDetails snapshot; identity not globally verified; poi/curated-details.tsv:121	RareTreeLocation.YEW	Yew tree - Level 60	0.0	
poi_006682	poi_006682	rare_trees	3052	3272	0	false	true	unresolved	Yew tree (Level 60)	Level requirement: Level 60 Woodcutting\nTool needed: Axe (Bronze to Crystal)\nYield: Logs, Birds' nests\nYew tree - Level 60\nRequires Level 60 Woodcutting	Pre-consolidation PoiIndex/PoiDetails snapshot; identity not globally verified; poi/curated-details.tsv:122	RareTreeLocation.YEW	Yew tree - Level 60	0.0	
poi_006683	poi_006683	rare_trees	2931	3231	0	false	true	unresolved	Yew tree (Level 60)	Level requirement: Level 60 Woodcutting\nTool needed: Axe (Bronze to Crystal)\nYield: Logs, Birds' nests\nYew tree - Level 60\nRequires Level 60 Woodcutting	Pre-consolidation PoiIndex/PoiDetails snapshot; identity not globally verified; poi/curated-details.tsv:123	RareTreeLocation.YEW	Yew tree - Level 60	0.0	
poi_006684	poi_006684	rare_trees	3085	3481	0	false	true	unresolved	Yew tree (Level 60)	Level requirement: Level 60 Woodcutting\nTool needed: Axe (Bronze to Crystal)\nYield: Logs, Birds' nests\nYew tree - Level 60\nRequires Level 60 Woodcutting	Pre-consolidation PoiIndex/PoiDetails snapshot; identity not globally verified; poi/curated-details.tsv:124	RareTreeLocation.YEW	Yew tree - Level 60	0.0	
poi_006685	poi_006685	rare_trees	3085	3469	0	false	true	unresolved	Yew tree (Level 60)	Level requirement: Level 60 Woodcutting\nTool needed: Axe (Bronze to Crystal)\nYield: Logs, Birds' nests\nYew tree - Level 60\nRequires Level 60 Woodcutting	Pre-consolidation PoiIndex/PoiDetails snapshot; identity not globally verified; poi/curated-details.tsv:125	RareTreeLocation.YEW	Yew tree - Level 60	0.0	
poi_006686	poi_006686	rare_trees	3146	3255	0	false	true	unresolved	Yew tree (Level 60)	Level requirement: Level 60 Woodcutting\nTool needed: Axe (Bronze to Crystal)\nYield: Logs, Birds' nests\nYew tree - Level 60\nRequires Level 60 Woodcutting	Pre-consolidation PoiIndex/PoiDetails snapshot; identity not globally verified; poi/curated-details.tsv:126	RareTreeLocation.YEW	Yew tree - Level 60	0.0	
poi_006687	poi_006687	rare_trees	3151	3231	0	false	true	unresolved	Yew tree (Level 60)	Level requirement: Level 60 Woodcutting\nTool needed: Axe (Bronze to Crystal)\nYield: Logs, Birds' nests\nYew tree - Level 60\nRequires Level 60 Woodcutting	Pre-consolidation PoiIndex/PoiDetails snapshot; identity not globally verified; poi/curated-details.tsv:127	RareTreeLocation.YEW	Yew tree - Level 60	0.0	
poi_006688	poi_006688	rare_trees	3165	3220	0	false	true	unresolved	Yew tree (Level 60)	Level requirement: Level 60 Woodcutting\nTool needed: Axe (Bronze to Crystal)\nYield: Logs, Birds' nests\nYew tree - Level 60\nRequires Level 60 Woodcutting	Pre-consolidation PoiIndex/PoiDetails snapshot; identity not globally verified; poi/curated-details.tsv:128	RareTreeLocation.YEW	Yew tree - Level 60	0.0	
poi_006689	poi_006689	rare_trees	3184	3227	0	false	true	unresolved	Yew tree (Level 60)	Level requirement: Level 60 Woodcutting\nTool needed: Axe (Bronze to Crystal)\nYield: Logs, Birds' nests\nYew tree - Level 60\nRequires Level 60 Woodcutting	Pre-consolidation PoiIndex/PoiDetails snapshot; identity not globally verified; poi/curated-details.tsv:129	RareTreeLocation.YEW	Yew tree - Level 60	0.0	
poi_006690	poi_006690	rare_trees	3251	3364	0	false	true	unresolved	Yew tree (Level 60)	Level requirement: Level 60 Woodcutting\nTool needed: Axe (Bronze to Crystal)\nYield: Logs, Birds' nests\nYew tree - Level 60\nRequires Level 60 Woodcutting	Pre-consolidation PoiIndex/PoiDetails snapshot; identity not globally verified; poi/curated-details.tsv:130	RareTreeLocation.YEW	Yew tree - Level 60	0.0	
poi_006691	poi_006691	rare_trees	3204	3504	0	false	true	unresolved	Yew tree (Level 60)	Level requirement: Level 60 Woodcutting\nTool needed: Axe (Bronze to Crystal)\nYield: Logs, Birds' nests\nYew tree - Level 60\nRequires Level 60 Woodcutting	Pre-consolidation PoiIndex/PoiDetails snapshot; identity not globally verified; poi/curated-details.tsv:131	RareTreeLocation.YEW	Yew tree - Level 60	0.0	
poi_006692	poi_006692	rare_trees	3208	3500	0	false	true	unresolved	Yew tree (Level 60)	Level requirement: Level 60 Woodcutting\nTool needed: Axe (Bronze to Crystal)\nYield: Logs, Birds' nests\nYew tree - Level 60\nRequires Level 60 Woodcutting	Pre-consolidation PoiIndex/PoiDetails snapshot; identity not globally verified; poi/curated-details.tsv:132	RareTreeLocation.YEW	Yew tree - Level 60	0.0	
poi_006693	poi_006693	rare_trees	3221	3503	0	false	true	unresolved	Yew tree (Level 60)	Level requirement: Level 60 Woodcutting\nTool needed: Axe (Bronze to Crystal)\nYield: Logs, Birds' nests\nYew tree - Level 60\nRequires Level 60 Woodcutting	Pre-consolidation PoiIndex/PoiDetails snapshot; identity not globally verified; poi/curated-details.tsv:133	RareTreeLocation.YEW	Yew tree - Level 60	0.0	
poi_006694	poi_006694	rare_trees	3248	3473	0	false	true	unresolved	Yew tree (Level 60)	Level requirement: Level 60 Woodcutting\nTool needed: Axe (Bronze to Crystal)\nYield: Logs, Birds' nests\nYew tree - Level 60\nRequires Level 60 Woodcutting	Pre-consolidation PoiIndex/PoiDetails snapshot; identity not globally verified; poi/curated-details.tsv:134	RareTreeLocation.YEW	Yew tree - Level 60	0.0	
poi_006695	poi_006695	rare_trees	3266	3494	0	false	true	unresolved	Yew tree (Level 60)	Level requirement: Level 60 Woodcutting\nTool needed: Axe (Bronze to Crystal)\nYield: Logs, Birds' nests\nYew tree - Level 60\nRequires Level 60 Woodcutting	Pre-consolidation PoiIndex/PoiDetails snapshot; identity not globally verified; poi/curated-details.tsv:135	RareTreeLocation.YEW	Yew tree - Level 60	0.0	
poi_006696	poi_006696	rare_trees	3270	3471	0	false	true	unresolved	Yew tree (Level 60)	Level requirement: Level 60 Woodcutting\nTool needed: Axe (Bronze to Crystal)\nYield: Logs, Birds' nests\nYew tree - Level 60\nRequires Level 60 Woodcutting	Pre-consolidation PoiIndex/PoiDetails snapshot; identity not globally verified; poi/curated-details.tsv:136	RareTreeLocation.YEW	Yew tree - Level 60	0.0	
poi_006697	poi_006697	rare_trees	3304	3470	0	false	true	unresolved	Yew tree (Level 60)	Level requirement: Level 60 Woodcutting\nTool needed: Axe (Bronze to Crystal)\nYield: Logs, Birds' nests\nYew tree - Level 60\nRequires Level 60 Woodcutting	Pre-consolidation PoiIndex/PoiDetails snapshot; identity not globally verified; poi/curated-details.tsv:137	RareTreeLocation.YEW	Yew tree - Level 60	0.0	
poi_006698	poi_006698	rare_trees	3249	3202	0	false	true	unresolved	Yew tree (Level 60)	Level requirement: Level 60 Woodcutting\nTool needed: Axe (Bronze to Crystal)\nYield: Logs, Birds' nests\nYew tree - Level 60\nRequires Level 60 Woodcutting	Pre-consolidation PoiIndex/PoiDetails snapshot; identity not globally verified; poi/curated-details.tsv:138	RareTreeLocation.YEW	Yew tree - Level 60	0.0	
poi_006699	poi_006699	rare_trees	3674	3447	0	false	true	unresolved	Yew tree (Level 60)	Level requirement: Level 60 Woodcutting\nTool needed: Axe (Bronze to Crystal)\nYield: Logs, Birds' nests\nYew tree - Level 60\nRequires Level 60 Woodcutting	Pre-consolidation PoiIndex/PoiDetails snapshot; identity not globally verified; poi/curated-details.tsv:139	RareTreeLocation.YEW	Yew tree - Level 60	0.0	
poi_006700	poi_006700	rare_trees	3684	3385	0	false	true	unresolved	Yew tree (Level 60)	Level requirement: Level 60 Woodcutting\nTool needed: Axe (Bronze to Crystal)\nYield: Logs, Birds' nests\nYew tree - Level 60\nRequires Level 60 Woodcutting	Pre-consolidation PoiIndex/PoiDetails snapshot; identity not globally verified; poi/curated-details.tsv:140	RareTreeLocation.YEW	Yew tree - Level 60	0.0	
poi_006701	poi_006701	rare_trees	2147	2972	0	false	true	unresolved	Yew tree (Level 60)	Level requirement: Level 60 Woodcutting\nTool needed: Axe (Bronze to Crystal)\nYield: Logs, Birds' nests\nYew tree - Level 60\nRequires Level 60 Woodcutting	Pre-consolidation PoiIndex/PoiDetails snapshot; identity not globally verified; poi/curated-details.tsv:141	RareTreeLocation.YEW	Yew tree - Level 60	0.0	
poi_006702	poi_006702	rare_trees	2165	2863	0	false	true	unresolved	Yew tree (Level 60)	Level requirement: Level 60 Woodcutting\nTool needed: Axe (Bronze to Crystal)\nYield: Logs, Birds' nests\nYew tree - Level 60\nRequires Level 60 Woodcutting	Pre-consolidation PoiIndex/PoiDetails snapshot; identity not globally verified; poi/curated-details.tsv:142	RareTreeLocation.YEW	Yew tree - Level 60	0.0	
poi_006703	poi_006703	rare_trees	2340	2762	0	false	true	unresolved	Yew tree (Level 60)	Level requirement: Level 60 Woodcutting\nTool needed: Axe (Bronze to Crystal)\nYield: Logs, Birds' nests\nYew tree - Level 60\nRequires Level 60 Woodcutting	Pre-consolidation PoiIndex/PoiDetails snapshot; identity not globally verified; poi/curated-details.tsv:143	RareTreeLocation.YEW	Yew tree - Level 60	0.0	
poi_006704	poi_006704	rare_trees	2077	2707	0	false	true	unresolved	Yew tree (Level 60)	Level requirement: Level 60 Woodcutting\nTool needed: Axe (Bronze to Crystal)\nYield: Logs, Birds' nests\nYew tree - Level 60\nRequires Level 60 Woodcutting	Pre-consolidation PoiIndex/PoiDetails snapshot; identity not globally verified; poi/curated-details.tsv:144	RareTreeLocation.YEW	Yew tree - Level 60	0.0	
poi_006705	poi_006705	rare_trees	1950	2786	0	false	true	unresolved	Yew tree (Level 60)	Level requirement: Level 60 Woodcutting\nTool needed: Axe (Bronze to Crystal)\nYield: Logs, Birds' nests\nYew tree - Level 60\nRequires Level 60 Woodcutting	Pre-consolidation PoiIndex/PoiDetails snapshot; identity not globally verified; poi/curated-details.tsv:145	RareTreeLocation.YEW	Yew tree - Level 60	0.0	
poi_006706	poi_006706	rare_trees	1224	2781	0	false	true	unresolved	Yew tree (Level 60)	Level requirement: Level 60 Woodcutting\nTool needed: Axe (Bronze to Crystal)\nYield: Logs, Birds' nests\nYew tree - Level 60\nRequires Level 60 Woodcutting	Pre-consolidation PoiIndex/PoiDetails snapshot; identity not globally verified; poi/curated-details.tsv:146	RareTreeLocation.YEW	Yew tree - Level 60	0.0	
poi_006707	poi_006707	rare_trees	3276	2339	0	false	true	unresolved	Yew tree (Level 60)	Level requirement: Level 60 Woodcutting\nTool needed: Axe (Bronze to Crystal)\nYield: Logs, Birds' nests\nYew tree - Level 60\nRequires Level 60 Woodcutting	Pre-consolidation PoiIndex/PoiDetails snapshot; identity not globally verified; poi/curated-details.tsv:147	RareTreeLocation.YEW	Yew tree - Level 60	0.0	
poi_006708	poi_006708	rare_trees	2412	4464	0	false	true	unresolved	Yew tree (Level 60)	Level requirement: Level 60 Woodcutting\nTool needed: Axe (Bronze to Crystal)\nYield: Logs, Birds' nests\nYew tree - Level 60\nRequires Level 60 Woodcutting	Pre-consolidation PoiIndex/PoiDetails snapshot; identity not globally verified; poi/curated-details.tsv:148	RareTreeLocation.YEW	Yew tree - Level 60	0.0	
poi_006709	poi_006709	rare_trees	2465	4427	0	false	true	unresolved	Yew tree (Level 60)	Level requirement: Level 60 Woodcutting\nTool needed: Axe (Bronze to Crystal)\nYield: Logs, Birds' nests\nYew tree - Level 60\nRequires Level 60 Woodcutting	Pre-consolidation PoiIndex/PoiDetails snapshot; identity not globally verified; poi/curated-details.tsv:149	RareTreeLocation.YEW	Yew tree - Level 60	0.0	
poi_006710	poi_006710	rare_trees	2491	4426	0	false	true	unresolved	Yew tree (Level 60)	Level requirement: Level 60 Woodcutting\nTool needed: Axe (Bronze to Crystal)\nYield: Logs, Birds' nests\nYew tree - Level 60\nRequires Level 60 Woodcutting	Pre-consolidation PoiIndex/PoiDetails snapshot; identity not globally verified; poi/curated-details.tsv:150	RareTreeLocation.YEW	Yew tree - Level 60	0.0	
poi_006711	poi_006711	rare_trees	3144	2520	0	false	true	unresolved	Yew/Jatoba trees (Level 60)	Level requirement: Level 60 Woodcutting\nTool needed: Axe (Bronze to Crystal)\nYield: Logs, Birds' nests\nYew/Jatoba trees - Level 60\nRequires Level 60 Woodcutting	Pre-consolidation PoiIndex/PoiDetails snapshot; identity not globally verified; poi/curated-details.tsv:151	RareTreeLocation.YEW_JATOBA	Yew/Jatoba trees - Level 60	0.0	
poi_006712	poi_006712	rare_trees	2476	2707	0	false	true	unresolved	Willow/Yew trees (Level 60)	Level requirement: Level 60 Woodcutting\nTool needed: Axe (Bronze to Crystal)\nYield: Logs, Birds' nests\nWillow/Yew trees - Level 60\nRequires Level 60 Woodcutting	Pre-consolidation PoiIndex/PoiDetails snapshot; identity not globally verified; poi/curated-details.tsv:152	RareTreeLocation.WILLOW_YEW	Willow/Yew trees - Level 60	0.0	
poi_006713	poi_006713	rare_trees	2476	2893	0	false	true	unresolved	Maple/Yew trees (Level 60)	Level requirement: Level 60 Woodcutting\nTool needed: Axe (Bronze to Crystal)\nYield: Logs, Birds' nests\nMaple/Yew trees - Level 60\nRequires Level 60 Woodcutting	Pre-consolidation PoiIndex/PoiDetails snapshot; identity not globally verified; poi/curated-details.tsv:153	RareTreeLocation.MAPLE_YEW	Maple/Yew trees - Level 60	0.0	
poi_006714	poi_006714	rare_trees	1379	2876	0	false	true	unresolved	Maple/Yew trees (Level 60)	Level requirement: Level 60 Woodcutting\nTool needed: Axe (Bronze to Crystal)\nYield: Logs, Birds' nests\nMaple/Yew trees - Level 60\nRequires Level 60 Woodcutting	Pre-consolidation PoiIndex/PoiDetails snapshot; identity not globally verified; poi/curated-details.tsv:154	RareTreeLocation.MAPLE_YEW	Maple/Yew trees - Level 60	0.0	
poi_006715	poi_006715	rare_trees	2086	2737	0	false	true	unresolved	Maple/Yew trees (Level 60)	Level requirement: Level 60 Woodcutting\nTool needed: Axe (Bronze to Crystal)\nYield: Logs, Birds' nests\nMaple/Yew trees - Level 60\nRequires Level 60 Woodcutting	Pre-consolidation PoiIndex/PoiDetails snapshot; identity not globally verified; poi/curated-details.tsv:155	RareTreeLocation.MAPLE_YEW	Maple/Yew trees - Level 60	0.0	
poi_006716	poi_006716	rare_trees	2074	2723	0	false	true	unresolved	Maple/Yew trees (Level 60)	Level requirement: Level 60 Woodcutting\nTool needed: Axe (Bronze to Crystal)\nYield: Logs, Birds' nests\nMaple/Yew trees - Level 60\nRequires Level 60 Woodcutting	Pre-consolidation PoiIndex/PoiDetails snapshot; identity not globally verified; poi/curated-details.tsv:156	RareTreeLocation.MAPLE_YEW	Maple/Yew trees - Level 60	0.0	
poi_006717	poi_006717	rare_trees	2061	2720	0	false	true	unresolved	Maple/Yew trees (Level 60)	Level requirement: Level 60 Woodcutting\nTool needed: Axe (Bronze to Crystal)\nYield: Logs, Birds' nests\nMaple/Yew trees - Level 60\nRequires Level 60 Woodcutting	Pre-consolidation PoiIndex/PoiDetails snapshot; identity not globally verified; poi/curated-details.tsv:157	RareTreeLocation.MAPLE_YEW	Maple/Yew trees - Level 60	0.0	
poi_006718	poi_006718	rare_trees	1358	3302	0	false	true	unresolved	Maple/Yew trees (Level 60)	Level requirement: Level 60 Woodcutting\nTool needed: Axe (Bronze to Crystal)\nYield: Logs, Birds' nests\nMaple/Yew trees - Level 60\nRequires Level 60 Woodcutting	Pre-consolidation PoiIndex/PoiDetails snapshot; identity not globally verified; poi/curated-details.tsv:158	RareTreeLocation.MAPLE_YEW	Maple/Yew trees - Level 60	0.0	
poi_006719	poi_006719	rare_trees	3631	3362	0	false	true	unresolved	Blisterwood tree (Level 62)	Level requirement: Level 62 Woodcutting\nTool needed: Axe (Bronze to Crystal)\nYield: Logs, Birds' nests\nBlisterwood tree - Level 62\nRequires Level 62 Woodcutting	Pre-consolidation PoiIndex/PoiDetails snapshot; identity not globally verified; poi/curated-details.tsv:159	RareTreeLocation.BLISTERWOOD	Blisterwood tree - Level 62	0.0	
poi_006720	poi_006720	rare_trees	3662	3802	0	false	true	unresolved	Sulliuscep (Level 65)	Level requirement: Level 65 Woodcutting\nTool needed: Axe (Bronze to Crystal)\nYield: Logs, Birds' nests\nSulliuscep - Level 65\nRequires Level 65 Woodcutting	Pre-consolidation PoiIndex/PoiDetails snapshot; identity not globally verified; poi/curated-details.tsv:160	RareTreeLocation.SULLIUSCEP	Sulliuscep - Level 65	0.0	
poi_006721	poi_006721	rare_trees	3662	3781	0	false	true	unresolved	Sulliuscep (Level 65)	Level requirement: Level 65 Woodcutting\nTool needed: Axe (Bronze to Crystal)\nYield: Logs, Birds' nests\nSulliuscep - Level 65\nRequires Level 65 Woodcutting	Pre-consolidation PoiIndex/PoiDetails snapshot; identity not globally verified; poi/curated-details.tsv:161	RareTreeLocation.SULLIUSCEP	Sulliuscep - Level 65	0.0	
poi_006722	poi_006722	rare_trees	3677	3806	0	false	true	unresolved	Sulliuscep (Level 65)	Level requirement: Level 65 Woodcutting\nTool needed: Axe (Bronze to Crystal)\nYield: Logs, Birds' nests\nSulliuscep - Level 65\nRequires Level 65 Woodcutting	Pre-consolidation PoiIndex/PoiDetails snapshot; identity not globally verified; poi/curated-details.tsv:162	RareTreeLocation.SULLIUSCEP	Sulliuscep - Level 65	0.0	
poi_006723	poi_006723	rare_trees	3677	3733	0	false	true	unresolved	Sulliuscep (Level 65)	Level requirement: Level 65 Woodcutting\nTool needed: Axe (Bronze to Crystal)\nYield: Logs, Birds' nests\nSulliuscep - Level 65\nRequires Level 65 Woodcutting	Pre-consolidation PoiIndex/PoiDetails snapshot; identity not globally verified; poi/curated-details.tsv:163	RareTreeLocation.SULLIUSCEP	Sulliuscep - Level 65	0.0	
poi_006724	poi_006724	rare_trees	3682	3775	0	false	true	unresolved	Sulliuscep (Level 65)	Level requirement: Level 65 Woodcutting\nTool needed: Axe (Bronze to Crystal)\nYield: Logs, Birds' nests\nSulliuscep - Level 65\nRequires Level 65 Woodcutting	Pre-consolidation PoiIndex/PoiDetails snapshot; identity not globally verified; poi/curated-details.tsv:164	RareTreeLocation.SULLIUSCEP	Sulliuscep - Level 65	0.0	
poi_006725	poi_006725	rare_trees	3682	3758	0	false	true	unresolved	Sulliuscep (Level 65)	Level requirement: Level 65 Woodcutting\nTool needed: Axe (Bronze to Crystal)\nYield: Logs, Birds' nests\nSulliuscep - Level 65\nRequires Level 65 Woodcutting	Pre-consolidation PoiIndex/PoiDetails snapshot; identity not globally verified; poi/curated-details.tsv:165	RareTreeLocation.SULLIUSCEP	Sulliuscep - Level 65	0.0	
poi_006726	poi_006726	rare_trees	3192	2487	0	false	true	unresolved	Camphor tree (Level 66)	Level requirement: Level 66 Woodcutting\nTool needed: Axe (Bronze to Crystal)\nYield: Logs, Birds' nests\nCamphor tree - Level 66\nRequires Level 66 Woodcutting	Pre-consolidation PoiIndex/PoiDetails snapshot; identity not globally verified; poi/curated-details.tsv:166	RareTreeLocation.CAMPHOR	Camphor tree - Level 66	0.0	
poi_006727	poi_006727	rare_trees	3204	2481	0	false	true	unresolved	Camphor tree (Level 66)	Level requirement: Level 66 Woodcutting\nTool needed: Axe (Bronze to Crystal)\nYield: Logs, Birds' nests\nCamphor tree - Level 66\nRequires Level 66 Woodcutting	Pre-consolidation PoiIndex/PoiDetails snapshot; identity not globally verified; poi/curated-details.tsv:167	RareTreeLocation.CAMPHOR	Camphor tree - Level 66	0.0	
poi_006728	poi_006728	rare_trees	3245	2397	0	false	true	unresolved	Camphor/Mahogany trees (Level 66)	Level requirement: Level 66 Woodcutting\nTool needed: Axe (Bronze to Crystal)\nYield: Logs, Birds' nests\nCamphor/Mahogany trees - Level 66\nRequires Level 66 Woodcutting	Pre-consolidation PoiIndex/PoiDetails snapshot; identity not globally verified; poi/curated-details.tsv:168	RareTreeLocation.CAMPHOR_MAHOGANY	Camphor/Mahogany trees - Level 66	0.0	
poi_006729	poi_006729	rare_trees	3109	2413	0	false	true	unresolved	Camphor/Jatoba trees (Level 66)	Level requirement: Level 66 Woodcutting\nTool needed: Axe (Bronze to Crystal)\nYield: Logs, Birds' nests\nCamphor/Jatoba trees - Level 66\nRequires Level 66 Woodcutting	Pre-consolidation PoiIndex/PoiDetails snapshot; identity not globally verified; poi/curated-details.tsv:169	RareTreeLocation.CAMPHOR_JATOBA	Camphor/Jatoba trees - Level 66	0.0	
poi_006730	poi_006730	rare_trees	1373	3821	0	false	true	unresolved	Magic tree (Level 75)	Level requirement: Level 75 Woodcutting\nTool needed: Axe (Bronze to Crystal)\nYield: Logs, Birds' nests\nMagic tree - Level 75\nRequires Level 75 Woodcutting	Pre-consolidation PoiIndex/PoiDetails snapshot; identity not globally verified; poi/curated-details.tsv:170	RareTreeLocation.MAGIC	Magic tree - Level 75	0.0	
poi_006731	poi_006731	rare_trees	1389	3821	0	false	true	unresolved	Magic tree (Level 75)	Level requirement: Level 75 Woodcutting\nTool needed: Axe (Bronze to Crystal)\nYield: Logs, Birds' nests\nMagic tree - Level 75\nRequires Level 75 Woodcutting	Pre-consolidation PoiIndex/PoiDetails snapshot; identity not globally verified; poi/curated-details.tsv:171	RareTreeLocation.MAGIC	Magic tree - Level 75	0.0	
poi_006732	poi_006732	rare_trees	1610	3443	0	false	true	unresolved	Magic tree (Level 75)	Level requirement: Level 75 Woodcutting\nTool needed: Axe (Bronze to Crystal)\nYield: Logs, Birds' nests\nMagic tree - Level 75\nRequires Level 75 Woodcutting	Pre-consolidation PoiIndex/PoiDetails snapshot; identity not globally verified; poi/curated-details.tsv:172	RareTreeLocation.MAGIC	Magic tree - Level 75	0.0	
poi_006733	poi_006733	rare_trees	1578	3488	0	false	true	unresolved	Magic tree (Level 75)	Level requirement: Level 75 Woodcutting\nTool needed: Axe (Bronze to Crystal)\nYield: Logs, Birds' nests\nMagic tree - Level 75\nRequires Level 75 Woodcutting	Pre-consolidation PoiIndex/PoiDetails snapshot; identity not globally verified; poi/curated-details.tsv:173	RareTreeLocation.MAGIC	Magic tree - Level 75	0.0	
poi_006734	poi_006734	rare_trees	1685	3740	0	false	true	unresolved	Magic tree (Level 75)	Level requirement: Level 75 Woodcutting\nTool needed: Axe (Bronze to Crystal)\nYield: Logs, Birds' nests\nMagic tree - Level 75\nRequires Level 75 Woodcutting	Pre-consolidation PoiIndex/PoiDetails snapshot; identity not globally verified; poi/curated-details.tsv:174	RareTreeLocation.MAGIC	Magic tree - Level 75	0.0	
poi_006735	poi_006735	rare_trees	1681	3689	0	false	true	unresolved	Magic tree (Level 75)	Level requirement: Level 75 Woodcutting\nTool needed: Axe (Bronze to Crystal)\nYield: Logs, Birds' nests\nMagic tree - Level 75\nRequires Level 75 Woodcutting	Pre-consolidation PoiIndex/PoiDetails snapshot; identity not globally verified; poi/curated-details.tsv:175	RareTreeLocation.MAGIC	Magic tree - Level 75	0.0	
poi_006736	poi_006736	rare_trees	1751	3564	0	false	true	unresolved	Magic tree (Level 75)	Level requirement: Level 75 Woodcutting\nTool needed: Axe (Bronze to Crystal)\nYield: Logs, Birds' nests\nMagic tree - Level 75\nRequires Level 75 Woodcutting	Pre-consolidation PoiIndex/PoiDetails snapshot; identity not globally verified; poi/curated-details.tsv:176	RareTreeLocation.MAGIC	Magic tree - Level 75	0.0	
poi_006737	poi_006737	rare_trees	1796	3600	0	false	true	unresolved	Magic tree (Level 75)	Level requirement: Level 75 Woodcutting\nTool needed: Axe (Bronze to Crystal)\nYield: Logs, Birds' nests\nMagic tree - Level 75\nRequires Level 75 Woodcutting	Pre-consolidation PoiIndex/PoiDetails snapshot; identity not globally verified; poi/curated-details.tsv:177	RareTreeLocation.MAGIC	Magic tree - Level 75	0.0	
poi_006738	poi_006738	rare_trees	1394	3164	0	false	true	unresolved	Magic tree (Level 75)	Level requirement: Level 75 Woodcutting\nTool needed: Axe (Bronze to Crystal)\nYield: Logs, Birds' nests\nMagic tree - Level 75\nRequires Level 75 Woodcutting	Pre-consolidation PoiIndex/PoiDetails snapshot; identity not globally verified; poi/curated-details.tsv:178	RareTreeLocation.MAGIC	Magic tree - Level 75	0.0	
poi_006739	poi_006739	rare_trees	1323	2974	0	false	true	unresolved	Magic tree (Level 75)	Level requirement: Level 75 Woodcutting\nTool needed: Axe (Bronze to Crystal)\nYield: Logs, Birds' nests\nMagic tree - Level 75\nRequires Level 75 Woodcutting	Pre-consolidation PoiIndex/PoiDetails snapshot; identity not globally verified; poi/curated-details.tsv:179	RareTreeLocation.MAGIC	Magic tree - Level 75	0.0	
poi_006740	poi_006740	rare_trees	1455	3321	0	false	true	unresolved	Magic tree (Level 75)	Level requirement: Level 75 Woodcutting\nTool needed: Axe (Bronze to Crystal)\nYield: Logs, Birds' nests\nMagic tree - Level 75\nRequires Level 75 Woodcutting	Pre-consolidation PoiIndex/PoiDetails snapshot; identity not globally verified; poi/curated-details.tsv:180	RareTreeLocation.MAGIC	Magic tree - Level 75	0.0	
poi_006741	poi_006741	rare_trees	1387	3281	0	false	true	unresolved	Magic tree (Level 75)	Level requirement: Level 75 Woodcutting\nTool needed: Axe (Bronze to Crystal)\nYield: Logs, Birds' nests\nMagic tree - Level 75\nRequires Level 75 Woodcutting	Pre-consolidation PoiIndex/PoiDetails snapshot; identity not globally verified; poi/curated-details.tsv:181	RareTreeLocation.MAGIC	Magic tree - Level 75	0.0	
poi_006742	poi_006742	rare_trees	1328	3059	0	false	true	unresolved	Magic tree (Level 75)	Level requirement: Level 75 Woodcutting\nTool needed: Axe (Bronze to Crystal)\nYield: Logs, Birds' nests\nMagic tree - Level 75\nRequires Level 75 Woodcutting	Pre-consolidation PoiIndex/PoiDetails snapshot; identity not globally verified; poi/curated-details.tsv:182	RareTreeLocation.MAGIC	Magic tree - Level 75	0.0	
poi_006743	poi_006743	rare_trees	1328	3033	0	false	true	unresolved	Magic tree (Level 75)	Level requirement: Level 75 Woodcutting\nTool needed: Axe (Bronze to Crystal)\nYield: Logs, Birds' nests\nMagic tree - Level 75\nRequires Level 75 Woodcutting	Pre-consolidation PoiIndex/PoiDetails snapshot; identity not globally verified; poi/curated-details.tsv:183	RareTreeLocation.MAGIC	Magic tree - Level 75	0.0	
poi_006744	poi_006744	rare_trees	3355	3312	0	false	true	unresolved	Magic tree (Level 75)	Level requirement: Level 75 Woodcutting\nTool needed: Axe (Bronze to Crystal)\nYield: Logs, Birds' nests\nMagic tree - Level 75\nRequires Level 75 Woodcutting	Pre-consolidation PoiIndex/PoiDetails snapshot; identity not globally verified; poi/curated-details.tsv:184	RareTreeLocation.MAGIC	Magic tree - Level 75	0.0	
poi_006745	poi_006745	rare_trees	3368	3312	0	false	true	unresolved	Magic tree (Level 75)	Level requirement: Level 75 Woodcutting\nTool needed: Axe (Bronze to Crystal)\nYield: Logs, Birds' nests\nMagic tree - Level 75\nRequires Level 75 Woodcutting	Pre-consolidation PoiIndex/PoiDetails snapshot; identity not globally verified; poi/curated-details.tsv:185	RareTreeLocation.MAGIC	Magic tree - Level 75	0.0	
poi_006746	poi_006746	rare_trees	2284	3141	0	false	true	unresolved	Magic tree (Level 75)	Level requirement: Level 75 Woodcutting\nTool needed: Axe (Bronze to Crystal)\nYield: Logs, Birds' nests\nMagic tree - Level 75\nRequires Level 75 Woodcutting	Pre-consolidation PoiIndex/PoiDetails snapshot; identity not globally verified; poi/curated-details.tsv:186	RareTreeLocation.MAGIC	Magic tree - Level 75	0.0	
poi_006747	poi_006747	rare_trees	3229	6101	0	false	true	unresolved	Magic tree (Level 75)	Level requirement: Level 75 Woodcutting\nTool needed: Axe (Bronze to Crystal)\nYield: Logs, Birds' nests\nMagic tree - Level 75\nRequires Level 75 Woodcutting	Pre-consolidation PoiIndex/PoiDetails snapshot; identity not globally verified; poi/curated-details.tsv:187	RareTreeLocation.MAGIC	Magic tree - Level 75	0.0	
poi_006748	poi_006748	rare_trees	2371	3427	0	false	true	unresolved	Magic tree (Level 75)	Level requirement: Level 75 Woodcutting\nTool needed: Axe (Bronze to Crystal)\nYield: Logs, Birds' nests\nMagic tree - Level 75\nRequires Level 75 Woodcutting	Pre-consolidation PoiIndex/PoiDetails snapshot; identity not globally verified; poi/curated-details.tsv:188	RareTreeLocation.MAGIC	Magic tree - Level 75	0.0	
poi_006749	poi_006749	rare_trees	2432	3411	0	false	true	unresolved	Magic tree (Level 75)	Level requirement: Level 75 Woodcutting\nTool needed: Axe (Bronze to Crystal)\nYield: Logs, Birds' nests\nMagic tree - Level 75\nRequires Level 75 Woodcutting	Pre-consolidation PoiIndex/PoiDetails snapshot; identity not globally verified; poi/curated-details.tsv:189	RareTreeLocation.MAGIC	Magic tree - Level 75	0.0	
poi_006750	poi_006750	rare_trees	2490	3414	0	false	true	unresolved	Magic tree (Level 75)	Level requirement: Level 75 Woodcutting\nTool needed: Axe (Bronze to Crystal)\nYield: Logs, Birds' nests\nMagic tree - Level 75\nRequires Level 75 Woodcutting	Pre-consolidation PoiIndex/PoiDetails snapshot; identity not globally verified; poi/curated-details.tsv:190	RareTreeLocation.MAGIC	Magic tree - Level 75	0.0	
poi_006751	poi_006751	rare_trees	2704	3397	0	false	true	unresolved	Magic tree (Level 75)	Level requirement: Level 75 Woodcutting\nTool needed: Axe (Bronze to Crystal)\nYield: Logs, Birds' nests\nMagic tree - Level 75\nRequires Level 75 Woodcutting	Pre-consolidation PoiIndex/PoiDetails snapshot; identity not globally verified; poi/curated-details.tsv:191	RareTreeLocation.MAGIC	Magic tree - Level 75	0.0	
poi_006752	poi_006752	rare_trees	2695	3423	0	false	true	unresolved	Magic tree (Level 75)	Level requirement: Level 75 Woodcutting\nTool needed: Axe (Bronze to Crystal)\nYield: Logs, Birds' nests\nMagic tree - Level 75\nRequires Level 75 Woodcutting	Pre-consolidation PoiIndex/PoiDetails snapshot; identity not globally verified; poi/curated-details.tsv:192	RareTreeLocation.MAGIC	Magic tree - Level 75	0.0	
poi_006753	poi_006753	rare_trees	2443	2845	0	false	true	unresolved	Magic tree (Level 75)	Level requirement: Level 75 Woodcutting\nTool needed: Axe (Bronze to Crystal)\nYield: Logs, Birds' nests\nMagic tree - Level 75\nRequires Level 75 Woodcutting	Pre-consolidation PoiIndex/PoiDetails snapshot; identity not globally verified; poi/curated-details.tsv:193	RareTreeLocation.MAGIC	Magic tree - Level 75	0.0	
poi_006754	poi_006754	rare_trees	3043	2640	0	false	true	unresolved	Magic tree (Level 75)	Level requirement: Level 75 Woodcutting\nTool needed: Axe (Bronze to Crystal)\nYield: Logs, Birds' nests\nMagic tree - Level 75\nRequires Level 75 Woodcutting	Pre-consolidation PoiIndex/PoiDetails snapshot; identity not globally verified; poi/curated-details.tsv:194	RareTreeLocation.MAGIC	Magic tree - Level 75	0.0	
poi_006755	poi_006755	rare_trees	2090	3178	0	false	true	unresolved	Magic tree (Level 75)	Level requirement: Level 75 Woodcutting\nTool needed: Axe (Bronze to Crystal)\nYield: Logs, Birds' nests\nMagic tree - Level 75\nRequires Level 75 Woodcutting	Pre-consolidation PoiIndex/PoiDetails snapshot; identity not globally verified; poi/curated-details.tsv:195	RareTreeLocation.MAGIC	Magic tree - Level 75	0.0	
poi_006756	poi_006756	rare_trees	3175	3931	0	false	true	unresolved	Magic tree (Level 75)	Level requirement: Level 75 Woodcutting\nTool needed: Axe (Bronze to Crystal)\nYield: Logs, Birds' nests\nMagic tree - Level 75\nRequires Level 75 Woodcutting	Pre-consolidation PoiIndex/PoiDetails snapshot; identity not globally verified; poi/curated-details.tsv:196	RareTreeLocation.MAGIC	Magic tree - Level 75	0.0	
poi_006757	poi_006757	rare_trees	2599	7780	0	false	true	unresolved	Bloodwood tree (Level 77)	Level requirement: Level 77 Woodcutting\nTool needed: Axe (Bronze to Crystal)\nYield: Logs, Birds' nests\nBloodwood tree - Level 77\nRequires Level 77 Woodcutting	Pre-consolidation PoiIndex/PoiDetails snapshot; identity not globally verified; poi/curated-details.tsv:197	RareTreeLocation.BLOODWOOD	Bloodwood tree - Level 77	0.0	
poi_006758	poi_006758	rare_trees	2696	7823	0	false	true	unresolved	Bloodwood tree (Level 77)	Level requirement: Level 77 Woodcutting\nTool needed: Axe (Bronze to Crystal)\nYield: Logs, Birds' nests\nBloodwood tree - Level 77\nRequires Level 77 Woodcutting	Pre-consolidation PoiIndex/PoiDetails snapshot; identity not globally verified; poi/curated-details.tsv:198	RareTreeLocation.BLOODWOOD	Bloodwood tree - Level 77	0.0	
poi_006759	poi_006759	rare_trees	2223	2341	0	false	true	unresolved	Ironwood tree (Level 80)	Level requirement: Level 80 Woodcutting\nTool needed: Axe (Bronze to Crystal)\nYield: Logs, Birds' nests\nIronwood tree - Level 80\nRequires Level 80 Woodcutting	Pre-consolidation PoiIndex/PoiDetails snapshot; identity not globally verified; poi/curated-details.tsv:199	RareTreeLocation.IRONWOOD	Ironwood tree - Level 80	0.0	
poi_006760	poi_006760	rare_trees	2221	2322	0	false	true	unresolved	Ironwood tree (Level 80)	Level requirement: Level 80 Woodcutting\nTool needed: Axe (Bronze to Crystal)\nYield: Logs, Birds' nests\nIronwood tree - Level 80\nRequires Level 80 Woodcutting	Pre-consolidation PoiIndex/PoiDetails snapshot; identity not globally verified; poi/curated-details.tsv:200	RareTreeLocation.IRONWOOD	Ironwood tree - Level 80	0.0	
poi_006761	poi_006761	rare_trees	2205	2321	0	false	true	unresolved	Ironwood tree (Level 80)	Level requirement: Level 80 Woodcutting\nTool needed: Axe (Bronze to Crystal)\nYield: Logs, Birds' nests\nIronwood tree - Level 80\nRequires Level 80 Woodcutting	Pre-consolidation PoiIndex/PoiDetails snapshot; identity not globally verified; poi/curated-details.tsv:201	RareTreeLocation.IRONWOOD	Ironwood tree - Level 80	0.0	
poi_006762	poi_006762	rare_trees	1569	3493	0	false	true	unresolved	Redwood tree (Level 90)	Level requirement: Level 90 Woodcutting\nTool needed: Axe (Bronze to Crystal)\nYield: Logs, Birds' nests\nRedwood tree - Level 90\nRequires Level 90 Woodcutting	Pre-consolidation PoiIndex/PoiDetails snapshot; identity not globally verified; poi/curated-details.tsv:202	RareTreeLocation.REDWOOD	Redwood tree - Level 90	0.0	
poi_006763	poi_006763	rare_trees	1569	3483	0	false	true	unresolved	Redwood tree (Level 90)	Level requirement: Level 90 Woodcutting\nTool needed: Axe (Bronze to Crystal)\nYield: Logs, Birds' nests\nRedwood tree - Level 90\nRequires Level 90 Woodcutting	Pre-consolidation PoiIndex/PoiDetails snapshot; identity not globally verified; poi/curated-details.tsv:203	RareTreeLocation.REDWOOD	Redwood tree - Level 90	0.0	
poi_006764	poi_006764	dungeon	3439	3232	0	false	true	unresolved	Abandoned Mine	Type: Dungeon entrance / underground link\nMay require light source, rope, or combat gear	Pre-consolidation PoiIndex/PoiDetails snapshot; identity not globally verified; poi/curated-details.tsv:205	DungeonLocation.ABANDONED_MINE	Abandoned Mine	0.0	
poi_006765	poi_006765	dungeon	3452	3244	0	false	true	unresolved	Abandoned Mine (secret entrance)	Type: Dungeon entrance / underground link\nMay require light source, rope, or combat gear	Pre-consolidation PoiIndex/PoiDetails snapshot; identity not globally verified; poi/curated-details.tsv:206	DungeonLocation.ABANDONED_MINE_SECRET	Abandoned Mine (secret entrance)	0.0	
poi_006766	poi_006766	basement	1447	2938	0	false	true	unresolved	Wine Cellar	Type: Dungeon entrance / underground link\nMay require light source, rope, or combat gear	Pre-consolidation PoiIndex/PoiDetails snapshot; identity not globally verified; poi/curated-details.tsv:207				no_same_type_snapshot_within_12_tiles
poi_006767	poi_006767	dungeon	1475	2927	0	false	true	unresolved	Backstage Entrance	Type: Dungeon entrance / underground link\nMay require light source, rope, or combat gear	Pre-consolidation PoiIndex/PoiDetails snapshot; identity not globally verified; poi/curated-details.tsv:208	DungeonLocation.ALDARIN_BACKSTAGE	Backstage Entrance	0.0	
poi_006768	poi_006768	dungeon	1356	2920	0	false	true	unresolved	Moonrise Brewery and Winery	Type: Dungeon entrance / underground link\nMay require light source, rope, or combat gear	Pre-consolidation PoiIndex/PoiDetails snapshot; identity not globally verified; poi/curated-details.tsv:210	DungeonLocation.ALDARIN_MOONRISE	Moonrise Brewery and Winery	0.0	
poi_006769	poi_006769	dungeon	2511	3508	0	false	true	unresolved	Ancient Cavern	Requires: Barbarian Training (Fishing)\nBring heavy boots and a hatchet	Pre-consolidation PoiIndex/PoiDetails snapshot; identity not globally verified; poi/curated-details.tsv:211	DungeonLocation.ANCIENT_CAVERN	Ancient Cavern	0.0	
poi_006770	poi_006770	dungeon	2762	2703	0	false	true	unresolved	Ape Atoll Dungeon	Type: Dungeon entrance / underground link\nMay require light source, rope, or combat gear	Pre-consolidation PoiIndex/PoiDetails snapshot; identity not globally verified; poi/curated-details.tsv:212	DungeonLocation.APE_ATOLL	Ape Atoll Dungeon	0.0	
poi_006771	poi_006771	basement	2569	3296	0	false	true	unresolved	Ardougne Castle basement	Type: Dungeon entrance / underground link\nMay require light source, rope, or combat gear	Pre-consolidation PoiIndex/PoiDetails snapshot; identity not globally verified; poi/curated-details.tsv:213				no_same_type_snapshot_within_12_tiles
poi_006772	poi_006772	dungeon	2560	3320	0	false	true	unresolved	Ardougne Rat Pits	Type: Dungeon entrance / underground link\nMay require light source, rope, or combat gear	Pre-consolidation PoiIndex/PoiDetails snapshot; identity not globally verified; poi/curated-details.tsv:214	DungeonLocation.ARDOUGNE_RAT_PITS	Ardougne Rat Pits	0.0	
poi_006773	poi_006773	dungeon	2631	3294	0	false	true	unresolved	Ardougne Sewers	Type: Dungeon entrance / underground link\nMay require light source, rope, or combat gear	Pre-consolidation PoiIndex/PoiDetails snapshot; identity not globally verified; poi/curated-details.tsv:215	DungeonLocation.ARDOUGNE_SEWERS_N	Ardougne Sewers	0.0	
poi_006774	poi_006774	dungeon	2586	3235	0	false	true	unresolved	Ardougne Sewers	Type: Dungeon entrance / underground link\nMay require light source, rope, or combat gear	Pre-consolidation PoiIndex/PoiDetails snapshot; identity not globally verified; poi/curated-details.tsv:216	DungeonLocation.ARDOUGNE_SEWERS_S	Ardougne Sewers	0.0	
poi_006775	poi_006775	dungeon	2528	3303	0	false	true	unresolved	Ardougne Sewers	Type: Dungeon entrance / underground link\nMay require light source, rope, or combat gear	Pre-consolidation PoiIndex/PoiDetails snapshot; identity not globally verified; poi/curated-details.tsv:217	DungeonLocation.ARDOUGNE_SEWERS_W	Ardougne Sewers	0.0	
poi_006776	poi_006776	dungeon	1581	3428	0	false	true	unresolved	Barbarian camp jail	Type: Dungeon entrance / underground link\nMay require light source, rope, or combat gear	Pre-consolidation PoiIndex/PoiDetails snapshot; identity not globally verified; poi/curated-details.tsv:219	DungeonLocation.BARBARIAN_CAMP_JAIL	Barbarian camp jail	0.0	
poi_006777	poi_006777	dungeon	2808	3194	0	false	true	unresolved	Brimhaven Agility Arena	Type: Dungeon entrance / underground link\nMay require light source, rope, or combat gear	Pre-consolidation PoiIndex/PoiDetails snapshot; identity not globally verified; poi/curated-details.tsv:220	DungeonLocation.BRIMHAVEN_AGILITY	Brimhaven Agility Arena	0.0	
poi_006778	poi_006778	dungeon	2743	3154	0	false	true	unresolved	Brimhaven Dungeon	Requires: 875 coins to Dunstan (or Cabin Fever completed)\nAntipoison and food recommended	Pre-consolidation PoiIndex/PoiDetails snapshot; identity not globally verified; poi/curated-details.tsv:221	DungeonLocation.BRIMHAVEN_N	Brimhaven Dungeon	0.0	
poi_006779	poi_006779	dungeon	2759	3062	0	false	true	unresolved	Brimhaven Dungeon	Requires: 875 coins to Dunstan (or Cabin Fever completed)\nAntipoison and food recommended	Pre-consolidation PoiIndex/PoiDetails snapshot; identity not globally verified; poi/curated-details.tsv:222	DungeonLocation.BRIMHAVEN_S	Brimhaven Dungeon	0.0	
poi_006780	poi_006780	dungeon	1435	3131	0	false	true	unresolved	Cam Torum	Requires: Children of the Sun & Twilight's Promise quests\nUnderground Varlamore settlement leading to Neypotzli	Pre-consolidation PoiIndex/PoiDetails snapshot; identity not globally verified; poi/curated-details.tsv:225	DungeonLocation.CAM_TORUM	Cam Torum	0.0	
poi_006781	poi_006781	dungeon	1692	3089	0	false	true	unresolved	Crypt	Type: Dungeon entrance / underground link\nMay require light source, rope, or combat gear	Pre-consolidation PoiIndex/PoiDetails snapshot; identity not globally verified; poi/curated-details.tsv:227	DungeonLocation.CIVITAS_ILLA_FORTIS_CRYPT_NORTH	Crypt	0.0	
poi_006782	poi_006782	dungeon	1692	3084	0	false	true	unresolved	Crypt	Type: Dungeon entrance / underground link\nMay require light source, rope, or combat gear	Pre-consolidation PoiIndex/PoiDetails snapshot; identity not globally verified; poi/curated-details.tsv:228	DungeonLocation.CIVITAS_ILLA_FORTIS_CRYPT_SOUTH	Crypt	0.0	
poi_006783	poi_006783	dungeon	1613	3174	0	false	true	unresolved	Tunnel	Type: Dungeon entrance / underground link\nMay require light source, rope, or combat gear	Pre-consolidation PoiIndex/PoiDetails snapshot; identity not globally verified; poi/curated-details.tsv:229	DungeonLocation.CIVITAS_ILLA_FORTIS_WALL_TUNNEL_OUTSIDE	Tunnel	0.0	
poi_006784	poi_006784	dungeon	1622	3165	0	false	true	unresolved	Tunnel	Type: Dungeon entrance / underground link\nMay require light source, rope, or combat gear	Pre-consolidation PoiIndex/PoiDetails snapshot; identity not globally verified; poi/curated-details.tsv:230	DungeonLocation.CIVITAS_ILLA_FORTIS_WALL_TUNNEL_INSIDE	Tunnel	0.0	
poi_006785	poi_006785	dungeon	1232	3573	0	false	true	unresolved	Chambers of Xeric	Type: Dungeon entrance / underground link\nMay require light source, rope, or combat gear	Pre-consolidation PoiIndex/PoiDetails snapshot; identity not globally verified; poi/curated-details.tsv:232	DungeonLocation.CHAMBERS_OF_XERIC	Chambers of Xeric	0.0	
poi_006786	poi_006786	dungeon	2561	3356	0	false	true	unresolved	Chaos Druid Tower dungeon	Type: Dungeon entrance / underground link\nMay require light source, rope, or combat gear	Pre-consolidation PoiIndex/PoiDetails snapshot; identity not globally verified; poi/curated-details.tsv:234	DungeonLocation.CHAOS_DRUID_TOWER	Chaos Druid Tower dungeon	0.0	
poi_006787	poi_006787	dungeon	1432	3670	0	false	true	unresolved	Chasm of Fire	Type: Dungeon entrance / underground link\nMay require light source, rope, or combat gear	Pre-consolidation PoiIndex/PoiDetails snapshot; identity not globally verified; poi/curated-details.tsv:235	DungeonLocation.CHASM_OF_FIRE	Chasm of Fire	0.0	
poi_006788	poi_006788	dungeon	2522	2861	0	false	true	unresolved	Corsair Cove Dungeon	Type: Dungeon entrance / underground link\nMay require light source, rope, or combat gear	Pre-consolidation PoiIndex/PoiDetails snapshot; identity not globally verified; poi/curated-details.tsv:238	DungeonLocation.CORSAIR_COVE_E	Corsair Cove Dungeon	0.0	
poi_006789	poi_006789	dungeon	2482	2891	0	false	true	unresolved	Corsair Cove Dungeon	Type: Dungeon entrance / underground link\nMay require light source, rope, or combat gear	Pre-consolidation PoiIndex/PoiDetails snapshot; identity not globally verified; poi/curated-details.tsv:239	DungeonLocation.CORSAIR_COVE_N	Corsair Cove Dungeon	0.0	
poi_006790	poi_006790	dungeon	1643	3449	0	false	true	unresolved	Crabclaw Caves	Type: Dungeon entrance / underground link\nMay require light source, rope, or combat gear	Pre-consolidation PoiIndex/PoiDetails snapshot; identity not globally verified; poi/curated-details.tsv:240	DungeonLocation.CRABCLAW_CAVES	Crabclaw Caves	0.0	
poi_006791	poi_006791	dungeon	2833	3256	0	false	true	unresolved	Crandor Dungeon	Type: Dungeon entrance / underground link\nMay require light source, rope, or combat gear	Pre-consolidation PoiIndex/PoiDetails snapshot; identity not globally verified; poi/curated-details.tsv:241	DungeonLocation.CRANDOR	Crandor Dungeon	0.0	
poi_006792	poi_006792	basement	2130	2994	0	false	true	unresolved	Crumbling Tower basement	Type: Dungeon entrance / underground link\nMay require light source, rope, or combat gear	Pre-consolidation PoiIndex/PoiDetails snapshot; identity not globally verified; poi/curated-details.tsv:242				no_same_type_snapshot_within_12_tiles
poi_006793	poi_006793	dungeon	1270	3435	0	false	true	unresolved	Cave passage	Type: Dungeon entrance / underground link\nMay require light source, rope, or combat gear	Pre-consolidation PoiIndex/PoiDetails snapshot; identity not globally verified; poi/curated-details.tsv:243	DungeonLocation.CUSTODIA_PASS_NORTH_CAVE_IN	Cave passage	0.0	
poi_006794	poi_006794	dungeon	1258	3431	0	false	true	unresolved	Cave passage	Type: Dungeon entrance / underground link\nMay require light source, rope, or combat gear	Pre-consolidation PoiIndex/PoiDetails snapshot; identity not globally verified; poi/curated-details.tsv:244	DungeonLocation.CUSTODIA_PASS_NORTH_CAVE_OUT	Cave passage	0.0	
poi_006795	poi_006795	basement	3114	3357	0	false	true	unresolved	Draynor Manor basement	Requires: Ernest the Chicken\nProfessor Oddenstein's basement • Lever puzzle & oil can	Pre-consolidation PoiIndex/PoiDetails snapshot; identity not globally verified; poi/curated-details.tsv:245				no_same_type_snapshot_within_12_tiles
poi_006796	poi_006796	basement	3091	3362	0	false	true	unresolved	Draynor Manor basement	Requires: Ernest the Chicken\nProfessor Oddenstein's basement • Lever puzzle & oil can	Pre-consolidation PoiIndex/PoiDetails snapshot; identity not globally verified; poi/curated-details.tsv:246				no_same_type_snapshot_within_12_tiles
poi_006797	poi_006797	dungeon	3083	3272	0	false	true	unresolved	Draynor Sewers	Type: Dungeon entrance / underground link\nMay require light source, rope, or combat gear	Pre-consolidation PoiIndex/PoiDetails snapshot; identity not globally verified; poi/curated-details.tsv:247	DungeonLocation.DRAYNOR_SEWERS_NW	Draynor Sewers	0.0	
poi_006798	poi_006798	dungeon	3117	3244	0	false	true	unresolved	Draynor Sewers	Type: Dungeon entrance / underground link\nMay require light source, rope, or combat gear	Pre-consolidation PoiIndex/PoiDetails snapshot; identity not globally verified; poi/curated-details.tsv:248	DungeonLocation.DRAYNOR_SEWERS_SE	Draynor Sewers	0.0	
poi_006799	poi_006799	dungeon	3058	3377	0	false	true	unresolved	Dwarven Mine	Type: Dungeon entrance / underground link\nMay require light source, rope, or combat gear	Pre-consolidation PoiIndex/PoiDetails snapshot; identity not globally verified; poi/curated-details.tsv:251	DungeonLocation.DWARVEN_MINE_STAIRS	Dwarven Mine	0.0	
poi_006800	poi_006800	dungeon	3651	3519	0	false	true	unresolved	Ectofuntus dungeon	Type: Dungeon entrance / underground link\nMay require light source, rope, or combat gear	Pre-consolidation PoiIndex/PoiDetails snapshot; identity not globally verified; poi/curated-details.tsv:252	DungeonLocation.ECTOFUNTUS	Ectofuntus dungeon	0.0	
poi_006801	poi_006801	dungeon	3115	3452	0	false	true	unresolved	Edgeville Dungeon	Requires: Brass key for the surface shortcut door south of Edgeville\nLight source recommended	Pre-consolidation PoiIndex/PoiDetails snapshot; identity not globally verified; poi/curated-details.tsv:254	DungeonLocation.EDGEVILLE_SHED	Edgeville Dungeon	0.0	
poi_006802	poi_006802	dungeon	3087	3571	0	false	true	unresolved	Edgeville Dungeon	Requires: Brass key for the surface shortcut door south of Edgeville\nLight source recommended	Pre-consolidation PoiIndex/PoiDetails snapshot; identity not globally verified; poi/curated-details.tsv:255	DungeonLocation.EDGEVILLE_WILDERNESS	Edgeville Dungeon	0.0	
poi_006803	poi_006803	dungeon	3320	3831	0	false	true	unresolved	Escape Caves	Requires: Wilderness access (lvl 21-40), Wilderness Slayer / bossing gear\nWilderness escape network connecting boss lairs and deep escape exits	Pre-consolidation PoiIndex/PoiDetails snapshot; identity not globally verified; poi/curated-details.tsv:259	DungeonLocation.ESCAPE_CAVES_NE	Escape Caves	0.0	
poi_006804	poi_006804	dungeon	3284	3808	0	false	true	unresolved	Escape Caves	Requires: Wilderness access (lvl 21-40), Wilderness Slayer / bossing gear\nWilderness escape network connecting boss lairs and deep escape exits	Pre-consolidation PoiIndex/PoiDetails snapshot; identity not globally verified; poi/curated-details.tsv:260	DungeonLocation.ESCAPE_CAVES_C	Escape Caves	0.0	
poi_006805	poi_006805	dungeon	3282	3775	0	false	true	unresolved	Escape Caves	Requires: Wilderness access (lvl 21-40), Wilderness Slayer / bossing gear\nWilderness escape network connecting boss lairs and deep escape exits	Pre-consolidation PoiIndex/PoiDetails snapshot; identity not globally verified; poi/curated-details.tsv:261	DungeonLocation.ESCAPE_CAVES_S	Escape Caves	0.0	
poi_006806	poi_006806	dungeon	2619	3865	0	false	true	unresolved	Miscellania and Etceteria Dungeon	Type: Dungeon entrance / underground link\nMay require light source, rope, or combat gear	Pre-consolidation PoiIndex/PoiDetails snapshot; identity not globally verified; poi/curated-details.tsv:262	DungeonLocation.ETCETERIA	Miscellania and Etceteria Dungeon	0.0	
poi_006807	poi_006807	dungeon	2997	3376	0	false	true	unresolved	Mole Hole	Requires: Spade to dig into mole hills in Falador Park\nLight source required (Bullseye lantern recommended)	Pre-consolidation PoiIndex/PoiDetails snapshot; identity not globally verified; poi/curated-details.tsv:264	DungeonLocation.FALADOR_MOLE_SE	Mole Hole	0.0	
poi_006808	poi_006808	dungeon	3153	3643	0	false	true	unresolved	Ferox Enclave Dungeon	Type: Dungeon entrance / underground link\nMay require light source, rope, or combat gear	Pre-consolidation PoiIndex/PoiDetails snapshot; identity not globally verified; poi/curated-details.tsv:265	DungeonLocation.FEROX_ENCLAVE_DUNGEON	Ferox Enclave Dungeon	0.0	
poi_006809	poi_006809	basement	1381	3825	0	false	true	unresolved	Forsaken Tower basement	Type: Dungeon entrance / underground link\nMay require light source, rope, or combat gear	Pre-consolidation PoiIndex/PoiDetails snapshot; identity not globally verified; poi/curated-details.tsv:266				no_same_type_snapshot_within_12_tiles
poi_006810	poi_006810	dungeon	1669	3567	0	false	true	unresolved	Forthos Dungeon	Type: Dungeon entrance / underground link\nMay require light source, rope, or combat gear	Pre-consolidation PoiIndex/PoiDetails snapshot; identity not globally verified; poi/curated-details.tsv:268	DungeonLocation.FORTHOS_W	Forthos Dungeon	0.0	
poi_006811	poi_006811	dungeon	3227	6116	0	false	true	unresolved	The Gauntlet	Type: Dungeon interior (underground layer)\nVisible on the dungeon / underground map	Pre-consolidation PoiIndex/PoiDetails snapshot; identity not globally verified; poi/curated-details.tsv:272	DungeonLocation.GAUNTLET	The Gauntlet	0.0	
poi_006812	poi_006812	dungeon	1419	3588	0	false	true	unresolved	Giants' Den	Requires: Combat gear\nHill giants, Moss giants, Fire giants under Shayzien	Pre-consolidation PoiIndex/PoiDetails snapshot; identity not globally verified; poi/curated-details.tsv:273	DungeonLocation.GIANTS_DEN	Giants' Den	0.0	
poi_006813	poi_006813	dungeon	3234	2418	0	false	true	unresolved	Gryphon Dungeon	Requires: Children of the Sun (Varlamore access)\nShellbane gryphons inside — bring antidote or antipoison	Pre-consolidation PoiIndex/PoiDetails snapshot; identity not globally verified; poi/curated-details.tsv:279	DungeonLocation.GRYPHON_SOUTH	Gryphon Dungeon	0.0	
poi_006814	poi_006814	dungeon	3164	3252	0	false	true	unresolved	H.A.M. Hideout	Type: Dungeon entrance / underground link\nMay require light source, rope, or combat gear	Pre-consolidation PoiIndex/PoiDetails snapshot; identity not globally verified; poi/curated-details.tsv:280	DungeonLocation.HAM_HIDEOUT	H.A.M. Hideout	0.0	
poi_006815	poi_006815	dungeon	1211	3647	0	false	true	unresolved	Headless Beast Cave	Type: Dungeon entrance / underground link\nMay require light source, rope, or combat gear	Pre-consolidation PoiIndex/PoiDetails snapshot; identity not globally verified; poi/curated-details.tsv:281	DungeonLocation.HEADLESS_BEAST_CAVE	Headless Beast Cave	0.0	
poi_006816	poi_006816	dungeon	1231	3729	0	false	true	unresolved	Hespori Patch	Type: Dungeon entrance / underground link\nMay require light source, rope, or combat gear	Pre-consolidation PoiIndex/PoiDetails snapshot; identity not globally verified; poi/curated-details.tsv:284	DungeonLocation.HESPORI	Hespori Patch	0.0	
poi_006817	poi_006817	dungeon	3115	3677	0	false	true	unresolved	Hunter's End	Type: Dungeon entrance / underground link\nMay require light source, rope, or combat gear	Pre-consolidation PoiIndex/PoiDetails snapshot; identity not globally verified; poi/curated-details.tsv:285	DungeonLocation.HUNTERS_END	Hunter's End	0.0	
poi_006818	poi_006818	dungeon	1557	3049	0	false	true	unresolved	Hunter Guild Caverns	Requires: 46 Hunter (Hunters' Rumours)\nHunter Guild master, whistle recharging & guild cavers	Pre-consolidation PoiIndex/PoiDetails snapshot; identity not globally verified; poi/curated-details.tsv:286	DungeonLocation.HUNTER_GUILD_CAVERNS	Hunter Guild Caverns	0.0	
poi_006819	poi_006819	dungeon	2846	3516	0	false	true	unresolved	Ice Queen's Lair	Requires: 50 Mining (Heroes' Quest)\nIce gloves strongly recommended	Pre-consolidation PoiIndex/PoiDetails snapshot; identity not globally verified; poi/curated-details.tsv:292	DungeonLocation.ICE_QUEEN	Ice Queen's Lair	0.0	
poi_006820	poi_006820	dungeon	2856	3519	0	false	true	unresolved	Ice Queen's Lair	Requires: 50 Mining (Heroes' Quest)\nIce gloves strongly recommended	Pre-consolidation PoiIndex/PoiDetails snapshot; identity not globally verified; poi/curated-details.tsv:293	DungeonLocation.ICE_QUEEN_E	Ice Queen's Lair	0.0	
poi_006821	poi_006821	dungeon	2822	3510	0	false	true	unresolved	Ice Queen's Lair	Requires: 50 Mining (Heroes' Quest)\nIce gloves strongly recommended	Pre-consolidation PoiIndex/PoiDetails snapshot; identity not globally verified; poi/curated-details.tsv:294	DungeonLocation.ICE_QUEEN_W	Ice Queen's Lair	0.0	
poi_006822	poi_006822	dungeon	2400	3889	0	false	true	unresolved	Ice Troll Caves	Requires: The Fremennik Isles quest, Combat gear\nNeitiznot Ice Troll cave network and Ice Troll King link	Pre-consolidation PoiIndex/PoiDetails snapshot; identity not globally verified; poi/curated-details.tsv:295	DungeonLocation.ICE_TROLL_E	Ice Troll Caves	0.0	
poi_006823	poi_006823	dungeon	2315	3894	0	false	true	unresolved	Ice Troll Caves	Requires: The Fremennik Isles quest, Combat gear\nNeitiznot Ice Troll cave network and Ice Troll King link	Pre-consolidation PoiIndex/PoiDetails snapshot; identity not globally verified; poi/curated-details.tsv:296	DungeonLocation.ICE_TROLL_W	Ice Troll Caves	0.0	
poi_006824	poi_006824	dungeon	3224	6044	0	false	true	unresolved	Iorwerth Dungeon	Requires: Song of the Elves\nBring food and armour	Pre-consolidation PoiIndex/PoiDetails snapshot; identity not globally verified; poi/curated-details.tsv:298	DungeonLocation.IORWERTH	Iorwerth Dungeon	0.0	
poi_006825	poi_006825	dungeon	2200	3262	0	false	true	unresolved	Iorwerth Camp cave	Type: Dungeon entrance / underground link\nMay require light source, rope, or combat gear	Pre-consolidation PoiIndex/PoiDetails snapshot; identity not globally verified; poi/curated-details.tsv:299	DungeonLocation.IORWERTH_CAMP_CAVE	Iorwerth Camp cave	0.0	
poi_006826	poi_006826	dungeon	1308	3807	0	false	true	unresolved	Karuulm Slayer Dungeon	Requires: Boots of stone/brimstone/granite (or Kourend Elite Diary)\nProtects against burning heat damage on dungeon floors	Pre-consolidation PoiIndex/PoiDetails snapshot; identity not globally verified; poi/curated-details.tsv:304	DungeonLocation.KARUULM_SLAYER	Karuulm Slayer Dungeon	0.0	
poi_006827	poi_006827	dungeon	1191	3411	0	false	true	unresolved	Kasonde Shaw's Hideout	Type: Dungeon entrance / underground link\nMay require light source, rope, or combat gear	Pre-consolidation PoiIndex/PoiDetails snapshot; identity not globally verified; poi/curated-details.tsv:305	DungeonLocation.KASONDE_SHAWS_HIDEOUT	Kasonde Shaw's Hideout	0.0	
poi_006828	poi_006828	dungeon	3016	3849	0	false	true	unresolved	King Black Dragon Lair	Requires: Slash weapon for webs (Wilderness lvl 44)\nAnti-dragon shield and Antifire potions strongly recommended	Pre-consolidation PoiIndex/PoiDetails snapshot; identity not globally verified; poi/curated-details.tsv:306	DungeonLocation.KING_BLACK_DRAGON	King Black Dragon Lair	0.0	
poi_006829	poi_006829	dungeon	2795	3718	0	false	true	unresolved	Keldagrim Entrance	Type: Dungeon entrance / underground link\nMay require light source, rope, or combat gear	Pre-consolidation PoiIndex/PoiDetails snapshot; identity not globally verified; poi/curated-details.tsv:307	DungeonLocation.KELDAGRIM_ENTRANCE_MOUNTAIN	Keldagrim Entrance	0.0	
poi_006830	poi_006830	dungeon	3294	2780	0	false	true	unresolved	Klenter's Pyramid	Type: Dungeon entrance / underground link\nMay require light source, rope, or combat gear	Pre-consolidation PoiIndex/PoiDetails snapshot; identity not globally verified; poi/curated-details.tsv:308	DungeonLocation.KLENTERS_PYRAMID	Klenter's Pyramid	0.0	
poi_006831	poi_006831	dungeon	2277	3611	0	false	true	unresolved	Kraken Cove	Requires: Level 87 Slayer\nFishing explosive to disturb Cave kraken (boss requires Slayer task)	Pre-consolidation PoiIndex/PoiDetails snapshot; identity not globally verified; poi/curated-details.tsv:309	DungeonLocation.KRAKEN_COVE	Kraken Cove	0.0	
poi_006832	poi_006832	dungeon	3068	3856	0	false	true	unresolved	Lava Maze Dungeon	Type: Dungeon entrance / underground link\nMay require light source, rope, or combat gear	Pre-consolidation PoiIndex/PoiDetails snapshot; identity not globally verified; poi/curated-details.tsv:310	DungeonLocation.LAVA_MAZE	Lava Maze Dungeon	0.0	
poi_006833	poi_006833	dungeon	2723	3375	0	false	true	unresolved	Legends' Guild dungeon	Requires: Legends' Quest started or completed\nShadow warriors and dungeon access	Pre-consolidation PoiIndex/PoiDetails snapshot; identity not globally verified; poi/curated-details.tsv:311	DungeonLocation.LEGENDS_GUILD	Legends' Guild dungeon	0.0	
poi_006834	poi_006834	basement	2508	3644	0	false	true	unresolved	Lighthouse basement	Requires: Horror from the Deep quest, Light source\nDagannoth training cave	Pre-consolidation PoiIndex/PoiDetails snapshot; identity not globally verified; poi/curated-details.tsv:312				no_same_type_snapshot_within_12_tiles
poi_006835	poi_006835	dungeon	1329	3669	0	false	true	unresolved	Lizardman Temple	Requires: Combat gear (Lizardman Shamans)\nStone chests: lockpicks and Shayzien armour recommended	Pre-consolidation PoiIndex/PoiDetails snapshot; identity not globally verified; poi/curated-details.tsv:315	DungeonLocation.LIZARDMAN_TEMPLE_E	Lizardman Temple	0.0	
poi_006836	poi_006836	dungeon	1311	3686	0	false	true	unresolved	Lizardman Temple	Requires: Combat gear (Lizardman Shamans)\nStone chests: lockpicks and Shayzien armour recommended	Pre-consolidation PoiIndex/PoiDetails snapshot; identity not globally verified; poi/curated-details.tsv:316	DungeonLocation.LIZARDMAN_TEMPLE_N	Lizardman Temple	0.0	
poi_006837	poi_006837	dungeon	1313	3663	0	false	true	unresolved	Lizardman Temple	Requires: Combat gear (Lizardman Shamans)\nStone chests: lockpicks and Shayzien armour recommended	Pre-consolidation PoiIndex/PoiDetails snapshot; identity not globally verified; poi/curated-details.tsv:317	DungeonLocation.LIZARDMAN_TEMPLE_S	Lizardman Temple	0.0	
poi_006838	poi_006838	dungeon	1291	3657	0	false	true	unresolved	Lizardman Temple	Requires: Combat gear (Lizardman Shamans)\nStone chests: lockpicks and Shayzien armour recommended	Pre-consolidation PoiIndex/PoiDetails snapshot; identity not globally verified; poi/curated-details.tsv:318	DungeonLocation.LIZARDMAN_TEMPLE_W	Lizardman Temple	0.0	
poi_006839	poi_006839	basement	3208	3218	0	false	true	unresolved	Lumbridge Castle cellar	Type: Dungeon entrance / underground link\nMay require light source, rope, or combat gear	Pre-consolidation PoiIndex/PoiDetails snapshot; identity not globally verified; poi/curated-details.tsv:319				no_same_type_snapshot_within_12_tiles
poi_006840	poi_006840	dungeon	3089	3956	0	false	true	unresolved	Mage Arena Bank	Requires: Knife or slash weapon to cut webs (Wilderness lvl 51)\nKolodion's Mage Arena and god cape arena\nTeleport lever connects surface and underground bank	Pre-consolidation PoiIndex/PoiDetails snapshot; identity not globally verified; poi/curated-details.tsv:322	DungeonLocation.MAGE_ARENA	Mage Arena Bank	0.0	
poi_006841	poi_006841	dungeon	1440	9600	1	false	true	unresolved	Neypotzli	Requires: Perilous Moons quest started or completed\nMoons of Peril boss encounters and Lunar Chest inside	Pre-consolidation PoiIndex/PoiDetails snapshot; identity not globally verified; poi/curated-details.tsv:323				no_same_type_snapshot_within_12_tiles
poi_006842	poi_006842	basement	3018	3339	0	false	true	unresolved	Mining Guild basement	Requires: Level 60 Mining\nAmethyst crystals and superior mineral veins	Pre-consolidation PoiIndex/PoiDetails snapshot; identity not globally verified; poi/curated-details.tsv:326				no_same_type_snapshot_within_12_tiles
poi_006843	poi_006843	dungeon	2508	3846	0	false	true	unresolved	Miscellania and Etceteria Dungeon	Type: Dungeon entrance / underground link\nMay require light source, rope, or combat gear	Pre-consolidation PoiIndex/PoiDetails snapshot; identity not globally verified; poi/curated-details.tsv:327	DungeonLocation.MISCELLANIA	Miscellania and Etceteria Dungeon	0.0	
poi_006844	poi_006844	dungeon	3747	2973	0	false	true	unresolved	Mos Le'Harmless Cave	Type: Dungeon entrance / underground link\nMay require light source, rope, or combat gear	Pre-consolidation PoiIndex/PoiDetails snapshot; identity not globally verified; poi/curated-details.tsv:328	DungeonLocation.MOS_LE_HARMLESS	Mos Le'Harmless Cave	0.0	
poi_006845	poi_006845	dungeon	3829	3062	0	false	true	unresolved	Mos Le'Harmless Cave	Type: Dungeon entrance / underground link\nMay require light source, rope, or combat gear	Pre-consolidation PoiIndex/PoiDetails snapshot; identity not globally verified; poi/curated-details.tsv:329	DungeonLocation.MOS_LE_HARMLESS_ISLAND_E	Mos Le'Harmless Cave	0.0	
poi_006846	poi_006846	dungeon	3814	3062	0	false	true	unresolved	Mos Le'Harmless Cave	Type: Dungeon entrance / underground link\nMay require light source, rope, or combat gear	Pre-consolidation PoiIndex/PoiDetails snapshot; identity not globally verified; poi/curated-details.tsv:330	DungeonLocation.MOS_LE_HARMLESS_ISLAND_W	Mos Le'Harmless Cave	0.0	
poi_006847	poi_006847	dungeon	3494	3464	0	false	true	unresolved	Myreque Hideout	Type: Dungeon entrance / underground link\nMay require light source, rope, or combat gear	Pre-consolidation PoiIndex/PoiDetails snapshot; identity not globally verified; poi/curated-details.tsv:333	DungeonLocation.MYREQUE_HIDEOUT_CANIFIS	Myreque Hideout	0.0	
poi_006848	poi_006848	dungeon	3488	3231	0	false	true	unresolved	Myreque Hideout	Type: Dungeon entrance / underground link\nMay require light source, rope, or combat gear	Pre-consolidation PoiIndex/PoiDetails snapshot; identity not globally verified; poi/curated-details.tsv:334	DungeonLocation.MYREQUE_HIDEOUT_BURGH_DU_ROTT	Myreque Hideout	0.0	
poi_006849	poi_006849	dungeon	2456	2847	0	false	true	unresolved	Myths' Guild dungeon	Requires: Dragon Slayer II completed\nWrath altar, green & blue dragons, adamant & rune dragons	Pre-consolidation PoiIndex/PoiDetails snapshot; identity not globally verified; poi/curated-details.tsv:336	DungeonLocation.MYTH_GUILD	Myths' Guild dungeon	0.0	
poi_006850	poi_006850	dungeon	2457	2849	0	false	true	unresolved	Myths' Guild Dungeon	Requires: Dragon Slayer II completed\nWrath altar, green & blue dragons, adamant & rune dragons\nMyths' Guild dungeon	Pre-consolidation PoiIndex/PoiDetails snapshot; identity not globally verified; poi/curated-details.tsv:337	DungeonLocation.MYTH_GUILD	Myths' Guild dungeon	2.236	
poi_006851	poi_006851	dungeon	2444	2819	0	false	true	unresolved	Myths' Guild dungeon	Requires: Dragon Slayer II completed\nWrath altar, green & blue dragons, adamant & rune dragons	Pre-consolidation PoiIndex/PoiDetails snapshot; identity not globally verified; poi/curated-details.tsv:338	DungeonLocation.MYTH_GUILD_WRATH	Myths' Guild dungeon	0.0	
poi_006852	poi_006852	dungeon	2458	3186	0	false	true	unresolved	Observatory Dungeon	Type: Dungeon entrance / underground link\nMay require light source, rope, or combat gear	Pre-consolidation PoiIndex/PoiDetails snapshot; identity not globally verified; poi/curated-details.tsv:339	DungeonLocation.OBSERVATORY_NE	Observatory Dungeon	0.0	
poi_006853	poi_006853	dungeon	2436	3163	0	false	true	unresolved	Observatory Dungeon	Type: Dungeon entrance / underground link\nMay require light source, rope, or combat gear	Pre-consolidation PoiIndex/PoiDetails snapshot; identity not globally verified; poi/curated-details.tsv:340	DungeonLocation.OBSERVATORY_SW	Observatory Dungeon	0.0	
poi_006854	poi_006854	dungeon	2505	3039	0	false	true	unresolved	Ogre Enclave	Type: Dungeon entrance / underground link\nMay require light source, rope, or combat gear	Pre-consolidation PoiIndex/PoiDetails snapshot; identity not globally verified; poi/curated-details.tsv:341	DungeonLocation.OGRE_ENCLAVE	Ogre Enclave	0.0	
poi_006855	poi_006855	basement	3404	3506	0	false	true	unresolved	Paterdomus basement	Type: Dungeon entrance / underground link\nMay require light source, rope, or combat gear	Pre-consolidation PoiIndex/PoiDetails snapshot; identity not globally verified; poi/curated-details.tsv:343				no_same_type_snapshot_within_12_tiles
poi_006856	poi_006856	basement	3421	3484	0	false	true	unresolved	Paterdomus basement	Type: Dungeon entrance / underground link\nMay require light source, rope, or combat gear	Pre-consolidation PoiIndex/PoiDetails snapshot; identity not globally verified; poi/curated-details.tsv:344				no_same_type_snapshot_within_12_tiles
poi_006857	poi_006857	dungeon	3679	3498	0	false	true	unresolved	Port Phasmatys Brewery	Type: Dungeon entrance / underground link\nMay require light source, rope, or combat gear	Pre-consolidation PoiIndex/PoiDetails snapshot; identity not globally verified; poi/curated-details.tsv:345	DungeonLocation.PORT_PHASMATYS_BREWERY	Port Phasmatys Brewery	0.0	
poi_006858	poi_006858	dungeon	3017	3232	0	false	true	unresolved	Port Sarim Rat Pits	Requires: Ratcatchers\nFelkrash's rat pit • Pet cat gambling minigame	Pre-consolidation PoiIndex/PoiDetails snapshot; identity not globally verified; poi/curated-details.tsv:346	DungeonLocation.PORT_SARIM_RAT_PITS	Port Sarim Rat Pits	0.0	
poi_006859	poi_006859	dungeon	3681	3231	0	false	true	unresolved	Ranis Drakan's Crypt	Type: Dungeon entrance / underground link\nMay require light source, rope, or combat gear	Pre-consolidation PoiIndex/PoiDetails snapshot; identity not globally verified; poi/curated-details.tsv:348	DungeonLocation.RANIS_DRAKANS_CRYPT	Ranis Drakan's Crypt	0.0	
poi_006860	poi_006860	dungeon	3124	3832	0	false	true	unresolved	Revenant Caves	Requires: 100,000 coins entry fee (Wilderness level 17–40)\nBracelet of ethereum protects against revenant aggression	Pre-consolidation PoiIndex/PoiDetails snapshot; identity not globally verified; poi/curated-details.tsv:349	DungeonLocation.REVENANT_CAVES_N	Revenant Caves	0.0	
poi_006861	poi_006861	dungeon	3074	3655	0	false	true	unresolved	Revenant Caves	Requires: 100,000 coins entry fee (Wilderness level 17–40)\nBracelet of ethereum protects against revenant aggression	Pre-consolidation PoiIndex/PoiDetails snapshot; identity not globally verified; poi/curated-details.tsv:350	DungeonLocation.REVENANT_CAVES_S	Revenant Caves	0.0	
poi_006862	poi_006862	dungeon	3067	3741	0	false	true	unresolved	Revenant Caves	Requires: 100,000 coins entry fee (Wilderness level 17–40)\nBracelet of ethereum protects against revenant aggression	Pre-consolidation PoiIndex/PoiDetails snapshot; identity not globally verified; poi/curated-details.tsv:351	DungeonLocation.REVENANT_CAVES_W	Revenant Caves	0.0	
poi_006863	poi_006863	dungeon	3370	3132	0	false	true	unresolved	River Elid Dungeon	Requires: Spirits of the Elid\nWater spirits dungeon • Ancestral shrine & statuette	Pre-consolidation PoiIndex/PoiDetails snapshot; identity not globally verified; poi/curated-details.tsv:352	DungeonLocation.RIVER_ELID	River Elid Dungeon	0.0	
poi_006864	poi_006864	dungeon	2866	3941	0	false	true	unresolved	Salt Mine	Requires: Making Friends with My Arm, 60 Mining, 72 Firemaking\nBasalt and salt mining for icy portal nexus	Pre-consolidation PoiIndex/PoiDetails snapshot; identity not globally verified; poi/curated-details.tsv:354	DungeonLocation.SALT_MINE	Salt Mine	0.0	
poi_006865	poi_006865	dungeon	2521	3070	0	false	true	unresolved	Skavid Caves	Type: Dungeon entrance / underground link\nMay require light source, rope, or combat gear	Pre-consolidation PoiIndex/PoiDetails snapshot; identity not globally verified; poi/curated-details.tsv:356	DungeonLocation.SKAVID_CAVES_N	Skavid Caves	0.0	
poi_006866	poi_006866	dungeon	2540	3054	0	false	true	unresolved	Skavid Caves	Type: Dungeon entrance / underground link\nMay require light source, rope, or combat gear	Pre-consolidation PoiIndex/PoiDetails snapshot; identity not globally verified; poi/curated-details.tsv:357	DungeonLocation.SKAVID_CAVES_NE	Skavid Caves	0.0	
poi_006867	poi_006867	dungeon	2552	3054	0	false	true	unresolved	Skavid Caves	Type: Dungeon entrance / underground link\nMay require light source, rope, or combat gear	Pre-consolidation PoiIndex/PoiDetails snapshot; identity not globally verified; poi/curated-details.tsv:358	DungeonLocation.SKAVID_CAVES_NEE	Skavid Caves	0.0	
poi_006868	poi_006868	dungeon	2551	3035	0	false	true	unresolved	Skavid Caves	Type: Dungeon entrance / underground link\nMay require light source, rope, or combat gear	Pre-consolidation PoiIndex/PoiDetails snapshot; identity not globally verified; poi/curated-details.tsv:359	DungeonLocation.SKAVID_CAVES_E	Skavid Caves	0.0	
poi_006869	poi_006869	dungeon	2574	3028	0	false	true	unresolved	Skavid Caves (island)	Type: Dungeon entrance / underground link\nMay require light source, rope, or combat gear	Pre-consolidation PoiIndex/PoiDetails snapshot; identity not globally verified; poi/curated-details.tsv:360	DungeonLocation.SKAVID_CAVES_ISLAND_E	Skavid Caves (island)	0.0	
poi_006870	poi_006870	dungeon	2500	2991	0	false	true	unresolved	Skavid Caves (island)	Type: Dungeon entrance / underground link\nMay require light source, rope, or combat gear	Pre-consolidation PoiIndex/PoiDetails snapshot; identity not globally verified; poi/curated-details.tsv:361	DungeonLocation.SKAVID_CAVES_ISLAND_W	Skavid Caves (island)	0.0	
poi_006871	poi_006871	dungeon	2528	3014	0	false	true	unresolved	Skavid Caves	Type: Dungeon entrance / underground link\nMay require light source, rope, or combat gear	Pre-consolidation PoiIndex/PoiDetails snapshot; identity not globally verified; poi/curated-details.tsv:362	DungeonLocation.SKAVID_CAVES_S	Skavid Caves	0.0	
poi_006872	poi_006872	dungeon	2561	3025	0	false	true	unresolved	Skavid Caves	Type: Dungeon entrance / underground link\nMay require light source, rope, or combat gear	Pre-consolidation PoiIndex/PoiDetails snapshot; identity not globally verified; poi/curated-details.tsv:363	DungeonLocation.SKAVID_CAVES_SEE	Skavid Caves	0.0	
poi_006873	poi_006873	dungeon	1482	3549	0	false	true	unresolved	Shayzien Crypts	Requires: Combat gear\nShayzien zombies and skeletal warriors under the cemetery	Pre-consolidation PoiIndex/PoiDetails snapshot; identity not globally verified; poi/curated-details.tsv:369	DungeonLocation.SHAYZIEN_CRYPTS	Shayzien Crypts	0.0	
poi_006874	poi_006874	dungeon	3724	3356	0	false	true	unresolved	Sisterhood Sanctuary	Requires: Priest in Peril (Morytania & Slepe access)\nThe Nightmare of Ashihama boss encounter below	Pre-consolidation PoiIndex/PoiDetails snapshot; identity not globally verified; poi/curated-details.tsv:377	DungeonLocation.SISTERHOOD_SANCTUARY_LAB	Sisterhood Sanctuary	0.0	
poi_006875	poi_006875	dungeon	3179	3684	0	false	true	unresolved	Skeletal Tomb	Type: Dungeon entrance / underground link\nMay require light source, rope, or combat gear	Pre-consolidation PoiIndex/PoiDetails snapshot; identity not globally verified; poi/curated-details.tsv:378	DungeonLocation.SKELETAL_TOMB	Skeletal Tomb	0.0	
poi_006876	poi_006876	basement	3416	3535	0	false	true	unresolved	Slayer Tower basement	Requires: Slayer Tower basement key\nHigh-level Slayer monsters inside	Pre-consolidation PoiIndex/PoiDetails snapshot; identity not globally verified; poi/curated-details.tsv:379				no_same_type_snapshot_within_12_tiles
poi_006877	poi_006877	basement	3718	3307	0	false	true	unresolved	Slepe basement	Type: Dungeon entrance / underground link\nMay require light source, rope, or combat gear	Pre-consolidation PoiIndex/PoiDetails snapshot; identity not globally verified; poi/curated-details.tsv:380				no_same_type_snapshot_within_12_tiles
poi_006878	poi_006878	dungeon	2411	3061	0	false	true	unresolved	Smoke Devil Dungeon	Requires: Level 93 Slayer, Facemask or Slayer helmet\nProtects against toxic smoke; boss requires Slayer task	Pre-consolidation PoiIndex/PoiDetails snapshot; identity not globally verified; poi/curated-details.tsv:381	DungeonLocation.SMOKE_DEVIL	Smoke Devil Dungeon	0.0	
poi_006879	poi_006879	dungeon	3309	2962	0	false	true	unresolved	Smoke Dungeon	Requires: Facemask or Slayer helmet (smoke damage)\nBring a rope and light source	Pre-consolidation PoiIndex/PoiDetails snapshot; identity not globally verified; poi/curated-details.tsv:382	DungeonLocation.SMOKE_DUNGEON	Smoke Dungeon	0.0	
poi_006880	poi_006880	dungeon	3314	2797	0	false	true	unresolved	Sophanem Dungeon	Type: Dungeon entrance / underground link\nMay require light source, rope, or combat gear	Pre-consolidation PoiIndex/PoiDetails snapshot; identity not globally verified; poi/curated-details.tsv:383	DungeonLocation.SOPHANEM	Sophanem Dungeon	0.0	
poi_006881	poi_006881	dungeon	1324	3364	0	false	true	unresolved	Stalker Den	Requires: The Twilight's Blade\nStalker boss dungeon • Twilight Emissaries quest cavern	Pre-consolidation PoiIndex/PoiDetails snapshot; identity not globally verified; poi/curated-details.tsv:386	DungeonLocation.STALKER_DEN_E	Stalker Den	0.0	
poi_006882	poi_006882	dungeon	3080	3420	0	false	true	unresolved	Stronghold of Security	Type: Dungeon entrance / underground link\nMay require light source, rope, or combat gear	Pre-consolidation PoiIndex/PoiDetails snapshot; identity not globally verified; poi/curated-details.tsv:387	DungeonLocation.STRONGHOLD_OF_SECURITY	Stronghold of Security	0.0	
poi_006883	poi_006883	dungeon	2427	3424	0	false	true	unresolved	Stronghold Slayer Dungeon	Type: Dungeon entrance / underground link\nMay require light source, rope, or combat gear	Pre-consolidation PoiIndex/PoiDetails snapshot; identity not globally verified; poi/curated-details.tsv:388	DungeonLocation.STRONGHOLD_SLAYER	Stronghold Slayer Dungeon	0.0	
poi_006884	poi_006884	dungeon	2883	3397	0	false	true	unresolved	Taverley Dungeon	Requires: Dusty key (from Velrak in Taverley jail) or 70 Agility shortcut\nLight source recommended	Pre-consolidation PoiIndex/PoiDetails snapshot; identity not globally verified; poi/curated-details.tsv:389	DungeonLocation.TAVERLEY	Taverley Dungeon	0.0	
poi_006885	poi_006885	dungeon	2841	3424	0	false	true	unresolved	Taverley Dungeon	Requires: Dusty key (from Velrak in Taverley jail) or 70 Agility shortcut\nLight source recommended	Pre-consolidation PoiIndex/PoiDetails snapshot; identity not globally verified; poi/curated-details.tsv:390	DungeonLocation.TAVERLEY_ISLAND	Taverley Dungeon	0.0	
poi_006886	poi_006886	dungeon	1174	3429	0	false	true	unresolved	Temple - Desert Treasure 2	Type: Dungeon entrance / underground link\nMay require light source, rope, or combat gear	Pre-consolidation PoiIndex/PoiDetails snapshot; identity not globally verified; poi/curated-details.tsv:391	DungeonLocation.TEMPLE_DESERT_TREASURE_2	Temple - Desert Treasure 2	0.0	
poi_006887	poi_006887	dungeon	3676	3219	0	false	true	unresolved	Theatre of Blood	Requires: Priest in Peril and A Taste of Hope (Morytania access)\nRaid party lobby for Theatre of Blood	Pre-consolidation PoiIndex/PoiDetails snapshot; identity not globally verified; poi/curated-details.tsv:394	DungeonLocation.THEATRE_OF_BLOOD	Theatre of Blood	0.0	
poi_006888	poi_006888	dungeon	1278	3168	0	false	true	unresolved	Passage to Gemstone Crab	Type: Dungeon entrance / underground link\nMay require light source, rope, or combat gear	Pre-consolidation PoiIndex/PoiDetails snapshot; identity not globally verified; poi/curated-details.tsv:396	DungeonLocation.TLATI_RAINFOREST_NORTH	Passage to Gemstone Crab	0.0	
poi_006889	poi_006889	dungeon	1351	3124	0	false	true	unresolved	Passage to Gemstone Crab	Type: Dungeon entrance / underground link\nMay require light source, rope, or combat gear	Pre-consolidation PoiIndex/PoiDetails snapshot; identity not globally verified; poi/curated-details.tsv:397	DungeonLocation.TLATI_RAINFOREST_EAST	Passage to Gemstone Crab	0.0	
poi_006890	poi_006890	dungeon	1246	3036	0	false	true	unresolved	Passage to Gemstone Crab	Type: Dungeon entrance / underground link\nMay require light source, rope, or combat gear	Pre-consolidation PoiIndex/PoiDetails snapshot; identity not globally verified; poi/curated-details.tsv:398	DungeonLocation.TLATI_RAINFOREST_SOUTH	Passage to Gemstone Crab	0.0	
poi_006891	poi_006891	dungeon	3308	3450	0	false	true	unresolved	Tolna's rift	Type: Dungeon entrance / underground link\nMay require light source, rope, or combat gear	Pre-consolidation PoiIndex/PoiDetails snapshot; identity not globally verified; poi/curated-details.tsv:400	DungeonLocation.TOLNAS_RIFT	Tolna's rift	0.0	
poi_006892	poi_006892	dungeon	3270	6049	0	false	true	unresolved	Trahaearn Mine	Type: Dungeon interior (underground layer)\nVisible on the dungeon / underground map	Pre-consolidation PoiIndex/PoiDetails snapshot; identity not globally verified; poi/curated-details.tsv:403	DungeonLocation.TRAHAEARN_MINE	Trahaearn Mine	0.0	
poi_006893	poi_006893	dungeon	2532	3155	0	false	true	unresolved	Tree Gnome Village Dungeon	Type: Dungeon entrance / underground link\nMay require light source, rope, or combat gear	Pre-consolidation PoiIndex/PoiDetails snapshot; identity not globally verified; poi/curated-details.tsv:404	DungeonLocation.TREE_GNOME_VILLAGE	Tree Gnome Village Dungeon	0.0	
poi_006894	poi_006894	dungeon	3110	3126	0	false	true	unresolved	Tutorial Island mine	Type: Dungeon entrance / underground link\nMay require light source, rope, or combat gear	Pre-consolidation PoiIndex/PoiDetails snapshot; identity not globally verified; poi/curated-details.tsv:408	DungeonLocation.TUTORIAL_ISLAND_E	Tutorial Island mine	0.0	
poi_006895	poi_006895	dungeon	1693	3231	0	false	true	unresolved	Ruins of Tapoyauik	Type: Dungeon entrance / underground link\nMay require light source, rope, or combat gear	Pre-consolidation PoiIndex/PoiDetails snapshot; identity not globally verified; poi/curated-details.tsv:410	DungeonLocation.TWILIGHT_TEMPLE_S	Ruins of Tapoyauik	0.0	
poi_006896	poi_006896	dungeon	1640	3221	0	false	true	unresolved	Ruins of Tapoyauik	Type: Dungeon entrance / underground link\nMay require light source, rope, or combat gear	Pre-consolidation PoiIndex/PoiDetails snapshot; identity not globally verified; poi/curated-details.tsv:411	DungeonLocation.TWILIGHT_TEMPLE_SW	Ruins of Tapoyauik	0.0	
poi_006897	poi_006897	dungeon	2496	5140	0	false	true	unresolved	TzHaar City (Mor Ul Rek)	Type: Dungeon interior (underground layer)\nVisible on the dungeon / underground map	Pre-consolidation PoiIndex/PoiDetails snapshot; identity not globally verified; poi/curated-details.tsv:412	DungeonLocation.JORMUNGANDS_PRISON	Jormungand's Prison	1128.454	no_same_type_snapshot_within_12_tiles
poi_006898	poi_006898	dungeon	2312	3215	0	false	true	unresolved	Underground Pass	Requires: Biohazard / Underground Pass quest started\nRope, Bow & Arrows, and Agility boosts recommended	Pre-consolidation PoiIndex/PoiDetails snapshot; identity not globally verified; poi/curated-details.tsv:413	DungeonLocation.UNDERGROUND_PASS_KANDARIN	Underground Pass	0.0	
poi_006899	poi_006899	dungeon	3760	3899	0	false	true	unresolved	Underwater	Type: Dungeon entrance / underground link\nMay require light source, rope, or combat gear	Pre-consolidation PoiIndex/PoiDetails snapshot; identity not globally verified; poi/curated-details.tsv:415	DungeonLocation.UNDERWATER	Underwater	0.0	
poi_006900	poi_006900	dungeon	1496	3132	0	false	true	unresolved	Wolf Den	Type: Dungeon entrance / underground link\nMay require light source, rope, or combat gear	Pre-consolidation PoiIndex/PoiDetails snapshot; identity not globally verified; poi/curated-details.tsv:417	DungeonLocation.VARLAMORE_WOLF_DEN	Wolf Den	0.0	
poi_006901	poi_006901	dungeon	3236	3458	0	false	true	unresolved	Varrock Sewers	Type: Dungeon entrance / underground link\nMay require light source, rope, or combat gear	Pre-consolidation PoiIndex/PoiDetails snapshot; identity not globally verified; poi/curated-details.tsv:418	DungeonLocation.VARROCK_SEWERS	Varrock Sewers	0.0	
poi_006902	poi_006902	dungeon	3229	3504	0	false	true	unresolved	Varrock Sewers	Type: Dungeon entrance / underground link\nMay require light source, rope, or combat gear	Pre-consolidation PoiIndex/PoiDetails snapshot; identity not globally verified; poi/curated-details.tsv:419	DungeonLocation.VARROCK_SEWERS_ZOO	Varrock Sewers	0.0	
poi_006903	poi_006903	dungeon	3815	3808	0	false	true	unresolved	Volcanic Mine	Requires: Bone Voyage quest, 150 Museum Kudos, 50 Mining\nUnfiltered Fossil Island minigame access	Pre-consolidation PoiIndex/PoiDetails snapshot; identity not globally verified; poi/curated-details.tsv:421	DungeonLocation.VOLCANIC_MINE	Volcanic Mine	0.0	
poi_006904	poi_006904	dungeon	1812	3745	0	false	true	unresolved	The Warrens	Type: Dungeon entrance / underground link\nMay require light source, rope, or combat gear	Pre-consolidation PoiIndex/PoiDetails snapshot; identity not globally verified; poi/curated-details.tsv:423	DungeonLocation.WARRENS	The Warrens	0.0	
poi_006905	poi_006905	basement	2832	3542	0	false	true	unresolved	Warriors' Guild basement	Type: Dungeon entrance / underground link\nMay require light source, rope, or combat gear	Pre-consolidation PoiIndex/PoiDetails snapshot; identity not globally verified; poi/curated-details.tsv:424				no_same_type_snapshot_within_12_tiles
poi_006906	poi_006906	dungeon	2462	3496	0	false	true	unresolved	Grand Tree Tunnels	Type: Dungeon entrance / underground link\nGrand Tree base trapdoor • The Grand Tree quest	Pre-consolidation PoiIndex/PoiDetails snapshot; identity not globally verified; poi/curated-details.tsv:427	DungeonLocation.GRAND_TREE	Grand Tree Tunnels	0.0	
poi_006907	poi_006907	dungeon	2730	3713	0	false	true	unresolved	Keldagrim Entrance	Type: Dungeon entrance / underground link\nKeldagrim mountain tunnel entrance • The Giant Dwarf	Pre-consolidation PoiIndex/PoiDetails snapshot; identity not globally verified; poi/curated-details.tsv:437	DungeonLocation.KELDAGRIM	Keldagrim Entrance	0.0	
poi_006908	poi_006908	dungeon	2240	3328	0	false	true	unresolved	Prifddinas Underground Entrance	Type: Dungeon entrance / underground link\nTower of Voices stairway • Song of the Elves	Pre-consolidation PoiIndex/PoiDetails snapshot; identity not globally verified; poi/curated-details.tsv:445	DungeonLocation.IORWERTH_CAMP_CAVE	Iorwerth Camp cave	77.175	no_same_type_snapshot_within_12_tiles
poi_006909	poi_006909	dungeon	3045	3925	0	false	true	unresolved	Deep Wilderness Dungeon	Type: Dungeon entrance / underground link\nDeep Wilderness Dungeon entrance trapdoor	Pre-consolidation PoiIndex/PoiDetails snapshot; identity not globally verified; poi/curated-details.tsv:453	DungeonLocation.DEEP_WILDERNESS	Deep Wilderness Dungeon	1.414	
poi_006910	poi_006910	transportation	2339	3108	0	false	true	unresolved	Spirit Tree (Poison Waste)	Type: Spirit Tree transport network\nSpirit Tree east of Poison Waste / Path of Glouphrie	Pre-consolidation PoiIndex/PoiDetails snapshot; identity not globally verified; poi/curated-details.tsv:466	FairyRingLocation.BKP	Fairy Ring (BKP)	84.06	no_same_type_snapshot_within_12_tiles
poi_006911	poi_006911	dungeon	2520	3740	0	false	true	unresolved	Waterbirth Dungeon	Requires: Rellekka / Fremennik boat access and combat gear\nBring food, prayer potions, and armour for Dagannoths	Pre-consolidation PoiIndex/PoiDetails snapshot; identity not globally verified; poi/curated-details.tsv:470	DungeonLocation.WATERBIRTH	Waterbirth Dungeon	0.0	
poi_006912	poi_006912	dungeon	2542	3741	0	false	true	unresolved	Waterbirth Dungeon	Requires: Rellekka / Fremennik boat access and combat gear\nBring food, prayer potions, and armour for Dagannoths	Pre-consolidation PoiIndex/PoiDetails snapshot; identity not globally verified; poi/curated-details.tsv:471	DungeonLocation.WATERBIRTH_MOUNTAIN	Waterbirth Dungeon	0.0	
poi_006913	poi_006913	dungeon	2853	3944	0	false	true	unresolved	Hole (shortcut to boat)	Type: Dungeon entrance / underground link\nMay require light source, rope, or combat gear	Pre-consolidation PoiIndex/PoiDetails snapshot; identity not globally verified; poi/curated-details.tsv:473	DungeonLocation.WEISS_HOLE	Hole (shortcut to boat)	0.0	
poi_006914	poi_006914	dungeon	2876	3480	0	false	true	unresolved	White Wolf Tunnel	Type: Dungeon entrance / underground link\nMay require light source, rope, or combat gear	Pre-consolidation PoiIndex/PoiDetails snapshot; identity not globally verified; poi/curated-details.tsv:476	DungeonLocation.WHITE_WOLF_TUNNEL_E	White Wolf Tunnel	0.0	
poi_006915	poi_006915	dungeon	2819	3484	0	false	true	unresolved	White Wolf Tunnel	Type: Dungeon entrance / underground link\nMay require light source, rope, or combat gear	Pre-consolidation PoiIndex/PoiDetails snapshot; identity not globally verified; poi/curated-details.tsv:477	DungeonLocation.WHITE_WOLF_TUNNEL_W	White Wolf Tunnel	0.0	
poi_006916	poi_006916	dungeon	3004	3963	0	false	true	unresolved	Wilderness Agility Course Dungeon	Type: Dungeon entrance / underground link\nMay require light source, rope, or combat gear	Pre-consolidation PoiIndex/PoiDetails snapshot; identity not globally verified; poi/curated-details.tsv:478	DungeonLocation.WILDERNESS_AGILITY	Wilderness Agility Course Dungeon	0.0	
poi_006917	poi_006917	dungeon	3016	3739	0	false	true	unresolved	Wilderness God Wars Dungeon	Requires: 60 Strength or 60 Agility, plus a Rope (Wilderness lvl 28)\nEcumenical key or 40 killcount required for boss rooms	Pre-consolidation PoiIndex/PoiDetails snapshot; identity not globally verified; poi/curated-details.tsv:479	DungeonLocation.WILDERNESS_GOD_WARS	Wilderness God Wars Dungeon	0.0	
poi_006918	poi_006918	dungeon	3292	3746	0	false	true	unresolved	Wilderness Slayer Cave	Type: Dungeon entrance / underground link\nMay require light source, rope, or combat gear	Pre-consolidation PoiIndex/PoiDetails snapshot; identity not globally verified; poi/curated-details.tsv:480	DungeonLocation.WILDERNESS_SLAYER_CAVE_NORTH	Wilderness Slayer Cave	0.0	
poi_006919	poi_006919	dungeon	3259	3666	0	false	true	unresolved	Wilderness Slayer Cave	Type: Dungeon entrance / underground link\nMay require light source, rope, or combat gear	Pre-consolidation PoiIndex/PoiDetails snapshot; identity not globally verified; poi/curated-details.tsv:481	DungeonLocation.WILDERNESS_SLAYER_CAVE_SOUTH	Wilderness Slayer Cave	0.0	
poi_006920	poi_006920	dungeon	2695	3283	0	false	true	unresolved	Witchaven Dungeon	Type: Dungeon entrance / underground link\nMay require light source, rope, or combat gear	Pre-consolidation PoiIndex/PoiDetails snapshot; identity not globally verified; poi/curated-details.tsv:482	DungeonLocation.WITCHAVEN	Witchaven Dungeon	0.0	
poi_006921	poi_006921	basement	2593	3085	0	false	true	unresolved	Wizards' Guild basement	Requires: Level 66 Magic (Magic guild entrance)\nZombies and rune portals in Yanille	Pre-consolidation PoiIndex/PoiDetails snapshot; identity not globally verified; poi/curated-details.tsv:483				no_same_type_snapshot_within_12_tiles
poi_006922	poi_006922	basement	3103	3162	0	false	true	unresolved	Wizards' Tower basement	Type: Dungeon entrance / underground link\nMay require light source, rope, or combat gear	Pre-consolidation PoiIndex/PoiDetails snapshot; identity not globally verified; poi/curated-details.tsv:484				no_same_type_snapshot_within_12_tiles
poi_006923	poi_006923	dungeon	1603	3508	0	false	true	unresolved	Woodcutting Guild dungeon	Requires: 60 Woodcutting\nEnts and Woodcutting dungeon below	Pre-consolidation PoiIndex/PoiDetails snapshot; identity not globally verified; poi/curated-details.tsv:485	DungeonLocation.WOODCUTTING_GUILD	Woodcutting Guild dungeon	0.0	
poi_006924	poi_006924	dungeon	3745	3779	0	false	true	unresolved	Wyvern Cave	Type: Dungeon entrance / underground link\nMay require light source, rope, or combat gear	Pre-consolidation PoiIndex/PoiDetails snapshot; identity not globally verified; poi/curated-details.tsv:486	DungeonLocation.WYVERN_CAVE	Wyvern Cave	0.0	
poi_006925	poi_006925	dungeon	3677	3854	0	false	true	unresolved	Wyvern Cave (task only)	Type: Dungeon entrance / underground link\nMay require light source, rope, or combat gear	Pre-consolidation PoiIndex/PoiDetails snapshot; identity not globally verified; poi/curated-details.tsv:487	DungeonLocation.WYVERN_CAVE_TASK	Wyvern Cave (task only)	0.0	
poi_006926	poi_006926	dungeon	2568	3122	0	false	true	unresolved	Yanille Agility Dungeon	Type: Dungeon entrance / underground link\nMay require light source, rope, or combat gear	Pre-consolidation PoiIndex/PoiDetails snapshot; identity not globally verified; poi/curated-details.tsv:489	DungeonLocation.YANILLE_AGILITY	Yanille Agility Dungeon	0.0	
poi_006927	poi_006927	dungeon	2603	3078	0	false	true	unresolved	Yanille Agility Dungeon	Type: Dungeon entrance / underground link\nMay require light source, rope, or combat gear	Pre-consolidation PoiIndex/PoiDetails snapshot; identity not globally verified; poi/curated-details.tsv:490	DungeonLocation.YANILLE_AGILITY_CITY	Yanille Agility Dungeon	0.0	
poi_006928	poi_006928	dungeon	3280	6059	0	false	true	unresolved	Zalcano's Prison	Type: Dungeon interior (underground layer)\nVisible on the dungeon / underground map	Pre-consolidation PoiIndex/PoiDetails snapshot; identity not globally verified; poi/curated-details.tsv:492	DungeonLocation.ZALCANO	Zalcano's Prison	0.0	
poi_006929	poi_006929	dungeon	2484	3043	0	false	true	unresolved	Zogre cave	Type: Dungeon entrance / underground link\nMay require light source, rope, or combat gear	Pre-consolidation PoiIndex/PoiDetails snapshot; identity not globally verified; poi/curated-details.tsv:493	DungeonLocation.ZOGRE_CAVE	Zogre cave	0.0	
poi_006930	poi_006930	dungeon	2480	5175	0	false	true	unresolved	TzHaar City	Type: Dungeon interior (underground layer)\nVisible on the dungeon / underground map	Pre-consolidation PoiIndex/PoiDetails snapshot; identity not globally verified; poi/curated-details.tsv:505	DungeonLocation.IORWERTH_CAMP_CAVE_PRIF	Iorwerth Camp cave	1121.364	no_same_type_snapshot_within_12_tiles
poi_006931	poi_006931	dungeon	2438	5168	0	false	true	unresolved	Fight Cave	Type: Dungeon interior (underground layer)\nTzHaar-Mej-Jal • TzTok-Jad fire cape minigame	Pre-consolidation PoiIndex/PoiDetails snapshot; identity not globally verified; poi/curated-details.tsv:506	DungeonLocation.IORWERTH_CAMP_CAVE_PRIF	Iorwerth Camp cave	1154.778	no_same_type_snapshot_within_12_tiles
poi_006932	poi_006932	dungeon	2496	5118	0	false	true	unresolved	The Inferno	Type: Dungeon interior (underground layer)\nTzHaar-Ket-Keh • TzKal-Zuk infernal cape minigame	Pre-consolidation PoiIndex/PoiDetails snapshot; identity not globally verified; poi/curated-details.tsv:507	DungeonLocation.JORMUNGANDS_PRISON	Jormungand's Prison	1106.463	no_same_type_snapshot_within_12_tiles
poi_006933	poi_006933	dungeon	2773	10162	0	false	true	unresolved	Keldagrim	Type: Dungeon interior (underground layer)\nVisible on the dungeon / underground map	Pre-consolidation PoiIndex/PoiDetails snapshot; identity not globally verified; poi/curated-details.tsv:514	DungeonLocation.RIVER_KELDA	River Kelda	79.649	no_same_type_snapshot_within_12_tiles
poi_006934	poi_006934	dungeon	1439	9509	1	false	true	unresolved	Cam Torum	Requires: Children of the Sun & Twilight's Promise quests\nUnderground Varlamore settlement leading to Neypotzli	Pre-consolidation PoiIndex/PoiDetails snapshot; identity not globally verified; poi/curated-details.tsv:542; poi/curated-details.tsv:582				no_same_type_snapshot_within_12_tiles
poi_006935	poi_006935	dungeon	2428	9824	0	false	true	unresolved	Stronghold Slayer Cave	Type: Dungeon interior (underground layer)\nVisible on the dungeon / underground map	Pre-consolidation PoiIndex/PoiDetails snapshot; identity not globally verified; poi/curated-details.tsv:602	DungeonLocation.KRAKEN_BOSS	Kraken (boss)	243.824	no_same_type_snapshot_within_12_tiles
poi_006936	poi_006936	dungeon	2833	9656	0	false	true	unresolved	Crandor Dungeon	Type: Dungeon interior (underground layer)\nVisible on the dungeon / underground map	Pre-consolidation PoiIndex/PoiDetails snapshot; identity not globally verified; poi/curated-details.tsv:639	DungeonLocation.TZHAAR_CITY	TzHaar City (Mor Ul Rek)	88.865	no_same_type_snapshot_within_12_tiles
poi_006937	poi_006937	agility_training	3347	2827	0	false	true	unresolved	Agility Pyramid (Level 30)	Level requirement: Level 30 Agility\nLap XP: 1,014 XP (reward: 10,000 gp pyramid top)\nActivity: Pyramid Course • Waterskins recommended\nAgility Pyramid	Pre-consolidation PoiIndex/PoiDetails snapshot; identity not globally verified; poi/curated-details.tsv:682	AgilityCourseLocation.AGILITY_PYRAMID	Agility Pyramid	0.0	
poi_006938	poi_006938	agility_training	2544	3569	0	false	true	unresolved	Barbarian Outpost Agility Course (Level 35)	Level requirement: Level 35 Agility (Advanced: Level 90)\nLap XP: 153.2 XP (Advanced: 615.6 XP)\nActivity: Obstacle Course • Requires Alfred Grimhand's Barcrawl\nBarbarian Outpost Agility Course	Pre-consolidation PoiIndex/PoiDetails snapshot; identity not globally verified; poi/curated-details.tsv:686	AgilityCourseLocation.BARBARIAN_OUTPOST_AGILITY_COURSE	Barbarian Outpost Agility Course	0.0	
poi_006939	poi_006939	agility_training	2806	3193	0	false	true	unresolved	Brimhaven Agility Arena (Level 40)	Level requirement: Level 40 Agility (entrance fee: 200 coins)\nActivity: Ticket Tagging Arena • Redeem tickets for XP and rewards\nMarks of Grace: No (gives Agility Arena tickets)\nBrimhaven Agility Arena	Pre-consolidation PoiIndex/PoiDetails snapshot; identity not globally verified; poi/curated-details.tsv:687	AgilityCourseLocation.BRIMHAVEN_AGILITY_ARENA	Brimhaven Agility Arena	0.0	
poi_006940	poi_006940	agility_training	3506	3490	0	false	true	unresolved	Canifis Rooftop Course (Level 40)	Level requirement: Level 40 Agility\nLap XP: 240 XP\nActivity: Rooftop Course • Marks of Grace: Yes\nCanifis Rooftop Course	Pre-consolidation PoiIndex/PoiDetails snapshot; identity not globally verified; poi/curated-details.tsv:688	AgilityCourseLocation.CANIFIS_ROOFTOP_COURSE	Canifis Rooftop Course	0.0	
poi_006941	poi_006941	agility_training	1649	2930	0	false	true	unresolved	Colossal Wyrm Agility Course (Level 50)	Level requirement: Level 50 Agility (Basic) / Level 62 (Advanced)\nLap XP: Basic 450 XP • Advanced 575 XP\nActivity: Obstacle Course • Rewards: Termites & Calcified deposits\nColossal Wyrm Course	Pre-consolidation PoiIndex/PoiDetails snapshot; identity not globally verified; poi/curated-details.tsv:689	AgilityCourseLocation.COLOSSAL_WYRM_COURSE	Colossal Wyrm Course	0.0	
poi_006942	poi_006942	agility_training	3103	3279	0	false	true	unresolved	Draynor Village Rooftop Course (Level 10)	Level requirement: Level 10 Agility\nLap XP: 120 XP\nActivity: Rooftop Course • Marks of Grace: Yes\nDraynor Village Rooftop Course	Pre-consolidation PoiIndex/PoiDetails snapshot; identity not globally verified; poi/curated-details.tsv:691	AgilityCourseLocation.DRAYNOR_VILLAGE_ROOFTOP_COURSE	Draynor Village Rooftop Course	0.0	
poi_006943	poi_006943	agility_training	3035	3340	0	false	true	unresolved	Falador Rooftop Course (Level 50)	Level requirement: Level 50 Agility\nLap XP: 440 XP\nActivity: Rooftop Course • Marks of Grace: Yes\nFalador Rooftop Course	Pre-consolidation PoiIndex/PoiDetails snapshot; identity not globally verified; poi/curated-details.tsv:692	AgilityCourseLocation.FALADOR_ROOFTOP_COURSE	Falador Rooftop Course	2.0	
poi_006944	poi_006944	agility_training	2474	3436	0	false	true	unresolved	Gnome Stronghold Agility Course (Level 1)	Level requirement: Level 1 Agility (Advanced: Level 85)\nLap XP: 86.5 XP (Advanced: 725 XP)\nActivity: Obstacle Course • Marks of Grace: No\nGnome Stronghold Agility Course	Pre-consolidation PoiIndex/PoiDetails snapshot; identity not globally verified; poi/curated-details.tsv:693	AgilityCourseLocation.GNOME_STRONGHOLD_AGILITY_COURSE	Gnome Stronghold Agility Course	0.0	
poi_006945	poi_006945	agility_training	3253	6109	0	false	true	unresolved	Prifddinas Agility Course (Level 75)	Level requirement: Level 75 Agility\nLap XP: 1,337 XP\nActivity: Rooftop Course • Rewards Crystal shards (no Marks of Grace)\nRequirements: Song of the Elves quest completed\nPrifddinas Agility Course	Pre-consolidation PoiIndex/PoiDetails snapshot; identity not globally verified; poi/curated-details.tsv:698	AgilityCourseLocation.PRIFDDINAS_AGILITY_COURSE	Prifddinas Agility Course	0.0	
poi_006946	poi_006946	agility_training	1551	3632	0	false	true	unresolved	Shayzien Agility Course (Level 5)	Level requirement: Level 5 Agility (Basic) / Level 48 (Advanced)\nLap XP: Basic 133 XP • Advanced 431.6 XP\nActivity: Obstacle Course in Shayzien\nShayzien Agility Course	Pre-consolidation PoiIndex/PoiDetails snapshot; identity not globally verified; poi/curated-details.tsv:701	AgilityCourseLocation.SHAYZIEN_COURSE	Shayzien Agility Course	0.0	
poi_006947	poi_006947	agility_short-cut	3422	3550	0	false	true	unresolved	Slayer Tower Broken Window (Ground Floor) (Level 18)	Level requirement: Level 18 Agility\nConnects: Slayer Tower entrance outside directly into Banshee room\nFast access for Banshee Slayer tasks	Pre-consolidation PoiIndex/PoiDetails snapshot; identity not globally verified; poi/curated-details.tsv:769				no_same_type_snapshot_within_12_tiles
poi_006948	poi_006948	agility_short-cut	2945	3439	0	false	true	unresolved	Taverley Wall Climbing Rocks (Level 66)	Level requirement: Level 66 Agility\nConnects: Eastern Taverley wall directly into Taverley tree patch\nFastest access to Taverley farming patch from Falador	Pre-consolidation PoiIndex/PoiDetails snapshot; identity not globally verified; poi/curated-details.tsv:783				no_same_type_snapshot_within_12_tiles
poi_006949	poi_006949	agility_short-cut	3546	3282	0	false	true	unresolved	Barrows Dry Stone Wall (Level 72)	Level requirement: Level 72 Agility\nConnects: South-western Barrows mound perimeter to swamp path\nFaster pathing during Barrows brother runs	Pre-consolidation PoiIndex/PoiDetails snapshot; identity not globally verified; poi/curated-details.tsv:787				no_same_type_snapshot_within_12_tiles
poi_006950	poi_006950	agility_short-cut	3373	2957	0	false	true	unresolved	Pollnivneach River Stepping Stone (Level 71)	Level requirement: Level 71 Agility\nConnects: River Elid crossing between Pollnivneach and Nardah\nFast desert river crossing without carpet ride	Pre-consolidation PoiIndex/PoiDetails snapshot; identity not globally verified; poi/curated-details.tsv:788				no_same_type_snapshot_within_12_tiles
poi_006951	poi_006951	agility_short-cut	2546	3748	0	false	true	unresolved	Waterbirth Island Rocks (Level 85)	Level requirement: Level 85 Agility\nConnects: Waterbirth Island boat landing directly to second cave entrance\nBypasses snare traps and monsters on the island surface	Pre-consolidation PoiIndex/PoiDetails snapshot; identity not globally verified; poi/curated-details.tsv:789				no_same_type_snapshot_within_12_tiles
poi_006952	poi_006952	agility_short-cut	3268	3627	0	false	true	unresolved	Wilderness Chaos Temple Lava Stepping Stone (Level 72)	Level requirement: Level 72 Agility\nConnects: Level 13 Wilderness Chaos Temple across lava to Slayer Cave\nDanger: Wilderness PvP area	Pre-consolidation PoiIndex/PoiDetails snapshot; identity not globally verified; poi/curated-details.tsv:791				no_same_type_snapshot_within_12_tiles
poi_006953	poi_006953	agility_short-cut	3505	3558	0	false	true	unresolved	Mausoleum Repaired Bridge (Level 69)	Level requirement: Level 69 Agility\nConnects: Morytania mainland across water to the Mausoleum island\nRequirements: Priest in Peril / Nature Spirit / repairable bridge	Pre-consolidation PoiIndex/PoiDetails snapshot; identity not globally verified; poi/curated-details.tsv:792				no_same_type_snapshot_within_12_tiles
poi_006954	poi_006954	hunter_training	3258	2378	0	false	true	unresolved	The Great Conch - Red Chinchompas (Level 63)	Target: Carnivorous chinchompa (Red chinchompa)\nLevel requirement: Level 63 Hunter\nCatch method: Box trap\nRegion: The Great Conch (hill east of the town)	Pre-consolidation PoiIndex/PoiDetails snapshot; identity not globally verified; poi/curated-details.tsv:840	HunterAreaLocation.NECROPOLIS	Orange salamander (47)	362.008	no_same_type_snapshot_within_12_tiles
poi_006955	poi_006955	hunter_training	3143	2485	0	false	true	unresolved	The Great Conch - Tropical Wagtails (Level 19)	Target: Tropical wagtail (Stripy feathers)\nLevel requirement: Level 19 Hunter\nCatch method: Bird snare\nRegion: The Great Conch (hunting area)	Pre-consolidation PoiIndex/PoiDetails snapshot; identity not globally verified; poi/curated-details.tsv:841	HunterAreaLocation.NECROPOLIS	Orange salamander (47)	290.998	no_same_type_snapshot_within_12_tiles
poi_006956	poi_006956	hunter_training	3122	2532	0	false	true	unresolved	The Great Conch - Orange Salamanders (Level 47)	Target: Orange salamander\nLevel requirement: Level 47 Hunter\nCatch method: Net trap (Ropes & Small fishing nets on young trees)\nRegion: The Great Conch (Abalone Cliffs)	Pre-consolidation PoiIndex/PoiDetails snapshot; identity not globally verified; poi/curated-details.tsv:843	HunterAreaLocation.NECROPOLIS	Orange salamander (47)	263.473	no_same_type_snapshot_within_12_tiles
poi_006957	poi_006957	dungeon	2661	2395	0	false	true	unresolved	Charred Island Dungeon	Type: Slayer dungeon (Lava strykewyrms)\nRequirements: Level 62 Slayer for lava strykewyrms\nRegion: Charred Island (Sailing)	Pre-consolidation PoiIndex/PoiDetails snapshot; identity not globally verified; poi/curated-details.tsv:851	DungeonLocation.WYRMSCRAIG_CAVERN_E	Wyrmscraig Cavern	216.021	no_same_type_snapshot_within_12_tiles
poi_006958	poi_006958	dungeon	2081	3690	0	false	true	unresolved	Buccaneers' Laboratory	Type: Underground pirate laboratory\nMay require a light source or combat gear\nRegion: Buccaneers' Haven (Sailing)	Pre-consolidation PoiIndex/PoiDetails snapshot; identity not globally verified; poi/curated-details.tsv:854	DungeonLocation.KRAKEN_COVE	Kraken Cove	211.322	no_same_type_snapshot_within_12_tiles
poi_006959	poi_006959	dungeon	1955	4056	0	false	true	unresolved	Brittle Isle Cave	Type: Unmarked sea cave\nRequirements: Level 81 Sailing to access island\nRegion: Brittle Isle (Sailing)	Pre-consolidation PoiIndex/PoiDetails snapshot; identity not globally verified; poi/curated-details.tsv:857	DungeonLocation.LUNAR_ISLE	Lunar Isle Mine	217.117	no_same_type_snapshot_within_12_tiles
poi_006960	poi_006960	mining_site	2998	2288	0	false	true	unresolved	The Onyx Crest - Mining Site	Ores available: Iron (15), Lead (25), Silver (20), Gem (40), Gold (40)\nTool needed: Pickaxe (Bronze to Crystal)\nRegion: The Onyx Crest (Sailing)	Pre-consolidation PoiIndex/PoiDetails snapshot; identity not globally verified; poi/curated-details.tsv:860	MiningSiteLocation.ONYX_CREST	8 Iron<br>3 Silver<br>6 Lead<br>4 Gem rock<br>4 Gold	39.446	no_same_type_snapshot_within_12_tiles
poi_006961	poi_006961	rare_trees	2151	3530	0	false	true	unresolved	Drumstick Isle - Rosewood trees (Level 92)	Trees: Rosewood tree (Master-tier shipbuilding timber)\nLevel requirement: Level 92 Woodcutting\nTool needed: Axe (Bronze to Crystal)\nRegion: Drumstick Isle (Sailing)	Pre-consolidation PoiIndex/PoiDetails snapshot; identity not globally verified; poi/curated-details.tsv:867	RareTreeLocation.ROSEWOOD	Rosewood tree - Level 92	10.05	
poi_006962	poi_006962	rare_trees	3062	2639	0	false	true	unresolved	Dognose Island - Magic tree (Level 75)	Trees: Magic tree\nLevel requirement: Level 75 Woodcutting\nTool needed: Axe (Bronze to Crystal)\nRegion: Dognose Island (Sailing)	Pre-consolidation PoiIndex/PoiDetails snapshot; identity not globally verified; poi/curated-details.tsv:868	RareTreeLocation.MAGIC	Magic tree - Level 75	19.026	no_same_type_snapshot_within_12_tiles
poi_006963	poi_006963	rare_trees	2098	3188	0	false	true	unresolved	Lledrith Island - Magic tree (Level 75)	Trees: Magic tree\nLevel requirement: Level 75 Woodcutting\nTool needed: Axe (Bronze to Crystal)\nRegion: Lledrith Island (Sailing)	Pre-consolidation PoiIndex/PoiDetails snapshot; identity not globally verified; poi/curated-details.tsv:869	RareTreeLocation.MAGIC	Magic tree - Level 75	12.806	no_same_type_snapshot_within_12_tiles
poi_006964	poi_006964	rare_trees	2468	2721	0	false	true	unresolved	Anglers' Retreat - Rare Trees (Level 15–60)	Trees: Oak (15), Willow (30), Yew (60)\nLevel requirement: Level 15 / 30 / 60 Woodcutting\nTool needed: Axe (Bronze to Crystal)\nRegion: Anglers' Retreat (Sailing)	Pre-consolidation PoiIndex/PoiDetails snapshot; identity not globally verified; poi/curated-details.tsv:870	RareTreeLocation.WILLOW_YEW	Willow/Yew trees - Level 60	16.125	no_same_type_snapshot_within_12_tiles
poi_006965	poi_006965	rare_trees	2319	2774	0	false	true	unresolved	Tear of the Soul - Yew trees (Level 60)	Trees: Yew tree\nLevel requirement: Level 60 Woodcutting\nTool needed: Axe (Bronze to Crystal)\nRegion: Tear of the Soul (Sailing)	Pre-consolidation PoiIndex/PoiDetails snapshot; identity not globally verified; poi/curated-details.tsv:871	RareTreeLocation.YEW	Yew tree - Level 60	24.187	no_same_type_snapshot_within_12_tiles
poi_006966	poi_006966	thieving	1766	2659	0	false	true	unresolved	The Crown Jewel - Tarnished Pirate Chest (Level 54)	Activity: Pick locked pirate chest (Tarnished chest)\nLevel requirement: Level 54 Thieving\nRegion: The Crown Jewel (Sailing)	Pre-consolidation PoiIndex/PoiDetails snapshot; identity not globally verified; poi/curated-details.tsv:877				no_same_type_snapshot_within_12_tiles
poi_006967	poi_006967	thieving	1861	3306	0	false	true	unresolved	Port Roberts - Pirate Stalls (Level 2–87)	Activity: Steal from 9 non-depleting pirate stalls\nLevel requirement: Level 2–87 Thieving (varies by stall)\nRegion: Port Roberts (Sailing)	Pre-consolidation PoiIndex/PoiDetails snapshot; identity not globally verified; poi/curated-details.tsv:879				no_same_type_snapshot_within_12_tiles
poi_006968	poi_006968	hunter_training	1558	2771	0	false	true	unresolved	Shimmering Atoll - Hunter Area	Target: Sailing-island hunter creatures\nLevel requirement: Check Hunter skill guide for creature levels\nCatch method: Traps, snares, or tracking\nRegion: Shimmering Atoll (Sailing)	Pre-consolidation PoiIndex/PoiDetails snapshot; identity not globally verified; poi/curated-details.tsv:885	HunterAreaLocation.AVIUM_SAVANNAH	Pyre Fox (57)	235.262	no_same_type_snapshot_within_12_tiles
poi_006969	poi_006969	farming_patch	3175	2367	0	false	true	unresolved	The Great Conch - Coral Nurseries (Level 28+)	Patches: Coral nursery (Sailing coral farming)\nLevel requirement: Level 28+ Farming\nTools needed: Spade, Rake\nRegion: The Great Conch (Sailing)	Pre-consolidation PoiIndex/PoiDetails snapshot; identity not globally verified; poi/curated-details.tsv:886	FarmingPatchLocation.CALQUAT	Farming patch - Calquat	61.612	no_same_type_snapshot_within_12_tiles
poi_006970	poi_006970	transportation	1202	2785	0	false	true	unresolved	Laguna Aurorae - Spirit Tree	Destination: Laguna Aurorae Spirit Tree\nRequirements: Tree Gnome Village quest completed\nActivity: Fast travel across the Spirit Tree network\nSpirit Tree	Pre-consolidation PoiIndex/PoiDetails snapshot; identity not globally verified; poi/curated-details.tsv:891	TransportationPointLocation.SPIRITTREE_LAGUNA_AURORAE	Spirit Tree	2.0	
poi_006971	poi_006971	farming_patch	3793	2836	0	false	true	unresolved	Allotment Farming Patch	Patches: Allotment\nTools needed: Rake, Spade, Seed dibber, Watering can\nCheck Farming skill guide for seed levels\nFarming patch - Allotment	Pre-consolidation PoiIndex/PoiDetails snapshot; identity not globally verified; poi/curated-details.tsv:952	FarmingPatchLocation.ALLOTMENT	Farming patch - Allotment	0.0	
poi_006972	poi_006972	farming_patch	1269	3730	0	false	true	unresolved	Allotment Farming Patch	Patches: Allotment\nTools needed: Rake, Spade, Seed dibber, Watering can\nCheck Farming skill guide for seed levels\nFarming patch - Allotment	Pre-consolidation PoiIndex/PoiDetails snapshot; identity not globally verified; poi/curated-details.tsv:953	FarmingPatchLocation.ALLOTMENT	Farming patch - Allotment	0.0	
poi_006973	poi_006973	farming_patch	3289	6100	0	false	true	unresolved	Allotment/Flower Farming Patch	Patches: Allotment/Flower\nTools needed: Rake, Spade, Seed dibber, Watering can\nCheck Farming skill guide for seed levels\nFarming patch - Allotment/Flower	Pre-consolidation PoiIndex/PoiDetails snapshot; identity not globally verified; poi/curated-details.tsv:954	FarmingPatchLocation.ALLOTMENT_FLOWER	Farming patch - Allotment/Flower	0.0	
poi_006974	poi_006974	farming_patch	1729	3558	0	false	true	unresolved	Allotment/Herb/Flower Farming Patch	Patches: Allotment/Herb/Flower\nTools needed: Rake, Spade, Seed dibber, Watering can\nCheck Farming skill guide for seed levels\nFarming patch - Allotment/Herb/Flower	Pre-consolidation PoiIndex/PoiDetails snapshot; identity not globally verified; poi/curated-details.tsv:955	FarmingPatchLocation.ALLOTMENT_HERB_FLOWER	Farming patch - Allotment/Herb/Flower	0.0	
poi_006975	poi_006975	farming_patch	3598	3524	0	false	true	unresolved	Allotment/Herb/Flower Farming Patch	Patches: Allotment/Herb/Flower\nTools needed: Rake, Spade, Seed dibber, Watering can\nCheck Farming skill guide for seed levels\nFarming patch - Allotment/Herb/Flower	Pre-consolidation PoiIndex/PoiDetails snapshot; identity not globally verified; poi/curated-details.tsv:956	FarmingPatchLocation.ALLOTMENT_HERB_FLOWER	Farming patch - Allotment/Herb/Flower	0.0	
poi_006976	poi_006976	farming_patch	3052	3309	0	false	true	unresolved	Allotment/Herb/Flower Farming Patch	Patches: Allotment/Herb/Flower\nTools needed: Rake, Spade, Seed dibber, Watering can\nCheck Farming skill guide for seed levels\nFarming patch - Allotment/Herb/Flower	Pre-consolidation PoiIndex/PoiDetails snapshot; identity not globally verified; poi/curated-details.tsv:957	FarmingPatchLocation.ALLOTMENT_HERB_FLOWER	Farming patch - Allotment/Herb/Flower	0.0	
poi_006977	poi_006977	farming_patch	2810	3462	0	false	true	unresolved	Allotment/Herb/Flower Farming Patch	Patches: Allotment/Herb/Flower\nTools needed: Rake, Spade, Seed dibber, Watering can\nCheck Farming skill guide for seed levels\nFarming patch - Allotment/Herb/Flower	Pre-consolidation PoiIndex/PoiDetails snapshot; identity not globally verified; poi/curated-details.tsv:958	FarmingPatchLocation.ALLOTMENT_HERB_FLOWER	Farming patch - Allotment/Herb/Flower	0.0	
poi_006978	poi_006978	farming_patch	2663	3375	0	false	true	unresolved	Allotment/Herb/Flower Farming Patch	Patches: Allotment/Herb/Flower\nTools needed: Rake, Spade, Seed dibber, Watering can\nCheck Farming skill guide for seed levels\nFarming patch - Allotment/Herb/Flower	Pre-consolidation PoiIndex/PoiDetails snapshot; identity not globally verified; poi/curated-details.tsv:959	FarmingPatchLocation.ALLOTMENT_HERB_FLOWER	Farming patch - Allotment/Herb/Flower	0.0	
poi_006979	poi_006979	farming_patch	1587	3101	0	false	true	unresolved	Allotment/Herb/Flower Farming Patch	Patches: Allotment/Herb/Flower\nTools needed: Rake, Spade, Seed dibber, Watering can\nCheck Farming skill guide for seed levels\nFarming patch - Allotment/Herb/Flower	Pre-consolidation PoiIndex/PoiDetails snapshot; identity not globally verified; poi/curated-details.tsv:960	FarmingPatchLocation.ALLOTMENT_HERB_FLOWER	Farming patch - Allotment/Herb/Flower	0.0	
poi_006980	poi_006980	farming_patch	1235	3724	0	false	true	unresolved	Anima/Herb Farming Patch	Patches: Anima/Herb\nTools needed: Rake, Spade, Seed dibber, Watering can\nCheck Farming skill guide for seed levels\nFarming patch - Anima/Herb	Pre-consolidation PoiIndex/PoiDetails snapshot; identity not globally verified; poi/curated-details.tsv:961	FarmingPatchLocation.ANIMA_HERB	Farming patch - Anima/Herb	0.0	
poi_006981	poi_006981	farming_patch	3084	3356	0	false	true	unresolved	Belladonna Farming Patch	Patches: Belladonna\nTools needed: Rake, Spade, Seed dibber, Watering can\nCheck Farming skill guide for seed levels\nFarming patch - Belladonna	Pre-consolidation PoiIndex/PoiDetails snapshot; identity not globally verified; poi/curated-details.tsv:962	FarmingPatchLocation.BELLADONNA	Farming patch - Belladonna	0.0	
poi_006982	poi_006982	farming_patch	1449	3354	0	false	true	unresolved	Belladonna Farming Patch	Patches: Belladonna\nTools needed: Rake, Spade, Seed dibber, Watering can\nCheck Farming skill guide for seed levels\nFarming patch - Belladonna	Pre-consolidation PoiIndex/PoiDetails snapshot; identity not globally verified; poi/curated-details.tsv:963	FarmingPatchLocation.BELLADONNA	Farming patch - Belladonna	0.0	
poi_006983	poi_006983	farming_patch	2938	3223	0	false	true	unresolved	Bush Farming Patch	Patches: Bush\nTools needed: Rake, Spade, Seed dibber, Watering can\nCheck Farming skill guide for seed levels\nFarming patch - Bush	Pre-consolidation PoiIndex/PoiDetails snapshot; identity not globally verified; poi/curated-details.tsv:964	FarmingPatchLocation.BUSH	Farming patch - Bush	0.0	
poi_006984	poi_006984	farming_patch	2589	3862	0	false	true	unresolved	Bush Farming Patch	Patches: Bush\nTools needed: Rake, Spade, Seed dibber, Watering can\nCheck Farming skill guide for seed levels\nFarming patch - Bush	Pre-consolidation PoiIndex/PoiDetails snapshot; identity not globally verified; poi/curated-details.tsv:965	FarmingPatchLocation.BUSH	Farming patch - Bush	0.0	
poi_006985	poi_006985	farming_patch	3182	3356	0	false	true	unresolved	Bush Farming Patch	Patches: Bush\nTools needed: Rake, Spade, Seed dibber, Watering can\nCheck Farming skill guide for seed levels\nFarming patch - Bush	Pre-consolidation PoiIndex/PoiDetails snapshot; identity not globally verified; poi/curated-details.tsv:966	FarmingPatchLocation.BUSH	Farming patch - Bush	0.0	
poi_006986	poi_006986	farming_patch	2615	3224	0	false	true	unresolved	Bush Farming Patch	Patches: Bush\nTools needed: Rake, Spade, Seed dibber, Watering can\nCheck Farming skill guide for seed levels\nFarming patch - Bush	Pre-consolidation PoiIndex/PoiDetails snapshot; identity not globally verified; poi/curated-details.tsv:967	FarmingPatchLocation.BUSH	Farming patch - Bush	0.0	
poi_006987	poi_006987	farming_patch	1259	3729	0	false	true	unresolved	Bush/Flower Farming Patch	Patches: Bush/Flower\nTools needed: Rake, Spade, Seed dibber, Watering can\nCheck Farming skill guide for seed levels\nFarming patch - Bush/Flower	Pre-consolidation PoiIndex/PoiDetails snapshot; identity not globally verified; poi/curated-details.tsv:968	FarmingPatchLocation.BUSH_FLOWER	Farming patch - Bush/Flower	0.0	
poi_006988	poi_006988	farming_patch	3313	3201	0	false	true	unresolved	Cactus Farming Patch	Patches: Cactus\nTools needed: Rake, Spade, Seed dibber, Watering can\nCheck Farming skill guide for seed levels\nFarming patch - Cactus	Pre-consolidation PoiIndex/PoiDetails snapshot; identity not globally verified; poi/curated-details.tsv:969	FarmingPatchLocation.CACTUS	Farming patch - Cactus	0.0	
poi_006989	poi_006989	farming_patch	1264	3745	0	false	true	unresolved	Cactus Farming Patch	Patches: Cactus\nTools needed: Rake, Spade, Seed dibber, Watering can\nCheck Farming skill guide for seed levels\nFarming patch - Cactus	Pre-consolidation PoiIndex/PoiDetails snapshot; identity not globally verified; poi/curated-details.tsv:970	FarmingPatchLocation.CACTUS	Farming patch - Cactus	0.0	
poi_006990	poi_006990	farming_patch	2793	3099	0	false	true	unresolved	Calquat Farming Patch	Patches: Calquat\nTools needed: Rake, Spade, Seed dibber, Watering can\nCheck Farming skill guide for seed levels\nFarming patch - Calquat	Pre-consolidation PoiIndex/PoiDetails snapshot; identity not globally verified; poi/curated-details.tsv:971	FarmingPatchLocation.CALQUAT	Farming patch - Calquat	0.0	
poi_006991	poi_006991	farming_patch	1365	3035	0	false	true	unresolved	Calquat Farming Patch	Patches: Calquat\nTools needed: Rake, Spade, Seed dibber, Watering can\nCheck Farming skill guide for seed levels\nFarming patch - Calquat	Pre-consolidation PoiIndex/PoiDetails snapshot; identity not globally verified; poi/curated-details.tsv:972	FarmingPatchLocation.CALQUAT	Farming patch - Calquat	0.0	
poi_006992	poi_006992	farming_patch	3125	2403	0	false	true	unresolved	Calquat Farming Patch	Patches: Calquat\nTools needed: Rake, Spade, Seed dibber, Watering can\nCheck Farming skill guide for seed levels\nFarming patch - Calquat	Pre-consolidation PoiIndex/PoiDetails snapshot; identity not globally verified; poi/curated-details.tsv:973	FarmingPatchLocation.CALQUAT	Farming patch - Calquat	0.0	
poi_006993	poi_006993	farming_patch	1242	3755	0	false	true	unresolved	Celastrus/Fruit Tree Farming Patch	Patches: Celastrus/Fruit Tree\nTools needed: Rake, Spade, Seed dibber, Watering can\nCheck Farming skill guide for seed levels\nFarming patch - Celastrus/Fruit Tree	Pre-consolidation PoiIndex/PoiDetails snapshot; identity not globally verified; poi/curated-details.tsv:974	FarmingPatchLocation.CELASTRUS_FRUIT_TREE	Farming patch - Celastrus/Fruit Tree	0.0	
poi_006994	poi_006994	farming_patch	3292	6120	0	false	true	unresolved	Crystal Tree Farming Patch	Patches: Crystal Tree\nTools needed: Rake, Spade, Seed dibber, Watering can\nCheck Farming skill guide for seed levels\nFarming patch - Crystal Tree	Pre-consolidation PoiIndex/PoiDetails snapshot; identity not globally verified; poi/curated-details.tsv:976	FarmingPatchLocation.CRYSTAL_TREE	Farming patch - Crystal Tree	0.0	
poi_006995	poi_006995	farming_patch	1352	3025	0	false	true	unresolved	Flower Farming Patch	Patches: Flower\nTools needed: Rake, Spade, Seed dibber, Watering can\nCheck Farming skill guide for seed levels\nFarming patch - Flower	Pre-consolidation PoiIndex/PoiDetails snapshot; identity not globally verified; poi/curated-details.tsv:977	FarmingPatchLocation.FLOWER	Farming patch - Flower	0.0	
poi_006996	poi_006996	farming_patch	2487	3181	0	false	true	unresolved	Fruit Tree Farming Patch	Patches: Fruit Tree\nTools needed: Rake, Spade, Seed dibber, Watering can\nCheck Farming skill guide for seed levels\nFarming patch - Fruit Tree	Pre-consolidation PoiIndex/PoiDetails snapshot; identity not globally verified; poi/curated-details.tsv:978	FarmingPatchLocation.FRUIT_TREE	Farming patch - Fruit Tree	0.0	
poi_006997	poi_006997	farming_patch	2343	3160	0	false	true	unresolved	Fruit Tree Farming Patch	Patches: Fruit Tree\nTools needed: Rake, Spade, Seed dibber, Watering can\nCheck Farming skill guide for seed levels\nFarming patch - Fruit Tree	Pre-consolidation PoiIndex/PoiDetails snapshot; identity not globally verified; poi/curated-details.tsv:979	FarmingPatchLocation.FRUIT_TREE	Farming patch - Fruit Tree	0.0	
poi_006998	poi_006998	farming_patch	2472	3445	0	false	true	unresolved	Fruit Tree Farming Patch	Patches: Fruit Tree\nTools needed: Rake, Spade, Seed dibber, Watering can\nCheck Farming skill guide for seed levels\nFarming patch - Fruit Tree	Pre-consolidation PoiIndex/PoiDetails snapshot; identity not globally verified; poi/curated-details.tsv:980	FarmingPatchLocation.FRUIT_TREE	Farming patch - Fruit Tree	0.0	
poi_006999	poi_006999	farming_patch	2858	3432	0	false	true	unresolved	Fruit Tree Farming Patch	Patches: Fruit Tree\nTools needed: Rake, Spade, Seed dibber, Watering can\nCheck Farming skill guide for seed levels\nFarming patch - Fruit Tree	Pre-consolidation PoiIndex/PoiDetails snapshot; identity not globally verified; poi/curated-details.tsv:981	FarmingPatchLocation.FRUIT_TREE	Farming patch - Fruit Tree	0.0	
poi_007000	poi_007000	farming_patch	2765	3211	0	false	true	unresolved	Fruit Tree Farming Patch	Patches: Fruit Tree\nTools needed: Rake, Spade, Seed dibber, Watering can\nCheck Farming skill guide for seed levels\nFarming patch - Fruit Tree	Pre-consolidation PoiIndex/PoiDetails snapshot; identity not globally verified; poi/curated-details.tsv:982	FarmingPatchLocation.FRUIT_TREE	Farming patch - Fruit Tree	0.0	
poi_007001	poi_007001	farming_patch	1347	3058	0	false	true	unresolved	Fruit Tree Farming Patch	Patches: Fruit Tree\nTools needed: Rake, Spade, Seed dibber, Watering can\nCheck Farming skill guide for seed levels\nFarming patch - Fruit Tree	Pre-consolidation PoiIndex/PoiDetails snapshot; identity not globally verified; poi/curated-details.tsv:983	FarmingPatchLocation.FRUIT_TREE	Farming patch - Fruit Tree	0.0	
poi_007002	poi_007002	farming_patch	1807	3555	0	false	true	unresolved	Grapes Farming Patch	Patches: Grapes\nTools needed: Rake, Spade, Seed dibber, Watering can\nCheck Farming skill guide for seed levels\nFarming patch - Grapes	Pre-consolidation PoiIndex/PoiDetails snapshot; identity not globally verified; poi/curated-details.tsv:984	FarmingPatchLocation.GRAPES	Farming patch - Grapes	0.0	
poi_007003	poi_007003	farming_patch	3707	3838	0	false	true	unresolved	Hardwood Farming Patch	Patches: Hardwood\nTools needed: Rake, Spade, Seed dibber, Watering can\nCheck Farming skill guide for seed levels\nFarming patch - Hardwood	Pre-consolidation PoiIndex/PoiDetails snapshot; identity not globally verified; poi/curated-details.tsv:985	FarmingPatchLocation.HARDWOOD	Farming patch - Hardwood	0.0	
poi_007004	poi_007004	farming_patch	1683	2971	0	false	true	unresolved	Hardwood Farming Patch	Patches: Hardwood\nTools needed: Rake, Spade, Seed dibber, Watering can\nCheck Farming skill guide for seed levels\nFarming patch - Hardwood	Pre-consolidation PoiIndex/PoiDetails snapshot; identity not globally verified; poi/curated-details.tsv:986	FarmingPatchLocation.HARDWOOD	Farming patch - Hardwood	0.0	
poi_007005	poi_007005	farming_patch	2472	2705	0	false	true	unresolved	Hardwood Farming Patch	Patches: Hardwood\nTools needed: Rake, Spade, Seed dibber, Watering can\nCheck Farming skill guide for seed levels\nFarming patch - Hardwood	Pre-consolidation PoiIndex/PoiDetails snapshot; identity not globally verified; poi/curated-details.tsv:987	FarmingPatchLocation.HARDWOOD	Farming patch - Hardwood	0.0	
poi_007006	poi_007006	farming_patch	3789	2840	0	false	true	unresolved	Herb Farming Patch	Patches: Herb\nTools needed: Rake, Spade, Seed dibber, Watering can\nCheck Farming skill guide for seed levels\nFarming patch - Herb	Pre-consolidation PoiIndex/PoiDetails snapshot; identity not globally verified; poi/curated-details.tsv:988	FarmingPatchLocation.HERB	Farming patch - Herb	0.0	
poi_007007	poi_007007	farming_patch	2847	3933	0	false	true	unresolved	Herb Farming Patch	Patches: Herb\nTools needed: Rake, Spade, Seed dibber, Watering can\nCheck Farming skill guide for seed levels\nFarming patch - Herb	Pre-consolidation PoiIndex/PoiDetails snapshot; identity not globally verified; poi/curated-details.tsv:989	FarmingPatchLocation.HERB	Farming patch - Herb	0.0	
poi_007008	poi_007008	farming_patch	2828	3696	0	false	true	unresolved	Herb Farming Patch	Patches: Herb\nTools needed: Rake, Spade, Seed dibber, Watering can\nCheck Farming skill guide for seed levels\nFarming patch - Herb	Pre-consolidation PoiIndex/PoiDetails snapshot; identity not globally verified; poi/curated-details.tsv:990	FarmingPatchLocation.HERB	Farming patch - Herb	0.0	
poi_007009	poi_007009	farming_patch	2572	3102	0	false	true	unresolved	Hops Farming Patch	Patches: Hops\nTools needed: Rake, Spade, Seed dibber, Watering can\nCheck Farming skill guide for seed levels\nFarming patch - Hops	Pre-consolidation PoiIndex/PoiDetails snapshot; identity not globally verified; poi/curated-details.tsv:992	FarmingPatchLocation.HOPS	Farming patch - Hops	0.0	
poi_007010	poi_007010	farming_patch	2661	3523	0	false	true	unresolved	Hops Farming Patch	Patches: Hops\nTools needed: Rake, Spade, Seed dibber, Watering can\nCheck Farming skill guide for seed levels\nFarming patch - Hops	Pre-consolidation PoiIndex/PoiDetails snapshot; identity not globally verified; poi/curated-details.tsv:993	FarmingPatchLocation.HOPS	Farming patch - Hops	0.0	
poi_007011	poi_007011	farming_patch	3224	3313	0	false	true	unresolved	Hops Farming Patch	Patches: Hops\nTools needed: Rake, Spade, Seed dibber, Watering can\nCheck Farming skill guide for seed levels\nFarming patch - Hops	Pre-consolidation PoiIndex/PoiDetails snapshot; identity not globally verified; poi/curated-details.tsv:994	FarmingPatchLocation.HOPS	Farming patch - Hops	0.0	
poi_007012	poi_007012	farming_patch	2812	3334	0	false	true	unresolved	Hops Farming Patch	Patches: Hops\nTools needed: Rake, Spade, Seed dibber, Watering can\nCheck Farming skill guide for seed levels\nFarming patch - Hops	Pre-consolidation PoiIndex/PoiDetails snapshot; identity not globally verified; poi/curated-details.tsv:995	FarmingPatchLocation.HOPS	Farming patch - Hops	0.0	
poi_007013	poi_007013	farming_patch	1367	2938	0	false	true	unresolved	Hops Farming Patch	Patches: Hops\nTools needed: Rake, Spade, Seed dibber, Watering can\nCheck Farming skill guide for seed levels\nFarming patch - Hops	Pre-consolidation PoiIndex/PoiDetails snapshot; identity not globally verified; poi/curated-details.tsv:996	FarmingPatchLocation.HOPS	Farming patch - Hops	0.0	
poi_007014	poi_007014	farming_patch	3449	3471	0	false	true	unresolved	Mushroom Farming Patch	Patches: Mushroom\nTools needed: Rake, Spade, Seed dibber, Watering can\nCheck Farming skill guide for seed levels\nFarming patch - Mushroom	Pre-consolidation PoiIndex/PoiDetails snapshot; identity not globally verified; poi/curated-details.tsv:997	FarmingPatchLocation.MUSHROOM	Farming patch - Mushroom	0.0	
poi_007015	poi_007015	farming_patch	1233	3754	0	false	true	unresolved	Redwood Farming Patch	Patches: Redwood\nTools needed: Rake, Spade, Seed dibber, Watering can\nCheck Farming skill guide for seed levels\nFarming patch - Redwood	Pre-consolidation PoiIndex/PoiDetails snapshot; identity not globally verified; poi/curated-details.tsv:998	FarmingPatchLocation.REDWOOD	Farming patch - Redwood	0.0	
poi_007016	poi_007016	farming_patch	3056	3259	0	false	true	unresolved	Spirit Tree Farming Patch	Patches: Spirit Tree\nTools needed: Rake, Spade, Seed dibber, Watering can\nCheck Farming skill guide for seed levels\nFarming patch - Spirit Tree	Pre-consolidation PoiIndex/PoiDetails snapshot; identity not globally verified; poi/curated-details.tsv:1000	FarmingPatchLocation.SPIRIT_TREE	Farming patch - Spirit Tree	0.0	
poi_007017	poi_007017	farming_patch	1690	3540	0	false	true	unresolved	Spirit Tree Farming Patch	Patches: Spirit Tree\nTools needed: Rake, Spade, Seed dibber, Watering can\nCheck Farming skill guide for seed levels\nFarming patch - Spirit Tree	Pre-consolidation PoiIndex/PoiDetails snapshot; identity not globally verified; poi/curated-details.tsv:1001	FarmingPatchLocation.SPIRIT_TREE	Farming patch - Spirit Tree	0.0	
poi_007018	poi_007018	farming_patch	2799	3205	0	false	true	unresolved	Spirit Tree Farming Patch	Patches: Spirit Tree\nTools needed: Rake, Spade, Seed dibber, Watering can\nCheck Farming skill guide for seed levels\nFarming patch - Spirit Tree	Pre-consolidation PoiIndex/PoiDetails snapshot; identity not globally verified; poi/curated-details.tsv:1003	FarmingPatchLocation.SPIRIT_TREE	Farming patch - Spirit Tree	0.0	
poi_007019	poi_007019	farming_patch	1254	3753	0	false	true	unresolved	Spirit Tree Farming Patch	Patches: Spirit Tree\nTools needed: Rake, Spade, Seed dibber, Watering can\nCheck Farming skill guide for seed levels\nFarming patch - Spirit Tree	Pre-consolidation PoiIndex/PoiDetails snapshot; identity not globally verified; poi/curated-details.tsv:1004	FarmingPatchLocation.SPIRIT_TREE	Farming patch - Spirit Tree	0.0	
poi_007020	poi_007020	farming_patch	3226	3457	0	false	true	unresolved	Tree Farming Patch	Patches: Tree\nTools needed: Rake, Spade, Seed dibber, Watering can\nCheck Farming skill guide for seed levels\nFarming patch - Tree	Pre-consolidation PoiIndex/PoiDetails snapshot; identity not globally verified; poi/curated-details.tsv:1005	FarmingPatchLocation.TREE	Farming patch - Tree	0.0	
poi_007021	poi_007021	farming_patch	2933	3436	0	false	true	unresolved	Tree Farming Patch	Patches: Tree\nTools needed: Rake, Spade, Seed dibber, Watering can\nCheck Farming skill guide for seed levels\nFarming patch - Tree	Pre-consolidation PoiIndex/PoiDetails snapshot; identity not globally verified; poi/curated-details.tsv:1006	FarmingPatchLocation.TREE	Farming patch - Tree	0.0	
poi_007022	poi_007022	farming_patch	3189	3233	0	false	true	unresolved	Tree Farming Patch	Patches: Tree\nTools needed: Rake, Spade, Seed dibber, Watering can\nCheck Farming skill guide for seed levels\nFarming patch - Tree	Pre-consolidation PoiIndex/PoiDetails snapshot; identity not globally verified; poi/curated-details.tsv:1007	FarmingPatchLocation.TREE	Farming patch - Tree	0.0	
poi_007023	poi_007023	farming_patch	2434	3418	0	false	true	unresolved	Tree Farming Patch	Patches: Tree\nTools needed: Rake, Spade, Seed dibber, Watering can\nCheck Farming skill guide for seed levels\nFarming patch - Tree	Pre-consolidation PoiIndex/PoiDetails snapshot; identity not globally verified; poi/curated-details.tsv:1008	FarmingPatchLocation.TREE	Farming patch - Tree	0.0	
poi_007024	poi_007024	farming_patch	3005	3375	0	false	true	unresolved	Tree Farming Patch	Patches: Tree\nTools needed: Rake, Spade, Seed dibber, Watering can\nCheck Farming skill guide for seed levels\nFarming patch - Tree	Pre-consolidation PoiIndex/PoiDetails snapshot; identity not globally verified; poi/curated-details.tsv:1009	FarmingPatchLocation.TREE	Farming patch - Tree	0.0	
poi_007025	poi_007025	farming_patch	1234	3736	0	false	true	unresolved	Tree Farming Patch	Patches: Tree\nTools needed: Rake, Spade, Seed dibber, Watering can\nCheck Farming skill guide for seed levels\nFarming patch - Tree	Pre-consolidation PoiIndex/PoiDetails snapshot; identity not globally verified; poi/curated-details.tsv:1010	FarmingPatchLocation.TREE	Farming patch - Tree	0.0	
poi_007026	poi_007026	farming_patch	1366	3318	0	false	true	unresolved	Tree Farming Patch	Patches: Tree\nTools needed: Rake, Spade, Seed dibber, Watering can\nCheck Farming skill guide for seed levels\nFarming patch - Tree	Pre-consolidation PoiIndex/PoiDetails snapshot; identity not globally verified; poi/curated-details.tsv:1011	FarmingPatchLocation.TREE	Farming patch - Tree	0.0	
poi_007027	poi_007027	fishing_spot	1372	2985	0	false	true	unresolved	Fishing Spot (Shrimp)	Method / Fish: Shrimp\nTools: Net, Rod + Bait, Pot, or Harpoon\nCheck Fishing skill guide for exact bait & level reqs\nAnchovies	Pre-consolidation PoiIndex/PoiDetails snapshot; identity not globally verified; poi/curated-details.tsv:1012	FishingSpotLocation.ALDARIN_NORTH	Anchovies	0.0	
poi_007028	poi_007028	fishing_spot	1313	2963	0	false	true	unresolved	Fishing Spot (Shrimp)	Method / Fish: Shrimp\nTools: Net, Rod + Bait, Pot, or Harpoon\nCheck Fishing skill guide for exact bait & level reqs\nAnchovies	Pre-consolidation PoiIndex/PoiDetails snapshot; identity not globally verified; poi/curated-details.tsv:1013	FishingSpotLocation.ALDARIN_WEST	Anchovies	0.0	
poi_007029	poi_007029	fishing_spot	3274	3140	0	false	true	unresolved	Fishing Spot (Shrimp)	Method / Fish: Shrimp\nTools: Net, Rod + Bait, Pot, or Harpoon\nCheck Fishing skill guide for exact bait & level reqs\nAnchovies	Pre-consolidation PoiIndex/PoiDetails snapshot; identity not globally verified; poi/curated-details.tsv:1014	FishingSpotLocation.AL_KHARID	Anchovies	0.0	
poi_007030	poi_007030	fishing_spot	3266	3148	0	false	true	unresolved	Fishing Spot (Shrimp)	Method / Fish: Shrimp\nTools: Net, Rod + Bait, Pot, or Harpoon\nCheck Fishing skill guide for exact bait & level reqs\nAnchovies	Pre-consolidation PoiIndex/PoiDetails snapshot; identity not globally verified; poi/curated-details.tsv:1015	FishingSpotLocation.AL_KHARID	Anchovies	0.0	
poi_007031	poi_007031	fishing_spot	2698	2703	0	false	true	unresolved	Fishing Spot (Shark)	Method / Fish: Shark\nTools: Net, Rod + Bait, Pot, or Harpoon\nCheck Fishing skill guide for exact bait & level reqs\nShark	Pre-consolidation PoiIndex/PoiDetails snapshot; identity not globally verified; poi/curated-details.tsv:1016	FishingSpotLocation.APE_ATOLL_SOUTH_WEST	Shark	0.0	
poi_007032	poi_007032	fishing_spot	1774	2993	0	false	true	unresolved	Fishing Spot (Shrimp)	Method / Fish: Shrimp\nTools: Net, Rod + Bait, Pot, or Harpoon\nCheck Fishing skill guide for exact bait & level reqs\nAnchovies	Pre-consolidation PoiIndex/PoiDetails snapshot; identity not globally verified; poi/curated-details.tsv:1017	FishingSpotLocation.AVIUM_SAVANNAH_EAST_1	Anchovies	0.0	
poi_007033	poi_007033	fishing_spot	1769	2966	0	false	true	unresolved	Fishing Spot (Shark)	Method / Fish: Shark\nTools: Net, Rod + Bait, Pot, or Harpoon\nCheck Fishing skill guide for exact bait & level reqs\nShark	Pre-consolidation PoiIndex/PoiDetails snapshot; identity not globally verified; poi/curated-details.tsv:1018	FishingSpotLocation.AVIUM_SAVANNAH_EAST_2	Shark	0.0	
poi_007034	poi_007034	fishing_spot	1573	2954	0	false	true	unresolved	Fishing Spot (Shark)	Method / Fish: Shark\nTools: Net, Rod + Bait, Pot, or Harpoon\nCheck Fishing skill guide for exact bait & level reqs\nShark	Pre-consolidation PoiIndex/PoiDetails snapshot; identity not globally verified; poi/curated-details.tsv:1019	FishingSpotLocation.AVIUM_SAVANNAH_SOUTH_WEST_1	Shark	0.0	
poi_007035	poi_007035	fishing_spot	1393	3313	0	false	true	unresolved	Fishing Spot (Salmon)	Method / Fish: Salmon\nTools: Net, Rod + Bait, Pot, or Harpoon\nCheck Fishing skill guide for exact bait & level reqs\nSalmon	Pre-consolidation PoiIndex/PoiDetails snapshot; identity not globally verified; poi/curated-details.tsv:1020	FishingSpotLocation.AUBURNVALE	Salmon	0.0	
poi_007036	poi_007036	fishing_spot	1396	3304	0	false	true	unresolved	Fishing Spot (Salmon)	Method / Fish: Salmon\nTools: Net, Rod + Bait, Pot, or Harpoon\nCheck Fishing skill guide for exact bait & level reqs\nSalmon	Pre-consolidation PoiIndex/PoiDetails snapshot; identity not globally verified; poi/curated-details.tsv:1021	FishingSpotLocation.AUBURNVALE	Salmon	0.0	
poi_007037	poi_007037	fishing_spot	1458	3330	0	false	true	unresolved	Fishing Spot (Salmon)	Method / Fish: Salmon\nTools: Net, Rod + Bait, Pot, or Harpoon\nCheck Fishing skill guide for exact bait & level reqs\nSalmon	Pre-consolidation PoiIndex/PoiDetails snapshot; identity not globally verified; poi/curated-details.tsv:1022	FishingSpotLocation.AUBURNVALE	Salmon	0.0	
poi_007038	poi_007038	fishing_spot	2497	3548	0	false	true	unresolved	Fishing Spot (Shrimp)	Method / Fish: Shrimp\nTools: Net, Rod + Bait, Pot, or Harpoon\nCheck Fishing skill guide for exact bait & level reqs\nAnchovies	Pre-consolidation PoiIndex/PoiDetails snapshot; identity not globally verified; poi/curated-details.tsv:1023	FishingSpotLocation.BARBARIAN_OUTPOST	Anchovies	0.0	
poi_007039	poi_007039	fishing_spot	2509	3562	0	false	true	unresolved	Fishing Spot (Shrimp)	Method / Fish: Shrimp\nTools: Net, Rod + Bait, Pot, or Harpoon\nCheck Fishing skill guide for exact bait & level reqs\nAnchovies	Pre-consolidation PoiIndex/PoiDetails snapshot; identity not globally verified; poi/curated-details.tsv:1024	FishingSpotLocation.BARBARIAN_OUTPOST	Anchovies	0.0	
poi_007040	poi_007040	fishing_spot	2514	3575	0	false	true	unresolved	Fishing Spot (Shrimp)	Method / Fish: Shrimp\nTools: Net, Rod + Bait, Pot, or Harpoon\nCheck Fishing skill guide for exact bait & level reqs\nAnchovies	Pre-consolidation PoiIndex/PoiDetails snapshot; identity not globally verified; poi/curated-details.tsv:1025	FishingSpotLocation.BARBARIAN_OUTPOST	Anchovies	0.0	
poi_007041	poi_007041	fishing_spot	3103	3424	0	false	true	unresolved	Fishing Spot (Salmon)	Method / Fish: Salmon\nTools: Net, Rod + Bait, Pot, or Harpoon\nCheck Fishing skill guide for exact bait & level reqs\nSalmon	Pre-consolidation PoiIndex/PoiDetails snapshot; identity not globally verified; poi/curated-details.tsv:1026	FishingSpotLocation.BARBARIAN_VILLAGE	Salmon	0.0	
poi_007042	poi_007042	fishing_spot	3109	3433	0	false	true	unresolved	Fishing Spot (Salmon)	Method / Fish: Salmon\nTools: Net, Rod + Bait, Pot, or Harpoon\nCheck Fishing skill guide for exact bait & level reqs\nSalmon	Pre-consolidation PoiIndex/PoiDetails snapshot; identity not globally verified; poi/curated-details.tsv:1027	FishingSpotLocation.BARBARIAN_VILLAGE	Salmon	0.0	
poi_007043	poi_007043	fishing_spot	2112	5074	0	false	true	unresolved	Fishing Spot (Quest Rum Deal)	Method / Fish: Quest Rum Deal\nTools: Net, Rod + Bait, Pot, or Harpoon\nCheck Fishing skill guide for exact bait & level reqs\nRum deal (Quest)	Pre-consolidation PoiIndex/PoiDetails snapshot; identity not globally verified; poi/curated-details.tsv:1028	FishingSpotLocation.BRAINDEATH_ISLAND	Rum deal (Quest)	0.0	
poi_007044	poi_007044	fishing_spot	2161	5061	0	false	true	unresolved	Fishing Spot (Quest Rum Deal)	Method / Fish: Quest Rum Deal\nTools: Net, Rod + Bait, Pot, or Harpoon\nCheck Fishing skill guide for exact bait & level reqs\nRum deal (Quest)	Pre-consolidation PoiIndex/PoiDetails snapshot; identity not globally verified; poi/curated-details.tsv:1029	FishingSpotLocation.BRAINDEATH_ISLAND	Rum deal (Quest)	0.0	
poi_007045	poi_007045	fishing_spot	2172	5074	0	false	true	unresolved	Fishing Spot (Quest Rum Deal)	Method / Fish: Quest Rum Deal\nTools: Net, Rod + Bait, Pot, or Harpoon\nCheck Fishing skill guide for exact bait & level reqs\nRum deal (Quest)	Pre-consolidation PoiIndex/PoiDetails snapshot; identity not globally verified; poi/curated-details.tsv:1030	FishingSpotLocation.BRAINDEATH_ISLAND	Rum deal (Quest)	0.0	
poi_007046	poi_007046	fishing_spot	2767	3165	0	false	true	unresolved	Fishing Spot (Quest Tai Bwo Wannai Trio)	Method / Fish: Quest Tai Bwo Wannai Trio\nTools: Net, Rod + Bait, Pot, or Harpoon\nCheck Fishing skill guide for exact bait & level reqs\nTai Bwo Wannai Trio (Quest)	Pre-consolidation PoiIndex/PoiDetails snapshot; identity not globally verified; poi/curated-details.tsv:1031	FishingSpotLocation.BRIMHAVEN_QUEST	Tai Bwo Wannai Trio (Quest)	0.0	
poi_007047	poi_007047	fishing_spot	3472	3192	0	false	true	unresolved	Fishing Spot (Shark)	Method / Fish: Shark\nTools: Net, Rod + Bait, Pot, or Harpoon\nCheck Fishing skill guide for exact bait & level reqs\nShark	Pre-consolidation PoiIndex/PoiDetails snapshot; identity not globally verified; poi/curated-details.tsv:1032	FishingSpotLocation.BURGH_DE_ROTT_SOUTH	Shark	0.0	
poi_007048	poi_007048	fishing_spot	3486	3182	0	false	true	unresolved	Fishing Spot (Shark)	Method / Fish: Shark\nTools: Net, Rod + Bait, Pot, or Harpoon\nCheck Fishing skill guide for exact bait & level reqs\nShark	Pre-consolidation PoiIndex/PoiDetails snapshot; identity not globally verified; poi/curated-details.tsv:1033	FishingSpotLocation.BURGH_DE_ROTT_SOUTH	Shark	0.0	
poi_007049	poi_007049	fishing_spot	3497	3174	0	false	true	unresolved	Fishing Spot (Shark)	Method / Fish: Shark\nTools: Net, Rod + Bait, Pot, or Harpoon\nCheck Fishing skill guide for exact bait & level reqs\nShark	Pre-consolidation PoiIndex/PoiDetails snapshot; identity not globally verified; poi/curated-details.tsv:1034	FishingSpotLocation.BURGH_DE_ROTT_SOUTH	Shark	0.0	
poi_007050	poi_007050	fishing_spot	3513	3177	0	false	true	unresolved	Fishing Spot (Shark)	Method / Fish: Shark\nTools: Net, Rod + Bait, Pot, or Harpoon\nCheck Fishing skill guide for exact bait & level reqs\nShark	Pre-consolidation PoiIndex/PoiDetails snapshot; identity not globally verified; poi/curated-details.tsv:1035	FishingSpotLocation.BURGH_DE_ROTT_SOUTH	Shark	0.0	
poi_007051	poi_007051	fishing_spot	3528	3164	0	false	true	unresolved	Fishing Spot (Shark)	Method / Fish: Shark\nTools: Net, Rod + Bait, Pot, or Harpoon\nCheck Fishing skill guide for exact bait & level reqs\nShark	Pre-consolidation PoiIndex/PoiDetails snapshot; identity not globally verified; poi/curated-details.tsv:1036	FishingSpotLocation.BURGH_DE_ROTT_SOUTH	Shark	0.0	
poi_007052	poi_007052	fishing_spot	3537	3177	0	false	true	unresolved	Fishing Spot (Shark)	Method / Fish: Shark\nTools: Net, Rod + Bait, Pot, or Harpoon\nCheck Fishing skill guide for exact bait & level reqs\nShark	Pre-consolidation PoiIndex/PoiDetails snapshot; identity not globally verified; poi/curated-details.tsv:1037	FishingSpotLocation.BURGH_DE_ROTT_SOUTH	Shark	0.0	
poi_007053	poi_007053	fishing_spot	3545	3179	0	false	true	unresolved	Fishing Spot (Shark)	Method / Fish: Shark\nTools: Net, Rod + Bait, Pot, or Harpoon\nCheck Fishing skill guide for exact bait & level reqs\nShark	Pre-consolidation PoiIndex/PoiDetails snapshot; identity not globally verified; poi/curated-details.tsv:1038	FishingSpotLocation.BURGH_DE_ROTT_SOUTH	Shark	0.0	
poi_007054	poi_007054	fishing_spot	3553	3177	0	false	true	unresolved	Fishing Spot (Shark)	Method / Fish: Shark\nTools: Net, Rod + Bait, Pot, or Harpoon\nCheck Fishing skill guide for exact bait & level reqs\nShark	Pre-consolidation PoiIndex/PoiDetails snapshot; identity not globally verified; poi/curated-details.tsv:1039	FishingSpotLocation.BURGH_DE_ROTT_SOUTH	Shark	0.0	
poi_007055	poi_007055	fishing_spot	3559	3173	0	false	true	unresolved	Fishing Spot (Shark)	Method / Fish: Shark\nTools: Net, Rod + Bait, Pot, or Harpoon\nCheck Fishing skill guide for exact bait & level reqs\nShark	Pre-consolidation PoiIndex/PoiDetails snapshot; identity not globally verified; poi/curated-details.tsv:1040	FishingSpotLocation.BURGH_DE_ROTT_SOUTH	Shark	0.0	
poi_007056	poi_007056	fishing_spot	3564	3174	0	false	true	unresolved	Fishing Spot (Shark)	Method / Fish: Shark\nTools: Net, Rod + Bait, Pot, or Harpoon\nCheck Fishing skill guide for exact bait & level reqs\nShark	Pre-consolidation PoiIndex/PoiDetails snapshot; identity not globally verified; poi/curated-details.tsv:1041	FishingSpotLocation.BURGH_DE_ROTT_SOUTH	Shark	0.0	
poi_007057	poi_007057	fishing_spot	2921	5808	0	false	true	unresolved	Fishing Spot (Camdozaal Cave Eel)	Method / Fish: Camdozaal Cave Eel\nTools: Net, Rod + Bait, Pot, or Harpoon\nCheck Fishing skill guide for exact bait & level reqs\nCave eel	Pre-consolidation PoiIndex/PoiDetails snapshot; identity not globally verified; poi/curated-details.tsv:1042	FishingSpotLocation.CAMDOZAAL_NORTH	Cave eel	0.0	
poi_007058	poi_007058	fishing_spot	2927	5778	0	false	true	unresolved	Fishing Spot (Camdozaal Tetra)	Method / Fish: Camdozaal Tetra\nTools: Net, Rod + Bait, Pot, or Harpoon\nCheck Fishing skill guide for exact bait & level reqs\nTetra	Pre-consolidation PoiIndex/PoiDetails snapshot; identity not globally verified; poi/curated-details.tsv:1043	FishingSpotLocation.CAMDOZAAL_SOUTH	Tetra	0.0	
poi_007059	poi_007059	fishing_spot	2921	5787	0	false	true	unresolved	Fishing Spot (Camdozaal Tetra)	Method / Fish: Camdozaal Tetra\nTools: Net, Rod + Bait, Pot, or Harpoon\nCheck Fishing skill guide for exact bait & level reqs\nTetra	Pre-consolidation PoiIndex/PoiDetails snapshot; identity not globally verified; poi/curated-details.tsv:1044	FishingSpotLocation.CAMDOZAAL_SOUTH	Tetra	0.0	
poi_007060	poi_007060	fishing_spot	1737	3101	0	false	true	unresolved	Fishing Spot (Civitas Illa Fortis Park)	Method / Fish: Civitas Illa Fortis Park\nTools: Net, Rod + Bait, Pot, or Harpoon\nCheck Fishing skill guide for exact bait & level reqs\nHouse Keys	Pre-consolidation PoiIndex/PoiDetails snapshot; identity not globally verified; poi/curated-details.tsv:1046	FishingSpotLocation.CIVITAS_ILLA_FORTIS_PARK	House Keys	0.0	
poi_007061	poi_007061	fishing_spot	1290	3382	0	false	true	unresolved	Fishing Spot (Salmon)	Method / Fish: Salmon\nTools: Net, Rod + Bait, Pot, or Harpoon\nCheck Fishing skill guide for exact bait & level reqs\nSalmon	Pre-consolidation PoiIndex/PoiDetails snapshot; identity not globally verified; poi/curated-details.tsv:1047	FishingSpotLocation.CUSTODIA	Salmon	0.0	
poi_007062	poi_007062	fishing_spot	1260	3408	0	false	true	unresolved	Fishing Spot (Salmon)	Method / Fish: Salmon\nTools: Net, Rod + Bait, Pot, or Harpoon\nCheck Fishing skill guide for exact bait & level reqs\nSalmon	Pre-consolidation PoiIndex/PoiDetails snapshot; identity not globally verified; poi/curated-details.tsv:1048	FishingSpotLocation.CUSTODIA	Salmon	0.0	
poi_007063	poi_007063	fishing_spot	1250	3400	0	false	true	unresolved	Fishing Spot (Salmon)	Method / Fish: Salmon\nTools: Net, Rod + Bait, Pot, or Harpoon\nCheck Fishing skill guide for exact bait & level reqs\nSalmon	Pre-consolidation PoiIndex/PoiDetails snapshot; identity not globally verified; poi/curated-details.tsv:1049	FishingSpotLocation.CUSTODIA	Salmon	0.0	
poi_007064	poi_007064	fishing_spot	3084	3228	0	false	true	unresolved	Fishing Spot (Shrimp)	Method / Fish: Shrimp\nTools: Net, Rod + Bait, Pot, or Harpoon\nCheck Fishing skill guide for exact bait & level reqs\nAnchovies	Pre-consolidation PoiIndex/PoiDetails snapshot; identity not globally verified; poi/curated-details.tsv:1050	FishingSpotLocation.DRAYNOR_VILLAGE	Anchovies	0.0	
poi_007065	poi_007065	fishing_spot	2841	3356	0	false	true	unresolved	Fishing Spot (Salmon)	Method / Fish: Salmon\nTools: Net, Rod + Bait, Pot, or Harpoon\nCheck Fishing skill guide for exact bait & level reqs\nSalmon	Pre-consolidation PoiIndex/PoiDetails snapshot; identity not globally verified; poi/curated-details.tsv:1051	FishingSpotLocation.ENTRANA_CENTER	Salmon	0.0	
poi_007066	poi_007066	fishing_spot	2842	3359	0	false	true	unresolved	Fishing Spot (Salmon)	Method / Fish: Salmon\nTools: Net, Rod + Bait, Pot, or Harpoon\nCheck Fishing skill guide for exact bait & level reqs\nSalmon	Pre-consolidation PoiIndex/PoiDetails snapshot; identity not globally verified; poi/curated-details.tsv:1052	FishingSpotLocation.ENTRANA_CENTER	Salmon	0.0	
poi_007067	poi_007067	fishing_spot	2847	3361	0	false	true	unresolved	Fishing Spot (Salmon)	Method / Fish: Salmon\nTools: Net, Rod + Bait, Pot, or Harpoon\nCheck Fishing skill guide for exact bait & level reqs\nSalmon	Pre-consolidation PoiIndex/PoiDetails snapshot; identity not globally verified; poi/curated-details.tsv:1053	FishingSpotLocation.ENTRANA_CENTER	Salmon	0.0	
poi_007068	poi_007068	fishing_spot	2875	3331	0	false	true	unresolved	Fishing Spot (Shrimp)	Method / Fish: Shrimp\nTools: Net, Rod + Bait, Pot, or Harpoon\nCheck Fishing skill guide for exact bait & level reqs\nAnchovies	Pre-consolidation PoiIndex/PoiDetails snapshot; identity not globally verified; poi/curated-details.tsv:1054	FishingSpotLocation.ENTRANA_DOCK	Anchovies	0.0	
poi_007069	poi_007069	fishing_spot	2878	3334	0	false	true	unresolved	Fishing Spot (Shrimp)	Method / Fish: Shrimp\nTools: Net, Rod + Bait, Pot, or Harpoon\nCheck Fishing skill guide for exact bait & level reqs\nAnchovies	Pre-consolidation PoiIndex/PoiDetails snapshot; identity not globally verified; poi/curated-details.tsv:1055	FishingSpotLocation.ENTRANA_DOCK	Anchovies	0.0	
poi_007070	poi_007070	fishing_spot	2878	3339	0	false	true	unresolved	Fishing Spot (Shrimp)	Method / Fish: Shrimp\nTools: Net, Rod + Bait, Pot, or Harpoon\nCheck Fishing skill guide for exact bait & level reqs\nAnchovies	Pre-consolidation PoiIndex/PoiDetails snapshot; identity not globally verified; poi/curated-details.tsv:1056	FishingSpotLocation.ENTRANA_DOCK	Anchovies	0.0	
poi_007071	poi_007071	fishing_spot	2875	3342	0	false	true	unresolved	Fishing Spot (Shrimp)	Method / Fish: Shrimp\nTools: Net, Rod + Bait, Pot, or Harpoon\nCheck Fishing skill guide for exact bait & level reqs\nAnchovies	Pre-consolidation PoiIndex/PoiDetails snapshot; identity not globally verified; poi/curated-details.tsv:1057	FishingSpotLocation.ENTRANA_DOCK	Anchovies	0.0	
poi_007072	poi_007072	fishing_spot	2577	3854	0	false	true	unresolved	Fishing Spot (Etceteria Lobster)	Method / Fish: Etceteria Lobster\nTools: Net, Rod + Bait, Pot, or Harpoon\nCheck Fishing skill guide for exact bait & level reqs\nLobster (Approval only)	Pre-consolidation PoiIndex/PoiDetails snapshot; identity not globally verified; poi/curated-details.tsv:1058	FishingSpotLocation.ETCETERIA_DOCK	Lobster (Approval only)	0.0	
poi_007073	poi_007073	fishing_spot	2806	3014	0	false	true	unresolved	Fishing Spot (Karambwanji)	Method / Fish: Karambwanji\nTools: Net, Rod + Bait, Pot, or Harpoon\nCheck Fishing skill guide for exact bait & level reqs\nKarambwanji	Pre-consolidation PoiIndex/PoiDetails snapshot; identity not globally verified; poi/curated-details.tsv:1059	FishingSpotLocation.FAIRY_RING_CKR	Karambwanji	0.0	
poi_007074	poi_007074	fishing_spot	2898	3119	0	false	true	unresolved	Fishing Spot (Karambwan)	Method / Fish: Karambwan\nTools: Net, Rod + Bait, Pot, or Harpoon\nCheck Fishing skill guide for exact bait & level reqs\nKarambwan	Pre-consolidation PoiIndex/PoiDetails snapshot; identity not globally verified; poi/curated-details.tsv:1060	FishingSpotLocation.FAIRY_RING_DKP	Karambwan	0.0	
poi_007075	poi_007075	fishing_spot	2911	3119	0	false	true	unresolved	Fishing Spot (Karambwan)	Method / Fish: Karambwan\nTools: Net, Rod + Bait, Pot, or Harpoon\nCheck Fishing skill guide for exact bait & level reqs\nKarambwan	Pre-consolidation PoiIndex/PoiDetails snapshot; identity not globally verified; poi/curated-details.tsv:1061	FishingSpotLocation.FAIRY_RING_DKP	Karambwan	0.0	
poi_007076	poi_007076	fishing_spot	1269	3707	0	false	true	unresolved	Fishing Spot (Salmon)	Method / Fish: Salmon\nTools: Net, Rod + Bait, Pot, or Harpoon\nCheck Fishing skill guide for exact bait & level reqs\nSalmon	Pre-consolidation PoiIndex/PoiDetails snapshot; identity not globally verified; poi/curated-details.tsv:1062	FishingSpotLocation.FARMING_GUILD_SOUTH_EAST	Salmon	0.0	
poi_007077	poi_007077	fishing_spot	1209	3687	0	false	true	unresolved	Fishing Spot (Shark)	Method / Fish: Shark\nTools: Net, Rod + Bait, Pot, or Harpoon\nCheck Fishing skill guide for exact bait & level reqs\nShark	Pre-consolidation PoiIndex/PoiDetails snapshot; identity not globally verified; poi/curated-details.tsv:1063	FishingSpotLocation.FARMING_GUILD_SOUTH_WEST1	Shark	0.0	
poi_007078	poi_007078	fishing_spot	1221	3714	0	false	true	unresolved	Fishing Spot (Shark)	Method / Fish: Shark\nTools: Net, Rod + Bait, Pot, or Harpoon\nCheck Fishing skill guide for exact bait & level reqs\nShark	Pre-consolidation PoiIndex/PoiDetails snapshot; identity not globally verified; poi/curated-details.tsv:1064	FishingSpotLocation.FARMING_GUILD_SOUTH_WEST2	Shark	0.0	
poi_007079	poi_007079	fishing_spot	1199	3736	0	false	true	unresolved	Fishing Spot (Shark)	Method / Fish: Shark\nTools: Net, Rod + Bait, Pot, or Harpoon\nCheck Fishing skill guide for exact bait & level reqs\nShark	Pre-consolidation PoiIndex/PoiDetails snapshot; identity not globally verified; poi/curated-details.tsv:1065	FishingSpotLocation.FARMING_GUILD_WEST	Shark	0.0	
poi_007080	poi_007080	fishing_spot	1208	3749	0	false	true	unresolved	Fishing Spot (Shark)	Method / Fish: Shark\nTools: Net, Rod + Bait, Pot, or Harpoon\nCheck Fishing skill guide for exact bait & level reqs\nShark	Pre-consolidation PoiIndex/PoiDetails snapshot; identity not globally verified; poi/curated-details.tsv:1066	FishingSpotLocation.FARMING_GUILD_WEST	Shark	0.0	
poi_007081	poi_007081	fishing_spot	2511	2838	0	false	true	unresolved	Fishing Spot (Shrimp)	Method / Fish: Shrimp\nTools: Net, Rod + Bait, Pot, or Harpoon\nCheck Fishing skill guide for exact bait & level reqs\nAnchovies	Pre-consolidation PoiIndex/PoiDetails snapshot; identity not globally verified; poi/curated-details.tsv:1067	FishingSpotLocation.FELDIP_HILLS_SOUTH	Anchovies	0.0	
poi_007082	poi_007082	fishing_spot	2626	3415	0	false	true	unresolved	Fishing Spot (Quest Fishing Contest)	Method / Fish: Quest Fishing Contest\nTools: Net, Rod + Bait, Pot, or Harpoon\nCheck Fishing skill guide for exact bait & level reqs\nFishing Contest (Quest)	Pre-consolidation PoiIndex/PoiDetails snapshot; identity not globally verified; poi/curated-details.tsv:1068	FishingSpotLocation.FISHING_CONTEST	Fishing Contest (Quest)	0.0	
poi_007083	poi_007083	fishing_spot	2631	3425	0	false	true	unresolved	Fishing Spot (Quest Fishing Contest)	Method / Fish: Quest Fishing Contest\nTools: Net, Rod + Bait, Pot, or Harpoon\nCheck Fishing skill guide for exact bait & level reqs\nFishing Contest (Quest)	Pre-consolidation PoiIndex/PoiDetails snapshot; identity not globally verified; poi/curated-details.tsv:1069	FishingSpotLocation.FISHING_CONTEST	Fishing Contest (Quest)	0.0	
poi_007084	poi_007084	fishing_spot	2629	3435	0	false	true	unresolved	Fishing Spot (Quest Fishing Contest)	Method / Fish: Quest Fishing Contest\nTools: Net, Rod + Bait, Pot, or Harpoon\nCheck Fishing skill guide for exact bait & level reqs\nFishing Contest (Quest)	Pre-consolidation PoiIndex/PoiDetails snapshot; identity not globally verified; poi/curated-details.tsv:1070	FishingSpotLocation.FISHING_CONTEST	Fishing Contest (Quest)	0.0	
poi_007085	poi_007085	fishing_spot	2636	3444	0	false	true	unresolved	Fishing Spot (Quest Fishing Contest)	Method / Fish: Quest Fishing Contest\nTools: Net, Rod + Bait, Pot, or Harpoon\nCheck Fishing skill guide for exact bait & level reqs\nFishing Contest (Quest)	Pre-consolidation PoiIndex/PoiDetails snapshot; identity not globally verified; poi/curated-details.tsv:1071	FishingSpotLocation.FISHING_CONTEST	Fishing Contest (Quest)	0.0	
poi_007086	poi_007086	fishing_spot	2609	3444	0	false	true	unresolved	Fishing Spot (Minnow)	Method / Fish: Minnow\nTools: Net, Rod + Bait, Pot, or Harpoon\nCheck Fishing skill guide for exact bait & level reqs\nMinnow	Pre-consolidation PoiIndex/PoiDetails snapshot; identity not globally verified; poi/curated-details.tsv:1072	FishingSpotLocation.FISHING_GUILD_PLATFORM	Minnow	0.0	
poi_007087	poi_007087	fishing_spot	2617	3444	0	false	true	unresolved	Fishing Spot (Minnow)	Method / Fish: Minnow\nTools: Net, Rod + Bait, Pot, or Harpoon\nCheck Fishing skill guide for exact bait & level reqs\nMinnow	Pre-consolidation PoiIndex/PoiDetails snapshot; identity not globally verified; poi/curated-details.tsv:1073	FishingSpotLocation.FISHING_GUILD_PLATFORM	Minnow	0.0	
poi_007088	poi_007088	fishing_spot	2788	3273	0	false	true	unresolved	Fishing Spot (Shrimp)	Method / Fish: Shrimp\nTools: Net, Rod + Bait, Pot, or Harpoon\nCheck Fishing skill guide for exact bait & level reqs\nAnchovies	Pre-consolidation PoiIndex/PoiDetails snapshot; identity not globally verified; poi/curated-details.tsv:1074	FishingSpotLocation.FISHING_PLATFORM	Anchovies	0.0	
poi_007089	poi_007089	fishing_spot	2794	3279	0	false	true	unresolved	Fishing Spot (Shrimp)	Method / Fish: Shrimp\nTools: Net, Rod + Bait, Pot, or Harpoon\nCheck Fishing skill guide for exact bait & level reqs\nAnchovies	Pre-consolidation PoiIndex/PoiDetails snapshot; identity not globally verified; poi/curated-details.tsv:1075	FishingSpotLocation.FISHING_PLATFORM	Anchovies	0.0	
poi_007090	poi_007090	fishing_spot	2793	3283	0	false	true	unresolved	Fishing Spot (Shrimp)	Method / Fish: Shrimp\nTools: Net, Rod + Bait, Pot, or Harpoon\nCheck Fishing skill guide for exact bait & level reqs\nAnchovies	Pre-consolidation PoiIndex/PoiDetails snapshot; identity not globally verified; poi/curated-details.tsv:1076	FishingSpotLocation.FISHING_PLATFORM	Anchovies	0.0	
poi_007091	poi_007091	fishing_spot	1715	3612	0	false	true	unresolved	Fishing Spot (Salmon)	Method / Fish: Salmon\nTools: Net, Rod + Bait, Pot, or Harpoon\nCheck Fishing skill guide for exact bait & level reqs\nSalmon	Pre-consolidation PoiIndex/PoiDetails snapshot; identity not globally verified; poi/curated-details.tsv:1077	FishingSpotLocation.HOSIDIUS_CENTER	Salmon	0.0	
poi_007092	poi_007092	fishing_spot	1584	3566	0	false	true	unresolved	Fishing Spot (Salmon)	Method / Fish: Salmon\nTools: Net, Rod + Bait, Pot, or Harpoon\nCheck Fishing skill guide for exact bait & level reqs\nSalmon	Pre-consolidation PoiIndex/PoiDetails snapshot; identity not globally verified; poi/curated-details.tsv:1078	FishingSpotLocation.INFIRMARY_SOUTH	Salmon	0.0	
poi_007093	poi_007093	fishing_spot	3239	5997	0	false	true	unresolved	Fishing Spot (Salmon)	Method / Fish: Salmon\nTools: Net, Rod + Bait, Pot, or Harpoon\nCheck Fishing skill guide for exact bait & level reqs\nSalmon	Pre-consolidation PoiIndex/PoiDetails snapshot; identity not globally verified; poi/curated-details.tsv:1079	FishingSpotLocation.IORWERTH_CAMP_INSIDE	Salmon	0.0	
poi_007094	poi_007094	fishing_spot	3185	6027	0	false	true	unresolved	Fishing Spot (Shark)	Method / Fish: Shark\nTools: Net, Rod + Bait, Pot, or Harpoon\nCheck Fishing skill guide for exact bait & level reqs\nShark	Pre-consolidation PoiIndex/PoiDetails snapshot; identity not globally verified; poi/curated-details.tsv:1080	FishingSpotLocation.IORWERTH_CAMP_NORTH_INSIDE	Shark	0.0	
poi_007095	poi_007095	fishing_spot	2161	3275	0	false	true	unresolved	Fishing Spot (Shark)	Method / Fish: Shark\nTools: Net, Rod + Bait, Pot, or Harpoon\nCheck Fishing skill guide for exact bait & level reqs\nShark	Pre-consolidation PoiIndex/PoiDetails snapshot; identity not globally verified; poi/curated-details.tsv:1081	FishingSpotLocation.IORWERTH_CAMP_NORTH_OUTSIDE	Shark	0.0	
poi_007096	poi_007096	fishing_spot	2215	3245	0	false	true	unresolved	Fishing Spot (Salmon)	Method / Fish: Salmon\nTools: Net, Rod + Bait, Pot, or Harpoon\nCheck Fishing skill guide for exact bait & level reqs\nSalmon	Pre-consolidation PoiIndex/PoiDetails snapshot; identity not globally verified; poi/curated-details.tsv:1082	FishingSpotLocation.IORWERTH_CAMP_OUTSIDE	Salmon	0.0	
poi_007097	poi_007097	fishing_spot	3293	6005	0	false	true	unresolved	Fishing Spot (Salmon)	Method / Fish: Salmon\nTools: Net, Rod + Bait, Pot, or Harpoon\nCheck Fishing skill guide for exact bait & level reqs\nSalmon	Pre-consolidation PoiIndex/PoiDetails snapshot; identity not globally verified; poi/curated-details.tsv:1083	FishingSpotLocation.ISAFDAR_NORTH_EAST_INSIDE	Salmon	0.0	
poi_007098	poi_007098	fishing_spot	2269	3253	0	false	true	unresolved	Fishing Spot (Salmon)	Method / Fish: Salmon\nTools: Net, Rod + Bait, Pot, or Harpoon\nCheck Fishing skill guide for exact bait & level reqs\nSalmon	Pre-consolidation PoiIndex/PoiDetails snapshot; identity not globally verified; poi/curated-details.tsv:1084	FishingSpotLocation.ISAFDAR_NORTH_EAST_OUTSIDE	Salmon	0.0	
poi_007099	poi_007099	fishing_spot	2281	2841	0	false	true	unresolved	Fishing Spot (Shark)	Method / Fish: Shark\nTools: Net, Rod + Bait, Pot, or Harpoon\nCheck Fishing skill guide for exact bait & level reqs\nShark	Pre-consolidation PoiIndex/PoiDetails snapshot; identity not globally verified; poi/curated-details.tsv:1085	FishingSpotLocation.ISLE_OF_SOULS_EAST	Shark	0.0	
poi_007100	poi_007100	fishing_spot	2280	2975	0	false	true	unresolved	Fishing Spot (Lobster)	Method / Fish: Lobster\nTools: Net, Rod + Bait, Pot, or Harpoon\nCheck Fishing skill guide for exact bait & level reqs\nLobster	Pre-consolidation PoiIndex/PoiDetails snapshot; identity not globally verified; poi/curated-details.tsv:1086	FishingSpotLocation.ISLE_OF_SOULS_NORTH	Lobster	0.0	
poi_007101	poi_007101	fishing_spot	2162	2782	0	false	true	unresolved	Fishing Spot (Shrimp)	Method / Fish: Shrimp\nTools: Net, Rod + Bait, Pot, or Harpoon\nCheck Fishing skill guide for exact bait & level reqs\nAnchovies	Pre-consolidation PoiIndex/PoiDetails snapshot; identity not globally verified; poi/curated-details.tsv:1087	FishingSpotLocation.ISLE_OF_SOULS_SOUTH_WEST	Anchovies	0.0	
poi_007102	poi_007102	fishing_spot	1329	3010	0	false	true	unresolved	Fishing Spot (Shrimp)	Method / Fish: Shrimp\nTools: Net, Rod + Bait, Pot, or Harpoon\nCheck Fishing skill guide for exact bait & level reqs\nAnchovies	Pre-consolidation PoiIndex/PoiDetails snapshot; identity not globally verified; poi/curated-details.tsv:1088	FishingSpotLocation.KASTORI	Anchovies	0.0	
poi_007103	poi_007103	fishing_spot	3139	2800	0	false	true	unresolved	Fishing Spot (Lobster)	Method / Fish: Lobster\nTools: Net, Rod + Bait, Pot, or Harpoon\nCheck Fishing skill guide for exact bait & level reqs\nLobster	Pre-consolidation PoiIndex/PoiDetails snapshot; identity not globally verified; poi/curated-details.tsv:1089	FishingSpotLocation.KHARIDIAN_DESERT_SOUTH_WEST	Lobster	0.0	
poi_007104	poi_007104	fishing_spot	1723	3685	0	false	true	unresolved	Fishing Spot (Salmon)	Method / Fish: Salmon\nTools: Net, Rod + Bait, Pot, or Harpoon\nCheck Fishing skill guide for exact bait & level reqs\nSalmon	Pre-consolidation PoiIndex/PoiDetails snapshot; identity not globally verified; poi/curated-details.tsv:1090	FishingSpotLocation.KINGSTOWN_EAST	Salmon	0.0	
poi_007105	poi_007105	fishing_spot	1534	3414	0	false	true	unresolved	Fishing Spot (Shrimp)	Method / Fish: Shrimp\nTools: Net, Rod + Bait, Pot, or Harpoon\nCheck Fishing skill guide for exact bait & level reqs\nAnchovies	Pre-consolidation PoiIndex/PoiDetails snapshot; identity not globally verified; poi/curated-details.tsv:1091	FishingSpotLocation.LANDS_END_EAST	Anchovies	0.0	
poi_007106	poi_007106	fishing_spot	3238	3241	0	false	true	unresolved	Fishing Spot (Salmon)	Method / Fish: Salmon\nTools: Net, Rod + Bait, Pot, or Harpoon\nCheck Fishing skill guide for exact bait & level reqs\nSalmon	Pre-consolidation PoiIndex/PoiDetails snapshot; identity not globally verified; poi/curated-details.tsv:1092	FishingSpotLocation.LUMBRIDGE_RIVER	Salmon	0.0	
poi_007107	poi_007107	fishing_spot	3237	3253	0	false	true	unresolved	Fishing Spot (Salmon)	Method / Fish: Salmon\nTools: Net, Rod + Bait, Pot, or Harpoon\nCheck Fishing skill guide for exact bait & level reqs\nSalmon	Pre-consolidation PoiIndex/PoiDetails snapshot; identity not globally verified; poi/curated-details.tsv:1093	FishingSpotLocation.LUMBRIDGE_RIVER	Salmon	0.0	
poi_007108	poi_007108	fishing_spot	3244	9570	0	false	true	unresolved	Fishing Spot (Cave Eel)	Method / Fish: Cave Eel\nTools: Net, Rod + Bait, Pot, or Harpoon\nCheck Fishing skill guide for exact bait & level reqs\nFrog spawn, Cave eel	Pre-consolidation PoiIndex/PoiDetails snapshot; identity not globally verified; poi/curated-details.tsv:1094	FishingSpotLocation.LUMBRIDGE_SWAMP_CAVE_EAST	Frog spawn, Cave eel	0.0	
poi_007109	poi_007109	fishing_spot	3153	9544	0	false	true	unresolved	Fishing Spot (Cave Eel)	Method / Fish: Cave Eel\nTools: Net, Rod + Bait, Pot, or Harpoon\nCheck Fishing skill guide for exact bait & level reqs\nFrog spawn, Cave eel	Pre-consolidation PoiIndex/PoiDetails snapshot; identity not globally verified; poi/curated-details.tsv:1095	FishingSpotLocation.LUMBRIDGE_SWAMP_CAVE_WEST	Frog spawn, Cave eel	0.0	
poi_007110	poi_007110	fishing_spot	3244	3153	0	false	true	unresolved	Fishing Spot (Shrimp)	Method / Fish: Shrimp\nTools: Net, Rod + Bait, Pot, or Harpoon\nCheck Fishing skill guide for exact bait & level reqs\nAnchovies	Pre-consolidation PoiIndex/PoiDetails snapshot; identity not globally verified; poi/curated-details.tsv:1096	FishingSpotLocation.LUMBRIDGE_SWAMP_SOUTH_EAST	Anchovies	0.0	
poi_007111	poi_007111	fishing_spot	2774	2740	0	false	true	unresolved	Fishing Spot (Shark)	Method / Fish: Shark\nTools: Net, Rod + Bait, Pot, or Harpoon\nCheck Fishing skill guide for exact bait & level reqs\nShark	Pre-consolidation PoiIndex/PoiDetails snapshot; identity not globally verified; poi/curated-details.tsv:1097	FishingSpotLocation.MARIM	Shark	0.0	
poi_007112	poi_007112	fishing_spot	1374	2841	0	false	true	unresolved	Fishing Spot (Lobster)	Method / Fish: Lobster\nTools: Net, Rod + Bait, Pot, or Harpoon\nCheck Fishing skill guide for exact bait & level reqs\nLobster	Pre-consolidation PoiIndex/PoiDetails snapshot; identity not globally verified; poi/curated-details.tsv:1098	FishingSpotLocation.MISTROCK	Lobster	0.0	
poi_007113	poi_007113	fishing_spot	1370	3632	0	false	true	unresolved	Fishing Spot (Common Tench)	Method / Fish: Common Tench, Greater siren\nCatch method: Aerial fishing with Cormorant's glove\nBait: King worms or Fish offcuts\nRequirements: 56 Fishing / 51 Hunter (Common tench), 91 Fishing / 87 Hunter (Greater siren)	Pre-consolidation PoiIndex/PoiDetails snapshot; identity not globally verified; poi/curated-details.tsv:1099; description corrected 2026-10-08 against https://oldschool.runescape.wiki/w/Lake_Molch?oldid=15333224	FishingSpotLocation.MOLCH_ISLAND	Greater siren	0.0	
poi_007114	poi_007114	fishing_spot	3439	3273	0	false	true	unresolved	Fishing Spot (Slimy Eel)	Method / Fish: Slimy Eel\nTools: Net, Rod + Bait, Pot, or Harpoon\nCheck Fishing skill guide for exact bait & level reqs\nSlimy eel	Pre-consolidation PoiIndex/PoiDetails snapshot; identity not globally verified; poi/curated-details.tsv:1100	FishingSpotLocation.MORTTON	Slimy eel	0.0	
poi_007115	poi_007115	fishing_spot	3480	3433	0	false	true	unresolved	Fishing Spot (Slimy Eel)	Method / Fish: Slimy Eel\nTools: Net, Rod + Bait, Pot, or Harpoon\nCheck Fishing skill guide for exact bait & level reqs\nSlimy eel	Pre-consolidation PoiIndex/PoiDetails snapshot; identity not globally verified; poi/curated-details.tsv:1101	FishingSpotLocation.MORT_MYRE_SWAMP_NORTH	Slimy eel	0.0	
poi_007116	poi_007116	fishing_spot	3485	3448	0	false	true	unresolved	Fishing Spot (Slimy Eel)	Method / Fish: Slimy Eel\nTools: Net, Rod + Bait, Pot, or Harpoon\nCheck Fishing skill guide for exact bait & level reqs\nSlimy eel	Pre-consolidation PoiIndex/PoiDetails snapshot; identity not globally verified; poi/curated-details.tsv:1102	FishingSpotLocation.MORT_MYRE_SWAMP_NORTH	Slimy eel	0.0	
poi_007117	poi_007117	fishing_spot	3425	3409	0	false	true	unresolved	Fishing Spot (Slimy Eel)	Method / Fish: Slimy Eel\nTools: Net, Rod + Bait, Pot, or Harpoon\nCheck Fishing skill guide for exact bait & level reqs\nSlimy eel	Pre-consolidation PoiIndex/PoiDetails snapshot; identity not globally verified; poi/curated-details.tsv:1103	FishingSpotLocation.MORT_MYRE_SWAMP_WEST	Slimy eel	0.0	
poi_007118	poi_007118	fishing_spot	3432	3415	0	false	true	unresolved	Fishing Spot (Slimy Eel)	Method / Fish: Slimy Eel\nTools: Net, Rod + Bait, Pot, or Harpoon\nCheck Fishing skill guide for exact bait & level reqs\nSlimy eel	Pre-consolidation PoiIndex/PoiDetails snapshot; identity not globally verified; poi/curated-details.tsv:1104	FishingSpotLocation.MORT_MYRE_SWAMP_WEST	Slimy eel	0.0	
poi_007119	poi_007119	fishing_spot	2443	5104	0	false	true	unresolved	Fishing Spot (Infernal Eel)	Method / Fish: Infernal Eel\nTools: Net, Rod + Bait, Pot, or Harpoon\nCheck Fishing skill guide for exact bait & level reqs\nInfernal Eel	Pre-consolidation PoiIndex/PoiDetails snapshot; identity not globally verified; poi/curated-details.tsv:1105	FishingSpotLocation.MOR_UL_REK	Infernal Eel	0.0	
poi_007120	poi_007120	fishing_spot	2476	5077	0	false	true	unresolved	Fishing Spot (Infernal Eel)	Method / Fish: Infernal Eel\nTools: Net, Rod + Bait, Pot, or Harpoon\nCheck Fishing skill guide for exact bait & level reqs\nInfernal Eel	Pre-consolidation PoiIndex/PoiDetails snapshot; identity not globally verified; poi/curated-details.tsv:1106	FishingSpotLocation.MOR_UL_REK	Infernal Eel	0.0	
poi_007121	poi_007121	fishing_spot	2537	5086	0	false	true	unresolved	Fishing Spot (Infernal Eel)	Method / Fish: Infernal Eel\nTools: Net, Rod + Bait, Pot, or Harpoon\nCheck Fishing skill guide for exact bait & level reqs\nInfernal Eel	Pre-consolidation PoiIndex/PoiDetails snapshot; identity not globally verified; poi/curated-details.tsv:1107	FishingSpotLocation.MOR_UL_REK	Infernal Eel	0.0	
poi_007122	poi_007122	fishing_spot	1271	3546	0	false	true	unresolved	Fishing Spot (Barb Fish)	Method / Fish: Barb Fish\nTools: Net, Rod + Bait, Pot, or Harpoon\nCheck Fishing skill guide for exact bait & level reqs\nSturgeon, Salmon, Trout	Pre-consolidation PoiIndex/PoiDetails snapshot; identity not globally verified; poi/curated-details.tsv:1108	FishingSpotLocation.MOUNT_QUIDAMORTEM	Sturgeon, Salmon, Trout	0.0	
poi_007123	poi_007123	fishing_spot	1265	3541	0	false	true	unresolved	Fishing Spot (Barb Fish)	Method / Fish: Barb Fish\nTools: Net, Rod + Bait, Pot, or Harpoon\nCheck Fishing skill guide for exact bait & level reqs\nSturgeon, Salmon, Trout	Pre-consolidation PoiIndex/PoiDetails snapshot; identity not globally verified; poi/curated-details.tsv:1109	FishingSpotLocation.MOUNT_QUIDAMORTEM	Sturgeon, Salmon, Trout	0.0	
poi_007124	poi_007124	fishing_spot	1253	3542	0	false	true	unresolved	Fishing Spot (Barb Fish)	Method / Fish: Barb Fish\nTools: Net, Rod + Bait, Pot, or Harpoon\nCheck Fishing skill guide for exact bait & level reqs\nSturgeon, Salmon, Trout	Pre-consolidation PoiIndex/PoiDetails snapshot; identity not globally verified; poi/curated-details.tsv:1110	FishingSpotLocation.MOUNT_QUIDAMORTEM	Sturgeon, Salmon, Trout	0.0	
poi_007125	poi_007125	fishing_spot	2995	3158	0	false	true	unresolved	Fishing Spot (Shrimp)	Method / Fish: Shrimp\nTools: Net, Rod + Bait, Pot, or Harpoon\nCheck Fishing skill guide for exact bait & level reqs\nAnchovies	Pre-consolidation PoiIndex/PoiDetails snapshot; identity not globally verified; poi/curated-details.tsv:1111	FishingSpotLocation.MUDSKIPPER_POINT	Anchovies	0.0	
poi_007126	poi_007126	fishing_spot	2985	3176	0	false	true	unresolved	Fishing Spot (Shrimp)	Method / Fish: Shrimp\nTools: Net, Rod + Bait, Pot, or Harpoon\nCheck Fishing skill guide for exact bait & level reqs\nAnchovies	Pre-consolidation PoiIndex/PoiDetails snapshot; identity not globally verified; poi/curated-details.tsv:1112	FishingSpotLocation.MUDSKIPPER_POINT	Anchovies	0.0	
poi_007127	poi_007127	fishing_spot	2456	2893	0	false	true	unresolved	Fishing Spot (Lobster)	Method / Fish: Lobster\nTools: Net, Rod + Bait, Pot, or Harpoon\nCheck Fishing skill guide for exact bait & level reqs\nLobster	Pre-consolidation PoiIndex/PoiDetails snapshot; identity not globally verified; poi/curated-details.tsv:1113	FishingSpotLocation.MYTHS_GUILD_NORTH	Lobster	0.0	
poi_007128	poi_007128	fishing_spot	2466	3151	0	false	true	unresolved	Fishing Spot (Salmon)	Method / Fish: Salmon\nTools: Net, Rod + Bait, Pot, or Harpoon\nCheck Fishing skill guide for exact bait & level reqs\nSalmon	Pre-consolidation PoiIndex/PoiDetails snapshot; identity not globally verified; poi/curated-details.tsv:1114	FishingSpotLocation.OBSERVATORY_EAST	Salmon	0.0	
poi_007129	poi_007129	fishing_spot	2500	3509	0	false	true	unresolved	Fishing Spot (Barb Fish)	Method / Fish: Barb Fish\nTools: Net, Rod + Bait, Pot, or Harpoon\nCheck Fishing skill guide for exact bait & level reqs\nSturgeon, Salmon, Trout	Pre-consolidation PoiIndex/PoiDetails snapshot; identity not globally verified; poi/curated-details.tsv:1115	FishingSpotLocation.OTTOS_GROTTO	Sturgeon, Salmon, Trout	0.0	
poi_007130	poi_007130	fishing_spot	2504	3495	0	false	true	unresolved	Fishing Spot (Barb Fish)	Method / Fish: Barb Fish\nTools: Net, Rod + Bait, Pot, or Harpoon\nCheck Fishing skill guide for exact bait & level reqs\nSturgeon, Salmon, Trout	Pre-consolidation PoiIndex/PoiDetails snapshot; identity not globally verified; poi/curated-details.tsv:1116	FishingSpotLocation.OTTOS_GROTTO	Sturgeon, Salmon, Trout	0.0	
poi_007131	poi_007131	fishing_spot	2505	3515	0	false	true	unresolved	Fishing Spot (Barb Fish)	Method / Fish: Barb Fish\nTools: Net, Rod + Bait, Pot, or Harpoon\nCheck Fishing skill guide for exact bait & level reqs\nSturgeon, Salmon, Trout	Pre-consolidation PoiIndex/PoiDetails snapshot; identity not globally verified; poi/curated-details.tsv:1117	FishingSpotLocation.OTTOS_GROTTO	Sturgeon, Salmon, Trout	0.0	
poi_007132	poi_007132	fishing_spot	2520	3518	0	false	true	unresolved	Fishing Spot (Barb Fish)	Method / Fish: Barb Fish\nTools: Net, Rod + Bait, Pot, or Harpoon\nCheck Fishing skill guide for exact bait & level reqs\nSturgeon, Salmon, Trout	Pre-consolidation PoiIndex/PoiDetails snapshot; identity not globally verified; poi/curated-details.tsv:1118	FishingSpotLocation.OTTOS_GROTTO	Sturgeon, Salmon, Trout	0.0	
poi_007133	poi_007133	fishing_spot	1831	3773	0	false	true	unresolved	Fishing Spot (Anglerfish)	Method / Fish: Anglerfish\nTools: Net, Rod + Bait, Pot, or Harpoon\nCheck Fishing skill guide for exact bait & level reqs\nAnglerfish	Pre-consolidation PoiIndex/PoiDetails snapshot; identity not globally verified; poi/curated-details.tsv:1120	FishingSpotLocation.PORT_PISCARILIUS_EAST	Anglerfish	0.0	
poi_007134	poi_007134	fishing_spot	2641	3696	0	false	true	unresolved	Fishing Spot (Lobster)	Method / Fish: Lobster\nTools: Net, Rod + Bait, Pot, or Harpoon\nCheck Fishing skill guide for exact bait & level reqs\nLobster	Pre-consolidation PoiIndex/PoiDetails snapshot; identity not globally verified; poi/curated-details.tsv:1121	FishingSpotLocation.RELLEKKA_CENTER	Lobster	0.0	
poi_007135	poi_007135	fishing_spot	2649	3708	0	false	true	unresolved	Fishing Spot (Shark)	Method / Fish: Shark\nTools: Net, Rod + Bait, Pot, or Harpoon\nCheck Fishing skill guide for exact bait & level reqs\nShark	Pre-consolidation PoiIndex/PoiDetails snapshot; identity not globally verified; poi/curated-details.tsv:1122	FishingSpotLocation.RELLEKKA_NORTH_EAST	Shark	0.0	
poi_007136	poi_007136	fishing_spot	2632	3694	0	false	true	unresolved	Fishing Spot (Shrimp)	Method / Fish: Shrimp\nTools: Net, Rod + Bait, Pot, or Harpoon\nCheck Fishing skill guide for exact bait & level reqs\nAnchovies	Pre-consolidation PoiIndex/PoiDetails snapshot; identity not globally verified; poi/curated-details.tsv:1123	FishingSpotLocation.RELLEKKA_WEST	Anchovies	0.0	
poi_007137	poi_007137	fishing_spot	2560	3374	0	false	true	unresolved	Fishing Spot (Salmon)	Method / Fish: Salmon\nTools: Net, Rod + Bait, Pot, or Harpoon\nCheck Fishing skill guide for exact bait & level reqs\nSalmon	Pre-consolidation PoiIndex/PoiDetails snapshot; identity not globally verified; poi/curated-details.tsv:1124	FishingSpotLocation.RIVER_ARDOUGNE	Salmon	0.0	
poi_007138	poi_007138	fishing_spot	2565	3370	0	false	true	unresolved	Fishing Spot (Salmon)	Method / Fish: Salmon\nTools: Net, Rod + Bait, Pot, or Harpoon\nCheck Fishing skill guide for exact bait & level reqs\nSalmon	Pre-consolidation PoiIndex/PoiDetails snapshot; identity not globally verified; poi/curated-details.tsv:1125	FishingSpotLocation.RIVER_ARDOUGNE	Salmon	0.0	
poi_007139	poi_007139	fishing_spot	2526	3412	0	false	true	unresolved	Fishing Spot (Salmon)	Method / Fish: Salmon\nTools: Net, Rod + Bait, Pot, or Harpoon\nCheck Fishing skill guide for exact bait & level reqs\nSalmon	Pre-consolidation PoiIndex/PoiDetails snapshot; identity not globally verified; poi/curated-details.tsv:1126	FishingSpotLocation.RIVER_ARDOUGNE	Salmon	0.0	
poi_007140	poi_007140	fishing_spot	2536	3405	0	false	true	unresolved	Fishing Spot (Salmon)	Method / Fish: Salmon\nTools: Net, Rod + Bait, Pot, or Harpoon\nCheck Fishing skill guide for exact bait & level reqs\nSalmon	Pre-consolidation PoiIndex/PoiDetails snapshot; identity not globally verified; poi/curated-details.tsv:1127	FishingSpotLocation.RIVER_ARDOUGNE	Salmon	0.0	
poi_007141	poi_007141	fishing_spot	2507	3420	0	false	true	unresolved	Fishing Spot (Salmon)	Method / Fish: Salmon\nTools: Net, Rod + Bait, Pot, or Harpoon\nCheck Fishing skill guide for exact bait & level reqs\nSalmon	Pre-consolidation PoiIndex/PoiDetails snapshot; identity not globally verified; poi/curated-details.tsv:1128	FishingSpotLocation.RIVER_ARDOUGNE	Salmon	0.0	
poi_007142	poi_007142	fishing_spot	1545	3186	0	false	true	unresolved	Fishing Spot (Salmon)	Method / Fish: Salmon\nTools: Net, Rod + Bait, Pot, or Harpoon\nCheck Fishing skill guide for exact bait & level reqs\nSalmon	Pre-consolidation PoiIndex/PoiDetails snapshot; identity not globally verified; poi/curated-details.tsv:1129	FishingSpotLocation.RIVER_ORTUS	Salmon	0.0	
poi_007143	poi_007143	fishing_spot	1675	3490	0	false	true	unresolved	Fishing Spot (Shark)	Method / Fish: Shark\nTools: Net, Rod + Bait, Pot, or Harpoon\nCheck Fishing skill guide for exact bait & level reqs\nShark	Pre-consolidation PoiIndex/PoiDetails snapshot; identity not globally verified; poi/curated-details.tsv:1130	FishingSpotLocation.SAND_CRAB_PENINSULA_NORTH	Shark	0.0	
poi_007144	poi_007144	fishing_spot	1676	3469	0	false	true	unresolved	Fishing Spot (Shrimp)	Method / Fish: Shrimp\nTools: Net, Rod + Bait, Pot, or Harpoon\nCheck Fishing skill guide for exact bait & level reqs\nAnchovies	Pre-consolidation PoiIndex/PoiDetails snapshot; identity not globally verified; poi/curated-details.tsv:1131	FishingSpotLocation.SAND_CRAB_PENINSULA_SOUTH	Anchovies	0.0	
poi_007145	poi_007145	fishing_spot	1668	3479	0	false	true	unresolved	Fishing Spot (Lobster)	Method / Fish: Lobster\nTools: Net, Rod + Bait, Pot, or Harpoon\nCheck Fishing skill guide for exact bait & level reqs\nLobster	Pre-consolidation PoiIndex/PoiDetails snapshot; identity not globally verified; poi/curated-details.tsv:1132	FishingSpotLocation.SAND_CRAB_PENINSULA_WEST	Lobster	0.0	
poi_007146	poi_007146	fishing_spot	2725	3524	0	false	true	unresolved	Fishing Spot (Salmon)	Method / Fish: Salmon\nTools: Net, Rod + Bait, Pot, or Harpoon\nCheck Fishing skill guide for exact bait & level reqs\nSalmon	Pre-consolidation PoiIndex/PoiDetails snapshot; identity not globally verified; poi/curated-details.tsv:1133	FishingSpotLocation.SEERS_VILLAGE	Salmon	0.0	
poi_007147	poi_007147	fishing_spot	2714	3531	0	false	true	unresolved	Fishing Spot (Salmon)	Method / Fish: Salmon\nTools: Net, Rod + Bait, Pot, or Harpoon\nCheck Fishing skill guide for exact bait & level reqs\nSalmon	Pre-consolidation PoiIndex/PoiDetails snapshot; identity not globally verified; poi/curated-details.tsv:1134	FishingSpotLocation.SEERS_VILLAGE	Salmon	0.0	
poi_007148	poi_007148	fishing_spot	1565	3326	0	false	true	unresolved	Fishing Spot (Shrimp)	Method / Fish: Shrimp\nTools: Net, Rod + Bait, Pot, or Harpoon\nCheck Fishing skill guide for exact bait & level reqs\nAnchovies	Pre-consolidation PoiIndex/PoiDetails snapshot; identity not globally verified; poi/curated-details.tsv:1135	FishingSpotLocation.SHIPWRECK_COVE_NORTH	Anchovies	0.0	
poi_007149	poi_007149	fishing_spot	1586	3299	0	false	true	unresolved	Fishing Spot (Shark)	Method / Fish: Shark\nTools: Net, Rod + Bait, Pot, or Harpoon\nCheck Fishing skill guide for exact bait & level reqs\nShark	Pre-consolidation PoiIndex/PoiDetails snapshot; identity not globally verified; poi/curated-details.tsv:1136	FishingSpotLocation.SHIPWRECK_COVE_SOUTH	Shark	0.0	
poi_007150	poi_007150	fishing_spot	2854	2977	0	false	true	unresolved	Fishing Spot (Salmon)	Method / Fish: Salmon\nTools: Net, Rod + Bait, Pot, or Harpoon\nCheck Fishing skill guide for exact bait & level reqs\nSalmon	Pre-consolidation PoiIndex/PoiDetails snapshot; identity not globally verified; poi/curated-details.tsv:1137	FishingSpotLocation.SHILO_VILLAGE	Salmon	0.0	
poi_007151	poi_007151	fishing_spot	2858	2973	0	false	true	unresolved	Fishing Spot (Salmon)	Method / Fish: Salmon\nTools: Net, Rod + Bait, Pot, or Harpoon\nCheck Fishing skill guide for exact bait & level reqs\nSalmon	Pre-consolidation PoiIndex/PoiDetails snapshot; identity not globally verified; poi/curated-details.tsv:1138	FishingSpotLocation.SHILO_VILLAGE	Salmon	0.0	
poi_007152	poi_007152	fishing_spot	1218	3146	0	false	true	unresolved	Fishing Spot (Shark)	Method / Fish: Shark\nTools: Net, Rod + Bait, Pot, or Harpoon\nCheck Fishing skill guide for exact bait & level reqs\nShark	Pre-consolidation PoiIndex/PoiDetails snapshot; identity not globally verified; poi/curated-details.tsv:1139	FishingSpotLocation.TAL_TEKLAN_WEST	Shark	0.0	
poi_007153	poi_007153	fishing_spot	1265	3132	0	false	true	unresolved	Fishing Spot (Salmon)	Method / Fish: Salmon\nTools: Net, Rod + Bait, Pot, or Harpoon\nCheck Fishing skill guide for exact bait & level reqs\nSalmon	Pre-consolidation PoiIndex/PoiDetails snapshot; identity not globally verified; poi/curated-details.tsv:1140	FishingSpotLocation.TAL_TEKLAN_EAST	Salmon	0.0	
poi_007154	poi_007154	fishing_spot	2893	9764	0	false	true	unresolved	Fishing Spot (Lava Eel)	Method / Fish: Lava Eel\nTools: Net, Rod + Bait, Pot, or Harpoon\nCheck Fishing skill guide for exact bait & level reqs\nLava eel	Pre-consolidation PoiIndex/PoiDetails snapshot; identity not globally verified; poi/curated-details.tsv:1141	FishingSpotLocation.TAVERLEY_DUNGEON	Lava eel	0.0	
poi_007155	poi_007155	fishing_spot	2889	9766	0	false	true	unresolved	Fishing Spot (Lava Eel)	Method / Fish: Lava Eel\nTools: Net, Rod + Bait, Pot, or Harpoon\nCheck Fishing skill guide for exact bait & level reqs\nLava eel	Pre-consolidation PoiIndex/PoiDetails snapshot; identity not globally verified; poi/curated-details.tsv:1142	FishingSpotLocation.TAVERLEY_DUNGEON	Lava eel	0.0	
poi_007156	poi_007156	fishing_spot	2883	9765	0	false	true	unresolved	Fishing Spot (Lava Eel)	Method / Fish: Lava Eel\nTools: Net, Rod + Bait, Pot, or Harpoon\nCheck Fishing skill guide for exact bait & level reqs\nLava eel	Pre-consolidation PoiIndex/PoiDetails snapshot; identity not globally verified; poi/curated-details.tsv:1143	FishingSpotLocation.TAVERLEY_DUNGEON	Lava eel	0.0	
poi_007157	poi_007157	fishing_spot	3036	2996	0	false	true	unresolved	Fishing Spot (Harpoonfish)	Method / Fish: Harpoonfish\nTools: Net, Rod + Bait, Pot, or Harpoon\nCheck Fishing skill guide for exact bait & level reqs	Pre-consolidation PoiIndex/PoiDetails snapshot; identity not globally verified; poi/curated-details.tsv:1146	FishingSpotLocation.PANDEMONIUM	Anchovies	4.123	
poi_007158	poi_007158	fishing_spot	3045	2954	0	false	true	unresolved	Fishing Spot (Harpoonfish)	Method / Fish: Harpoonfish\nTools: Net, Rod + Bait, Pot, or Harpoon\nCheck Fishing skill guide for exact bait & level reqs	Pre-consolidation PoiIndex/PoiDetails snapshot; identity not globally verified; poi/curated-details.tsv:1149	FishingSpotLocation.PANDEMONIUM	Anchovies	44.922	no_same_type_snapshot_within_12_tiles
poi_007159	poi_007159	fishing_spot	1623	3235	0	false	true	unresolved	Fishing Spot (Salmon)	Method / Fish: Salmon\nTools: Net, Rod + Bait, Pot, or Harpoon\nCheck Fishing skill guide for exact bait & level reqs\nSalmon	Pre-consolidation PoiIndex/PoiDetails snapshot; identity not globally verified; poi/curated-details.tsv:1150	FishingSpotLocation.TOWER_OF_ASCENSION	Salmon	0.0	
poi_007160	poi_007160	fishing_spot	2389	3422	0	false	true	unresolved	Fishing Spot (Salmon)	Method / Fish: Salmon\nTools: Net, Rod + Bait, Pot, or Harpoon\nCheck Fishing skill guide for exact bait & level reqs\nSalmon	Pre-consolidation PoiIndex/PoiDetails snapshot; identity not globally verified; poi/curated-details.tsv:1151	FishingSpotLocation.TREE_GNOME_STRONGHOLD	Salmon	0.0	
poi_007161	poi_007161	fishing_spot	2382	3415	0	false	true	unresolved	Fishing Spot (Salmon)	Method / Fish: Salmon\nTools: Net, Rod + Bait, Pot, or Harpoon\nCheck Fishing skill guide for exact bait & level reqs\nSalmon	Pre-consolidation PoiIndex/PoiDetails snapshot; identity not globally verified; poi/curated-details.tsv:1152	FishingSpotLocation.TREE_GNOME_STRONGHOLD	Salmon	0.0	
poi_007162	poi_007162	fishing_spot	3100	3091	0	false	true	unresolved	Fishing Spot (Tutorial Shrimp)	Method / Fish: Tutorial Shrimp\nTools: Net, Rod + Bait, Pot, or Harpoon\nCheck Fishing skill guide for exact bait & level reqs\nShrimp	Pre-consolidation PoiIndex/PoiDetails snapshot; identity not globally verified; poi/curated-details.tsv:1153	FishingSpotLocation.TUTORIAL_ISLAND	Shrimp	0.0	
poi_007163	poi_007163	fishing_spot	1646	3558	0	false	true	unresolved	Fishing Spot (Salmon)	Method / Fish: Salmon\nTools: Net, Rod + Bait, Pot, or Harpoon\nCheck Fishing skill guide for exact bait & level reqs\nSalmon	Pre-consolidation PoiIndex/PoiDetails snapshot; identity not globally verified; poi/curated-details.tsv:1154	FishingSpotLocation.WATSON_HOUSE_SOUTH	Salmon	0.0	
poi_007164	poi_007164	fishing_spot	3049	3704	0	false	true	unresolved	Fishing Spot (Shrimp)	Method / Fish: Shrimp\nTools: Net, Rod + Bait, Pot, or Harpoon\nCheck Fishing skill guide for exact bait & level reqs\nAnchovies	Pre-consolidation PoiIndex/PoiDetails snapshot; identity not globally verified; poi/curated-details.tsv:1155	FishingSpotLocation.WILDERNESS_BANDIT_CAMP	Anchovies	0.0	
poi_007165	poi_007165	fishing_spot	3362	3802	0	false	true	unresolved	Fishing Spot (Dark Crab)	Method / Fish: Dark Crab\nTools: Net, Rod + Bait, Pot, or Harpoon\nCheck Fishing skill guide for exact bait & level reqs\nDark Crab	Pre-consolidation PoiIndex/PoiDetails snapshot; identity not globally verified; poi/curated-details.tsv:1156	FishingSpotLocation.WILDERNESS_DARK_CRABS	Dark Crab	0.0	
poi_007166	poi_007166	fishing_spot	3347	3813	0	false	true	unresolved	Fishing Spot (Dark Crab)	Method / Fish: Dark Crab\nTools: Net, Rod + Bait, Pot, or Harpoon\nCheck Fishing skill guide for exact bait & level reqs\nDark Crab	Pre-consolidation PoiIndex/PoiDetails snapshot; identity not globally verified; poi/curated-details.tsv:1157	FishingSpotLocation.WILDERNESS_DARK_CRABS	Dark Crab	0.0	
poi_007167	poi_007167	fishing_spot	3071	3840	0	false	true	unresolved	Fishing Spot (Lava Eel)	Method / Fish: Lava Eel\nTools: Net, Rod + Bait, Pot, or Harpoon\nCheck Fishing skill guide for exact bait & level reqs\nLava eel	Pre-consolidation PoiIndex/PoiDetails snapshot; identity not globally verified; poi/curated-details.tsv:1158	FishingSpotLocation.WILDERNESS_LAVA_MAZE	Lava eel	0.0	
poi_007168	poi_007168	fishing_spot	3186	3925	0	false	true	unresolved	Fishing Spot (Dark Crab)	Method / Fish: Dark Crab\nTools: Net, Rod + Bait, Pot, or Harpoon\nCheck Fishing skill guide for exact bait & level reqs\nDark Crab	Pre-consolidation PoiIndex/PoiDetails snapshot; identity not globally verified; poi/curated-details.tsv:1159	FishingSpotLocation.WILDERNESS_RESOURCE_AREA	Dark Crab	0.0	
poi_007169	poi_007169	mining_site	3322	2875	0	false	true	unresolved	Agility Pyramid Mining Site	Ores available: Gold, Iron, Silver, Coal, Gold\nTool needed: Pickaxe (Bronze to Crystal)\nCheck Mining skill guide for ore levels\n5 Gold	Pre-consolidation PoiIndex/PoiDetails snapshot; identity not globally verified; poi/curated-details.tsv:1264	MiningSiteLocation.AGILITY_PYRAMID	5 Gold	0.0	
poi_007170	poi_007170	mining_site	1430	2882	0	false	true	unresolved	Aldarin Mining Site	Ores available: Iron\nTool needed: Pickaxe (Bronze to Crystal)\nCheck Mining skill guide for ore levels\n8 Iron\n5 Silver\n6 Coal\n5 Gold	Pre-consolidation PoiIndex/PoiDetails snapshot; identity not globally verified; poi/curated-details.tsv:1265	MiningSiteLocation.ALDARIN	8 Iron<br>5 Silver<br>6 Coal<br>5 Gold	0.0	
poi_007171	poi_007171	mining_site	3298	3312	0	false	true	unresolved	Al Kharid Mine North Mining Site	Ores available: Copper, Tin, Iron, Silver, Coal, Mithril, Adamantite\nTool needed: Pickaxe (Bronze to Crystal)\nCheck Mining skill guide for ore levels\n3 Copper\n1 Tin\n7 Iron\n5 Silver\n3 Coal\n2 Mithril\n2 Adamantite	Pre-consolidation PoiIndex/PoiDetails snapshot; identity not globally verified; poi/curated-details.tsv:1266	MiningSiteLocation.AL_KHARID_MINE_NORTH	3 Copper<br>1 Tin<br>7 Iron<br>5 Silver<br>3 Coal<br>2 Mithril<br>2 Adamantite	0.0	
poi_007172	poi_007172	mining_site	3298	3282	0	false	true	unresolved	Al Kharid Mine South Mining Site	Ores available: Iron, Gold\nTool needed: Pickaxe (Bronze to Crystal)\nCheck Mining skill guide for ore levels\n2 Iron\n2 Gold	Pre-consolidation PoiIndex/PoiDetails snapshot; identity not globally verified; poi/curated-details.tsv:1267	MiningSiteLocation.AL_KHARID_MINE_SOUTH	2 Iron<br>2 Gold	0.0	
poi_007173	poi_007173	mining_site	2322	3269	0	false	true	unresolved	Arandar Mining Site	Ores available: Limestone\nTool needed: Pickaxe (Bronze to Crystal)\nCheck Mining skill guide for ore levels\n8 Limestone	Pre-consolidation PoiIndex/PoiDetails snapshot; identity not globally verified; poi/curated-details.tsv:1271	MiningSiteLocation.ARANDAR	8 Limestone	0.0	
poi_007174	poi_007174	mining_site	3346	6021	0	false	true	unresolved	Arandar Prifddinas Map Mining Site	Ores available: Limestone\nTool needed: Pickaxe (Bronze to Crystal)\nCheck Mining skill guide for ore levels\n8 Limestone	Pre-consolidation PoiIndex/PoiDetails snapshot; identity not globally verified; poi/curated-details.tsv:1272	MiningSiteLocation.ARANDAR_PRIFDDINAS_MAP	8 Limestone	0.0	
poi_007175	poi_007175	mining_site	1763	3860	0	false	true	unresolved	Arceuus North Mining Site	Ores available: Dense Essence\nTool needed: Pickaxe (Bronze to Crystal)\nCheck Mining skill guide for ore levels\n1 Dense essence	Pre-consolidation PoiIndex/PoiDetails snapshot; identity not globally verified; poi/curated-details.tsv:1273	MiningSiteLocation.ARCEUUS_NORTH	1 Dense essence	0.0	
poi_007176	poi_007176	mining_site	1763	3844	0	false	true	unresolved	Arceuus South Mining Site	Ores available: Dense Essence\nTool needed: Pickaxe (Bronze to Crystal)\nCheck Mining skill guide for ore levels\n1 Dense essence	Pre-consolidation PoiIndex/PoiDetails snapshot; identity not globally verified; poi/curated-details.tsv:1274	MiningSiteLocation.ARCEUUS_SOUTH	1 Dense essence	0.0	
poi_007177	poi_007177	mining_site	2670	9680	0	false	true	unresolved	Ardougne Sewers Mining Site	Ores available: Iron, Coal\nTool needed: Pickaxe (Bronze to Crystal)\nCheck Mining skill guide for ore levels\n5 Iron\n5 Coal	Pre-consolidation PoiIndex/PoiDetails snapshot; identity not globally verified; poi/curated-details.tsv:1275	MiningSiteLocation.ARDOUGNE_SEWERS	5 Iron<br>5 Coal	0.0	
poi_007178	poi_007178	mining_site	2599	3232	0	false	true	unresolved	Ardougne South East Mining Site	Ores available: Iron, Coal\nTool needed: Pickaxe (Bronze to Crystal)\nCheck Mining skill guide for ore levels\n6 Iron\n4 Coal	Pre-consolidation PoiIndex/PoiDetails snapshot; identity not globally verified; poi/curated-details.tsv:1276	MiningSiteLocation.ARDOUGNE_SOUTH_EAST	6 Iron<br>4 Coal	0.0	
poi_007179	poi_007179	mining_site	3063	9582	0	false	true	unresolved	Asgarnia Ice Dungeon East Mining Site	Ores available: Blurite\nTool needed: Pickaxe (Bronze to Crystal)\nCheck Mining skill guide for ore levels\n2 Blurite	Pre-consolidation PoiIndex/PoiDetails snapshot; identity not globally verified; poi/curated-details.tsv:1277	MiningSiteLocation.ASGARNIA_ICE_DUNGEON_EAST	2 Blurite	0.0	
poi_007180	poi_007180	mining_site	3049	9568	0	false	true	unresolved	Asgarnia Ice Dungeon West Mining Site	Ores available: Blurite\nTool needed: Pickaxe (Bronze to Crystal)\nCheck Mining skill guide for ore levels\n2 Blurite	Pre-consolidation PoiIndex/PoiDetails snapshot; identity not globally verified; poi/curated-details.tsv:1278	MiningSiteLocation.ASGARNIA_ICE_DUNGEON_WEST	2 Blurite	0.0	
poi_007181	poi_007181	mining_site	1618	2991	0	false	true	unresolved	Avium Savannah Mining Site	Ores available: Iron\nTool needed: Pickaxe (Bronze to Crystal)\nCheck Mining skill guide for ore levels\n6 Iron	Pre-consolidation PoiIndex/PoiDetails snapshot; identity not globally verified; poi/curated-details.tsv:1279	MiningSiteLocation.AVIUM_SAVANNAH	6 Iron	0.0	
poi_007182	poi_007182	mining_site	3086	3763	0	false	true	unresolved	Bandit Camp Mine Mining Site	Ores available: Iron, Coal, Mithril, Adamantite\nTool needed: Pickaxe (Bronze to Crystal)\nCheck Mining skill guide for ore levels\n16 Iron\n20 Coal\n22 Mithril\n8 Adamantite	Pre-consolidation PoiIndex/PoiDetails snapshot; identity not globally verified; poi/curated-details.tsv:1280	MiningSiteLocation.BANDIT_CAMP_MINE	16 Iron<br>20 Coal<br>22 Mithril<br>8 Adamantite	0.0	
poi_007183	poi_007183	mining_site	3171	2912	0	false	true	unresolved	Bandit Camp Quarry Mining Site	Ores available: Clay, Coal, Sandstone, Granite\nTool needed: Pickaxe (Bronze to Crystal)\nCheck Mining skill guide for ore levels\n2 Clay\n2 Coal\n36 Sandstone\n34 Granite	Pre-consolidation PoiIndex/PoiDetails snapshot; identity not globally verified; poi/curated-details.tsv:1281	MiningSiteLocation.BANDIT_CAMP_QUARRY	2 Clay<br>2 Coal<br>36 Sandstone<br>34 Granite	0.0	
poi_007184	poi_007184	mining_site	3078	3421	0	false	true	unresolved	Barbarian Village Mining Site	Ores available: Tin, Coal\nTool needed: Pickaxe (Bronze to Crystal)\nCheck Mining skill guide for ore levels\n5 Tin\n4 Coal	Pre-consolidation PoiIndex/PoiDetails snapshot; identity not globally verified; poi/curated-details.tsv:1282	MiningSiteLocation.BARBARIAN_VILLAGE	5 Tin<br>4 Coal	0.0	
poi_007185	poi_007185	mining_site	2471	3255	0	false	true	unresolved	Battlefield Mining Site	Ores available: Copper, Tin\nTool needed: Pickaxe (Bronze to Crystal)\nCheck Mining skill guide for ore levels\n3 Copper\n1 Tin	Pre-consolidation PoiIndex/PoiDetails snapshot; identity not globally verified; poi/curated-details.tsv:1283	MiningSiteLocation.BATTLEFIELD	3 Copper<br>1 Tin	0.0	
poi_007186	poi_007186	mining_site	1502	3869	0	false	true	unresolved	Blast Mine East Mining Site	Ores available: Hard Rock\nTool needed: Pickaxe (Bronze to Crystal)\nCheck Mining skill guide for ore levels\n20 Hard rock	Pre-consolidation PoiIndex/PoiDetails snapshot; identity not globally verified; poi/curated-details.tsv:1284	MiningSiteLocation.BLAST_MINE_EAST	20 Hard rock	0.0	
poi_007187	poi_007187	mining_site	1485	3882	0	false	true	unresolved	Blast Mine North Mining Site	Ores available: Hard Rock\nTool needed: Pickaxe (Bronze to Crystal)\nCheck Mining skill guide for ore levels\n17 Hard rock	Pre-consolidation PoiIndex/PoiDetails snapshot; identity not globally verified; poi/curated-details.tsv:1285	MiningSiteLocation.BLAST_MINE_NORTH	17 Hard rock	0.0	
poi_007188	poi_007188	mining_site	1471	3865	0	false	true	unresolved	Blast Mine West Mining Site	Ores available: Hard Rock\nTool needed: Pickaxe (Bronze to Crystal)\nCheck Mining skill guide for ore levels\n22 Hard rock	Pre-consolidation PoiIndex/PoiDetails snapshot; identity not globally verified; poi/curated-details.tsv:1286	MiningSiteLocation.BLAST_MINE_WEST	22 Hard rock	0.0	
poi_007189	poi_007189	mining_site	2732	3225	0	false	true	unresolved	Brimhaven North Mining Site	Ores available: Gold\nTool needed: Pickaxe (Bronze to Crystal)\nCheck Mining skill guide for ore levels\n10 Gold	Pre-consolidation PoiIndex/PoiDetails snapshot; identity not globally verified; poi/curated-details.tsv:1287	MiningSiteLocation.BRIMHAVEN_NORTH	10 Gold	0.0	
poi_007190	poi_007190	mining_site	2743	3150	0	false	true	unresolved	Brimhaven South  Mining Site	Ores available: Gold\nTool needed: Pickaxe (Bronze to Crystal)\nCheck Mining skill guide for ore levels\n6 Gold	Pre-consolidation PoiIndex/PoiDetails snapshot; identity not globally verified; poi/curated-details.tsv:1288	MiningSiteLocation.BRIMHAVEN_SOUTH_	6 Gold	0.0	
poi_007191	poi_007191	mining_site	2934	5811	0	false	true	unresolved	Camdozaal Mines East Mining Site	Ores available: Barronite, Clay, Tin, Copper\nTool needed: Pickaxe (Bronze to Crystal)\nCheck Mining skill guide for ore levels\n8 Barronite\n1 Clay\n2 Tin\n1 Copper	Pre-consolidation PoiIndex/PoiDetails snapshot; identity not globally verified; poi/curated-details.tsv:1290	MiningSiteLocation.CAMDOZAAL_MINES_EAST	8 Barronite<br>1 Clay<br>2 Tin<br>1 Copper	0.0	
poi_007192	poi_007192	mining_site	2914	5811	0	false	true	unresolved	Camdozaal Mines West Mining Site	Ores available: Barronite, Copper, Clay, Tin\nTool needed: Pickaxe (Bronze to Crystal)\nCheck Mining skill guide for ore levels\n10 Barronite\n2 Copper\n2 Clay\n1 Tin	Pre-consolidation PoiIndex/PoiDetails snapshot; identity not globally verified; poi/curated-details.tsv:1291	MiningSiteLocation.CAMDOZAAL_MINES_WEST	10 Barronite<br>2 Copper<br>2 Clay<br>1 Tin	0.0	
poi_007193	poi_007193	mining_site	2374	3850	0	false	true	unresolved	Central Fremenik Isles Mining Site	Ores available: Coal, Runite\nTool needed: Pickaxe (Bronze to Crystal)\nCheck Mining skill guide for ore levels\n7 Coal\n1 Runite	Pre-consolidation PoiIndex/PoiDetails snapshot; identity not globally verified; poi/curated-details.tsv:1292	MiningSiteLocation.CENTRAL_FREMENIK_ISLES	7 Coal<br>1 Runite	0.0	
poi_007194	poi_007194	mining_site	2640	2390	0	false	true	unresolved	Charred Island Mining Site	Ores available: Coal\nTool needed: Pickaxe (Bronze to Crystal)\nCheck Mining skill guide for ore levels\n11 Coal	Pre-consolidation PoiIndex/PoiDetails snapshot; identity not globally verified; poi/curated-details.tsv:1294	MiningSiteLocation.CHARRED_ISLAND	11 Coal	0.0	
poi_007195	poi_007195	mining_site	3400	3170	0	false	true	unresolved	Citharede Abbey Mining Site	Ores available: Iron, Coal\nTool needed: Pickaxe (Bronze to Crystal)\nCheck Mining skill guide for ore levels\n3 Iron\n3 Coal	Pre-consolidation PoiIndex/PoiDetails snapshot; identity not globally verified; poi/curated-details.tsv:1295	MiningSiteLocation.CITHAREDE_ABBEY	3 Iron<br>3 Coal	0.0	
poi_007196	poi_007196	mining_site	2580	3484	0	false	true	unresolved	Coal Trucks Mining Site	Ores available: Coal\nTool needed: Pickaxe (Bronze to Crystal)\nCheck Mining skill guide for ore levels\n18 Coal	Pre-consolidation PoiIndex/PoiDetails snapshot; identity not globally verified; poi/curated-details.tsv:1296	MiningSiteLocation.COAL_TRUCKS	18 Coal	0.0	
poi_007197	poi_007197	mining_site	2939	3283	0	false	true	unresolved	Crafting Guild Mining Site	Ores available: Clay, Silver, Gold\nTool needed: Pickaxe (Bronze to Crystal)\nCheck Mining skill guide for ore levels\n6 Clay\n6 Silver\n7 Gold	Pre-consolidation PoiIndex/PoiDetails snapshot; identity not globally verified; poi/curated-details.tsv:1297	MiningSiteLocation.CRAFTING_GUILD	6 Clay<br>6 Silver<br>7 Gold	0.0	
poi_007198	poi_007198	mining_site	2860	3287	0	false	true	unresolved	Crandor North East Mining Site	Ores available: Gold\nTool needed: Pickaxe (Bronze to Crystal)\nCheck Mining skill guide for ore levels\n3 Gold	Pre-consolidation PoiIndex/PoiDetails snapshot; identity not globally verified; poi/curated-details.tsv:1298	MiningSiteLocation.CRANDOR_NORTH_EAST	3 Gold	0.0	
poi_007199	poi_007199	mining_site	2831	3296	0	false	true	unresolved	Crandor North West Mining Site	Ores available: Coal, Mithril\nTool needed: Pickaxe (Bronze to Crystal)\nCheck Mining skill guide for ore levels\n7 Coal\n1 Mithril	Pre-consolidation PoiIndex/PoiDetails snapshot; identity not globally verified; poi/curated-details.tsv:1299	MiningSiteLocation.CRANDOR_NORTH_WEST	7 Coal<br>1 Mithril	0.0	
poi_007200	poi_007200	mining_site	2835	3245	0	false	true	unresolved	Crandor South East Mining Site	Ores available: Coal, Adamantite\nTool needed: Pickaxe (Bronze to Crystal)\nCheck Mining skill guide for ore levels\n3 Coal\n3 Adamantite	Pre-consolidation PoiIndex/PoiDetails snapshot; identity not globally verified; poi/curated-details.tsv:1300	MiningSiteLocation.CRANDOR_SOUTH_EAST	3 Coal<br>3 Adamantite	0.0	
poi_007201	poi_007201	mining_site	2819	3247	0	false	true	unresolved	Crandor South West Mining Site	Ores available: Mithril\nTool needed: Pickaxe (Bronze to Crystal)\nCheck Mining skill guide for ore levels\n7 Mithril	Pre-consolidation PoiIndex/PoiDetails snapshot; identity not globally verified; poi/curated-details.tsv:1301	MiningSiteLocation.CRANDOR_SOUTH_WEST	7 Mithril	0.0	
poi_007202	poi_007202	mining_site	1281	3412	0	false	true	unresolved	Custodia Lake Mining Site	Ores available: Iron, Coal, Mithril\nTool needed: Pickaxe (Bronze to Crystal)\nCheck Mining skill guide for ore levels\n8 Iron\n3 Coal\n6 Mithril	Pre-consolidation PoiIndex/PoiDetails snapshot; identity not globally verified; poi/curated-details.tsv:1302	MiningSiteLocation.CUSTODIA_LAKE	8 Iron<br>3 Coal<br>6 Mithril	0.0	
poi_007203	poi_007203	mining_site	1945	2805	0	false	true	unresolved	Deepfin Point North Mining Site	Ores available: Tin, Copper, Iron, Mithril\nTool needed: Pickaxe (Bronze to Crystal)\nCheck Mining skill guide for ore levels\n3 Tin\n4 Copper\n6 Iron\n5 Mithril	Pre-consolidation PoiIndex/PoiDetails snapshot; identity not globally verified; poi/curated-details.tsv:1304	MiningSiteLocation.DEEPFIN_POINT_NORTH	3 Tin<br>4 Copper<br>6 Iron<br>5 Mithril	0.0	
poi_007204	poi_007204	mining_site	1932	2790	0	false	true	unresolved	Deepfin Point West Mining Site	Ores available: Silver, Lead, Gold, Nickel\nTool needed: Pickaxe (Bronze to Crystal)\nCheck Mining skill guide for ore levels\n5 Silver\n7 Lead\n6 Gold\n7 Nickel	Pre-consolidation PoiIndex/PoiDetails snapshot; identity not globally verified; poi/curated-details.tsv:1305	MiningSiteLocation.DEEPFIN_POINT_WEST	5 Silver<br>7 Lead<br>6 Gold<br>7 Nickel	0.0	
poi_007205	poi_007205	mining_site	1996	9205	0	false	true	unresolved	Deepfin Mine North Mining Site	Ores available: Iron, Lead\nTool needed: Pickaxe (Bronze to Crystal)\nCheck Mining skill guide for ore levels\n7 Iron\n7 Lead	Pre-consolidation PoiIndex/PoiDetails snapshot; identity not globally verified; poi/curated-details.tsv:1306	MiningSiteLocation.DEEPFIN_MINE_NORTH	7 Iron<br>7 Lead	0.0	
poi_007206	poi_007206	mining_site	1944	9204	0	false	true	unresolved	Deepfin Mine North West Mining Site	Ores available: Coal, Adamantite\nTool needed: Pickaxe (Bronze to Crystal)\nCheck Mining skill guide for ore levels\n23 Coal\n4 Adamantite	Pre-consolidation PoiIndex/PoiDetails snapshot; identity not globally verified; poi/curated-details.tsv:1307	MiningSiteLocation.DEEPFIN_MINE_NORTH_WEST	23 Coal<br>4 Adamantite	0.0	
poi_007207	poi_007207	mining_site	1932	9186	0	false	true	unresolved	Deepfin Mine West Mining Site	Ores available: Iron, Mithril\nTool needed: Pickaxe (Bronze to Crystal)\nCheck Mining skill guide for ore levels\n6 Iron\n3 Mithril	Pre-consolidation PoiIndex/PoiDetails snapshot; identity not globally verified; poi/curated-details.tsv:1308	MiningSiteLocation.DEEPFIN_MINE_WEST	6 Iron<br>3 Mithril	0.0	
poi_007208	poi_007208	mining_site	2067	9208	0	false	true	unresolved	Deepfin Mine North East Mining Site	Ores available: Nickel\nTool needed: Pickaxe (Bronze to Crystal)\nCheck Mining skill guide for ore levels\n12 Nickel	Pre-consolidation PoiIndex/PoiDetails snapshot; identity not globally verified; poi/curated-details.tsv:1309	MiningSiteLocation.DEEPFIN_MINE_NORTH_EAST	12 Nickel	0.0	
poi_007209	poi_007209	mining_site	2090	9201	0	false	true	unresolved	Deepfin Mine East Mining Site	Ores available: Coal, Adamantite, Runite\nTool needed: Pickaxe (Bronze to Crystal)\nCheck Mining skill guide for ore levels\n21 Coal\n6 Adamantite\n4 Runite	Pre-consolidation PoiIndex/PoiDetails snapshot; identity not globally verified; poi/curated-details.tsv:1310	MiningSiteLocation.DEEPFIN_MINE_EAST	21 Coal<br>6 Adamantite<br>4 Runite	0.0	
poi_007210	poi_007210	mining_site	3322	9616	0	false	true	unresolved	Dorgesh Kaan South East Mining Site	Ores available: Iron\nTool needed: Pickaxe (Bronze to Crystal)\nCheck Mining skill guide for ore levels\n3 Iron	Pre-consolidation PoiIndex/PoiDetails snapshot; identity not globally verified; poi/curated-details.tsv:1312	MiningSiteLocation.DORGESH_KAAN_SOUTH_EAST	3 Iron	0.0	
poi_007211	poi_007211	mining_site	3312	9621	0	false	true	unresolved	Dorgesh Kaan South West Mining Site	Ores available: Iron\nTool needed: Pickaxe (Bronze to Crystal)\nCheck Mining skill guide for ore levels\n3 Iron	Pre-consolidation PoiIndex/PoiDetails snapshot; identity not globally verified; poi/curated-details.tsv:1313	MiningSiteLocation.DORGESH_KAAN_SOUTH_WEST	3 Iron	0.0	
poi_007212	poi_007212	mining_site	3311	9628	0	false	true	unresolved	Dorgesh Kaan West Mining Site	Ores available: Iron, Silver\nTool needed: Pickaxe (Bronze to Crystal)\nCheck Mining skill guide for ore levels\n3 Iron\n2 Silver	Pre-consolidation PoiIndex/PoiDetails snapshot; identity not globally verified; poi/curated-details.tsv:1314	MiningSiteLocation.DORGESH_KAAN_WEST	3 Iron<br>2 Silver	0.0	
poi_007213	poi_007213	mining_site	3039	9763	0	false	true	unresolved	Dwarven East Bottom Mining Site	Ores available: Tin, Iron, Coal, Gold, Adamantite\nTool needed: Pickaxe (Bronze to Crystal)\nCheck Mining skill guide for ore levels\n5 Tin\n2 Iron\n8 Coal\n2 Gold\n1 Adamantite	Pre-consolidation PoiIndex/PoiDetails snapshot; identity not globally verified; poi/curated-details.tsv:1315	MiningSiteLocation.DWARVEN_EAST_BOTTOM	5 Tin<br>2 Iron<br>8 Coal<br>2 Gold<br>1 Adamantite	0.0	
poi_007214	poi_007214	mining_site	3037	9775	0	false	true	unresolved	Dwarven East Middle Mining Site	Ores available: Copper, Iron, Coal, Mithril, Adamantite\nTool needed: Pickaxe (Bronze to Crystal)\nCheck Mining skill guide for ore levels\n4 Copper\n3 Iron\n3 Coal\n2 Mithril\n2 Adamantite	Pre-consolidation PoiIndex/PoiDetails snapshot; identity not globally verified; poi/curated-details.tsv:1316	MiningSiteLocation.DWARVEN_EAST_MIDDLE	4 Copper<br>3 Iron<br>3 Coal<br>2 Mithril<br>2 Adamantite	0.0	
poi_007215	poi_007215	mining_site	3051	9820	0	false	true	unresolved	Dwarven East Top Mining Site	Ores available: Clay, Tin, Iron\nTool needed: Pickaxe (Bronze to Crystal)\nCheck Mining skill guide for ore levels\n2 Clay\n3 Tin\n2 Iron	Pre-consolidation PoiIndex/PoiDetails snapshot; identity not globally verified; poi/curated-details.tsv:1317	MiningSiteLocation.DWARVEN_EAST_TOP	2 Clay<br>3 Tin<br>2 Iron	0.0	
poi_007216	poi_007216	mining_site	3028	9809	0	false	true	unresolved	Dwarven West Bottom Mining Site	Ores available: Clay, Copper\nTool needed: Pickaxe (Bronze to Crystal)\nCheck Mining skill guide for ore levels\n3 Clay\n4 Copper	Pre-consolidation PoiIndex/PoiDetails snapshot; identity not globally verified; poi/curated-details.tsv:1318	MiningSiteLocation.DWARVEN_WEST_BOTTOM	3 Clay<br>4 Copper	0.0	
poi_007217	poi_007217	mining_site	3031	9828	0	false	true	unresolved	Dwarven West Top Mining Site	Ores available: Copper, Tin, Iron\nTool needed: Pickaxe (Bronze to Crystal)\nCheck Mining skill guide for ore levels\n3 Copper\n2 Tin\n2 Iron	Pre-consolidation PoiIndex/PoiDetails snapshot; identity not globally verified; poi/curated-details.tsv:1319	MiningSiteLocation.DWARVEN_WEST_TOP	3 Copper<br>2 Tin<br>2 Iron	0.0	
poi_007218	poi_007218	mining_site	2405	3867	0	false	true	unresolved	Fremenik Isles East Mining Site	Ores available: Copper, Tin, Coal\nTool needed: Pickaxe (Bronze to Crystal)\nCheck Mining skill guide for ore levels\n3 Copper\n3 Tin\n4 Coal	Pre-consolidation PoiIndex/PoiDetails snapshot; identity not globally verified; poi/curated-details.tsv:1320	MiningSiteLocation.FREMENIK_ISLES_EAST	3 Copper<br>3 Tin<br>4 Coal	0.0	
poi_007219	poi_007219	mining_site	3424	3164	0	false	true	unresolved	Eagles Outpost Mining Site	Ores available: Clay\nTool needed: Pickaxe (Bronze to Crystal)\nCheck Mining skill guide for ore levels\n7 Clay	Pre-consolidation PoiIndex/PoiDetails snapshot; identity not globally verified; poi/curated-details.tsv:1321	MiningSiteLocation.EAGLES_OUTPOST	7 Clay	0.0	
poi_007220	poi_007220	mining_site	3138	9874	0	false	true	unresolved	Edgeville Dungeon Mining Site	Ores available: Copper, Tin, Iron, Silver, Coal, Mithril, Adamantite\nTool needed: Pickaxe (Bronze to Crystal)\nCheck Mining skill guide for ore levels\n2 Copper\n2 Tin\n3 Iron\n3 Silver\n6 Coal\n1 Mithril\n2 Adamantite	Pre-consolidation PoiIndex/PoiDetails snapshot; identity not globally verified; poi/curated-details.tsv:1322	MiningSiteLocation.EDGEVILLE_DUNGEON	2 Copper<br>2 Tin<br>3 Iron<br>3 Silver<br>6 Coal<br>1 Mithril<br>2 Adamantite	0.0	
poi_007221	poi_007221	mining_site	2638	2996	0	false	true	unresolved	Feldip Hills East Mining Site	Ores available: Rock\nTool needed: Pickaxe (Bronze to Crystal)\nCheck Mining skill guide for ore levels\n3 Rock	Pre-consolidation PoiIndex/PoiDetails snapshot; identity not globally verified; poi/curated-details.tsv:1323	MiningSiteLocation.FELDIP_HILLS_EAST	3 Rock	0.0	
poi_007222	poi_007222	mining_site	2579	2998	0	false	true	unresolved	Feldip Hills Middle Mining Site	Ores available: Rock\nTool needed: Pickaxe (Bronze to Crystal)\nCheck Mining skill guide for ore levels\n4 Rock	Pre-consolidation PoiIndex/PoiDetails snapshot; identity not globally verified; poi/curated-details.tsv:1324	MiningSiteLocation.FELDIP_HILLS_MIDDLE	4 Rock	0.0	
poi_007223	poi_007223	mining_site	2567	2961	0	false	true	unresolved	Feldip Hills West Mining Site	Ores available: Rock\nTool needed: Pickaxe (Bronze to Crystal)\nCheck Mining skill guide for ore levels\n3 Rock	Pre-consolidation PoiIndex/PoiDetails snapshot; identity not globally verified; poi/curated-details.tsv:1325	MiningSiteLocation.FELDIP_HILLS_WEST	3 Rock	0.0	
poi_007224	poi_007224	mining_site	2630	3142	0	false	true	unresolved	Fight Arena Mining Site	Ores available: Clay, Copper, Tin, Iron, Coal, Mithril\nTool needed: Pickaxe (Bronze to Crystal)\nCheck Mining skill guide for ore levels\n4 Clay\n2 Copper\n7 Tin\n9 Iron\n1 Coal\n2 Mithril	Pre-consolidation PoiIndex/PoiDetails snapshot; identity not globally verified; poi/curated-details.tsv:1326	MiningSiteLocation.FIGHT_ARENA	4 Clay<br>2 Copper<br>7 Tin<br>9 Iron<br>1 Coal<br>2 Mithril	0.0	
poi_007225	poi_007225	mining_site	3770	3815	0	false	true	unresolved	Fossil Island Mining Site	Ores available: Iron, Coal, Mithril, Adamantite, Runite\nTool needed: Pickaxe (Bronze to Crystal)\nCheck Mining skill guide for ore levels\n7 Iron\n20 Coal\n3 Mithril\n5 Adamantite\n2 Runite	Pre-consolidation PoiIndex/PoiDetails snapshot; identity not globally verified; poi/curated-details.tsv:1327	MiningSiteLocation.FOSSIL_ISLAND	7 Iron<br>20 Coal<br>3 Mithril<br>5 Adamantite<br>2 Runite	0.0	
poi_007226	poi_007226	mining_site	2310	3853	0	false	true	unresolved	Fremennik Isles West Mining Site	Ores available: Copper\nTool needed: Pickaxe (Bronze to Crystal)\nCheck Mining skill guide for ore levels\n3 Copper	Pre-consolidation PoiIndex/PoiDetails snapshot; identity not globally verified; poi/curated-details.tsv:1328	MiningSiteLocation.FREMENNIK_ISLES_WEST	3 Copper	0.0	
poi_007227	poi_007227	mining_site	2963	3933	0	false	true	unresolved	Frozen Waste Plateu Center Mining Site	Ores available: Runite\nTool needed: Pickaxe (Bronze to Crystal)\nCheck Mining skill guide for ore levels\n1 Runite	Pre-consolidation PoiIndex/PoiDetails snapshot; identity not globally verified; poi/curated-details.tsv:1329	MiningSiteLocation.FROZEN_WASTE_PLATEU_CENTER	1 Runite	0.0	
poi_007228	poi_007228	mining_site	2975	3937	0	false	true	unresolved	Frozen Waste Plateu North Mining Site	Ores available: Runite\nTool needed: Pickaxe (Bronze to Crystal)\nCheck Mining skill guide for ore levels\n1 Runite	Pre-consolidation PoiIndex/PoiDetails snapshot; identity not globally verified; poi/curated-details.tsv:1330	MiningSiteLocation.FROZEN_WASTE_PLATEU_NORTH	1 Runite	0.0	
poi_007229	poi_007229	mining_site	2947	3914	0	false	true	unresolved	Frozen Waste Plateu South Mining Site	Ores available: Runite\nTool needed: Pickaxe (Bronze to Crystal)\nCheck Mining skill guide for ore levels\n1 Runite	Pre-consolidation PoiIndex/PoiDetails snapshot; identity not globally verified; poi/curated-details.tsv:1331	MiningSiteLocation.FROZEN_WASTE_PLATEU_SOUTH	1 Runite	0.0	
poi_007230	poi_007230	mining_site	2489	9916	0	false	true	unresolved	Grand Tree Mining Site	Ores available: Clay, Iron, Silver, Coal, Gold, Mithril, Adamantite\nTool needed: Pickaxe (Bronze to Crystal)\nCheck Mining skill guide for ore levels\n9 Clay\n8 Iron\n4 Silver\n11 Coal\n4 Gold\n4 Mithril\n3 Adamantite	Pre-consolidation PoiIndex/PoiDetails snapshot; identity not globally verified; poi/curated-details.tsv:1332	MiningSiteLocation.GRAND_TREE	9 Clay<br>8 Iron<br>4 Silver<br>11 Coal<br>4 Gold<br>4 Mithril<br>3 Adamantite	0.0	
poi_007231	poi_007231	mining_site	3183	2502	0	false	true	unresolved	Great Conch North Mining Site	Ores available: Tin, Copper, Iron, Coal, Clay, Mithril\nTool needed: Pickaxe (Bronze to Crystal)\nCheck Mining skill guide for ore levels\n2 Tin\n3 Copper\n8 Iron\n2 Coal\n3 Clay\n2 Mithril	Pre-consolidation PoiIndex/PoiDetails snapshot; identity not globally verified; poi/curated-details.tsv:1333	MiningSiteLocation.GREAT_CONCH_NORTH	2 Tin<br>3 Copper<br>8 Iron<br>2 Coal<br>3 Clay<br>2 Mithril	0.0	
poi_007232	poi_007232	mining_site	3248	2352	0	false	true	unresolved	Great Conch South Mining Site	Ores available: Iron, Coal, Granite, Sandstone\nTool needed: Pickaxe (Bronze to Crystal)\nCheck Mining skill guide for ore levels\n3 Iron\n2 Coal\n9 Granite\n9 Sandstone	Pre-consolidation PoiIndex/PoiDetails snapshot; identity not globally verified; poi/curated-details.tsv:1334	MiningSiteLocation.GREAT_CONCH_SOUTH	3 Iron<br>2 Coal<br>9 Granite<br>9 Sandstone	0.0	
poi_007233	poi_007233	mining_site	2911	4084	0	false	true	unresolved	Grimstone North East Mining Site	Ores available: Coal, Adamantite, Nickel\nTool needed: Pickaxe (Bronze to Crystal)\nCheck Mining skill guide for ore levels\n3 Coal\n3 Adamantite\n4 Nickel	Pre-consolidation PoiIndex/PoiDetails snapshot; identity not globally verified; poi/curated-details.tsv:1335	MiningSiteLocation.GRIMSTONE_NORTH_EAST	3 Coal<br>3 Adamantite<br>4 Nickel	0.0	
poi_007234	poi_007234	mining_site	2901	4084	0	false	true	unresolved	Grimstone North West Mining Site	Ores available: Coal, Runite\nTool needed: Pickaxe (Bronze to Crystal)\nCheck Mining skill guide for ore levels\n2 Coal\n3 Runite	Pre-consolidation PoiIndex/PoiDetails snapshot; identity not globally verified; poi/curated-details.tsv:1336	MiningSiteLocation.GRIMSTONE_NORTH_WEST	2 Coal<br>3 Runite	0.0	
poi_007235	poi_007235	mining_site	2909	4062	0	false	true	unresolved	Grimstone South Mining Site	Ores available: Coal, Nickel\nTool needed: Pickaxe (Bronze to Crystal)\nCheck Mining skill guide for ore levels\n2 Coal\n4 Nickel	Pre-consolidation PoiIndex/PoiDetails snapshot; identity not globally verified; poi/curated-details.tsv:1337	MiningSiteLocation.GRIMSTONE_SOUTH	2 Coal<br>4 Nickel	0.0	
poi_007236	poi_007236	mining_site	2163	3415	0	false	true	unresolved	Gwenith Mining Site	Ores available: Gold\nTool needed: Pickaxe (Bronze to Crystal)\nCheck Mining skill guide for ore levels\n10 Gold	Pre-consolidation PoiIndex/PoiDetails snapshot; identity not globally verified; poi/curated-details.tsv:1338	MiningSiteLocation.GWENITH	10 Gold	0.0	
poi_007237	poi_007237	mining_site	3187	6167	0	false	true	unresolved	Gwenith Prifddinas Map Mining Site	Ores available: Gold\nTool needed: Pickaxe (Bronze to Crystal)\nCheck Mining skill guide for ore levels\n10 Gold	Pre-consolidation PoiIndex/PoiDetails snapshot; identity not globally verified; poi/curated-details.tsv:1339	MiningSiteLocation.GWENITH_PRIFDDINAS_MAP	10 Gold	0.0	
poi_007238	poi_007238	mining_site	2940	9884	0	false	true	unresolved	Heroes Guild East Bottom Mining Site	Ores available: Coal, Runite\nTool needed: Pickaxe (Bronze to Crystal)\nCheck Mining skill guide for ore levels\n3 Coal\n2 Runite	Pre-consolidation PoiIndex/PoiDetails snapshot; identity not globally verified; poi/curated-details.tsv:1340	MiningSiteLocation.HEROES_GUILD_EAST_BOTTOM	3 Coal<br>2 Runite	0.0	
poi_007239	poi_007239	mining_site	2939	9898	0	false	true	unresolved	Heroes Guild East Top Mining Site	Ores available: Coal\nTool needed: Pickaxe (Bronze to Crystal)\nCheck Mining skill guide for ore levels\n5 Coal	Pre-consolidation PoiIndex/PoiDetails snapshot; identity not globally verified; poi/curated-details.tsv:1341	MiningSiteLocation.HEROES_GUILD_EAST_TOP	5 Coal	0.0	
poi_007240	poi_007240	mining_site	2921	9904	0	false	true	unresolved	Heroes Guild West Bottom Mining Site	Ores available: Coal\nTool needed: Pickaxe (Bronze to Crystal)\nCheck Mining skill guide for ore levels\n3 Coal	Pre-consolidation PoiIndex/PoiDetails snapshot; identity not globally verified; poi/curated-details.tsv:1342	MiningSiteLocation.HEROES_GUILD_WEST_BOTTOM	3 Coal	0.0	
poi_007241	poi_007241	mining_site	2914	9916	0	false	true	unresolved	Heroes Guild West Top Mining Site	Ores available: Mithril, Adamantite\nTool needed: Pickaxe (Bronze to Crystal)\nCheck Mining skill guide for ore levels\n2 Mithril\n2 Adamantite	Pre-consolidation PoiIndex/PoiDetails snapshot; identity not globally verified; poi/curated-details.tsv:1343	MiningSiteLocation.HEROES_GUILD_WEST_TOP	2 Mithril<br>2 Adamantite	0.0	
poi_007242	poi_007242	mining_site	1777	3489	0	false	true	unresolved	Hosidius Mine Mining Site	Ores available: Clay, Copper, Tin, Iron, Silver\nTool needed: Pickaxe (Bronze to Crystal)\nCheck Mining skill guide for ore levels\n10 Clay\n11 Copper\n4 Tin\n9 Iron\n2 Silver	Pre-consolidation PoiIndex/PoiDetails snapshot; identity not globally verified; poi/curated-details.tsv:1344	MiningSiteLocation.HOSIDIUS_MINE	10 Clay<br>11 Copper<br>4 Tin<br>9 Iron<br>2 Silver	0.0	
poi_007243	poi_007243	mining_site	2277	3159	0	false	true	unresolved	Isafdar Mining Site	Ores available: Adamantite, Runite\nTool needed: Pickaxe (Bronze to Crystal)\nCheck Mining skill guide for ore levels\n4 Adamantite\n2 Runite	Pre-consolidation PoiIndex/PoiDetails snapshot; identity not globally verified; poi/curated-details.tsv:1345	MiningSiteLocation.ISAFDAR	4 Adamantite<br>2 Runite	0.0	
poi_007244	poi_007244	mining_site	2195	2793	0	false	true	unresolved	Isle Of Souls South Mining Site	Ores available: Clay, Tin, Copper, Iron, Silver, Coal, Gold, Mithril\nTool needed: Pickaxe (Bronze to Crystal)\nCheck Mining skill guide for ore levels\n3 Clay\n3 Tin\n3 Copper\n10 Iron\n3 Silver\n6 Coal\n4 Gold\n2 Mithril	Pre-consolidation PoiIndex/PoiDetails snapshot; identity not globally verified; poi/curated-details.tsv:1348	MiningSiteLocation.ISLE_OF_SOULS_SOUTH	3 Clay<br>3 Tin<br>3 Copper<br>10 Iron<br>3 Silver<br>6 Coal<br>4 Gold<br>2 Mithril	0.0	
poi_007245	poi_007245	mining_site	2396	3812	0	false	true	unresolved	Jatizso Mining Site	Ores available: Tin, Iron, Coal, Mithril, Adamantite\nTool needed: Pickaxe (Bronze to Crystal)\nCheck Mining skill guide for ore levels\n11 Tin\n7 Iron\n8 Coal\n15 Mithril\n11 Adamantite	Pre-consolidation PoiIndex/PoiDetails snapshot; identity not globally verified; poi/curated-details.tsv:1349	MiningSiteLocation.JATIZSO	11 Tin<br>7 Iron<br>8 Coal<br>15 Mithril<br>11 Adamantite	0.0	
poi_007246	poi_007246	mining_site	2848	3033	0	false	true	unresolved	Karamja Jungle Mining Site	Ores available: Iron, Silver, Coal, Mithril, Adamantite\nTool needed: Pickaxe (Bronze to Crystal)\nCheck Mining skill guide for ore levels\n1 Iron\n1 Silver\n1 Coal\n2 Mithril\n2 Adamantite	Pre-consolidation PoiIndex/PoiDetails snapshot; identity not globally verified; poi/curated-details.tsv:1350	MiningSiteLocation.KARAMJA_JUNGLE	1 Iron<br>1 Silver<br>1 Coal<br>2 Mithril<br>2 Adamantite	0.0	
poi_007247	poi_007247	mining_site	2856	9579	0	false	true	unresolved	Karamja Volcano Mining Site	Ores available: Gold\nTool needed: Pickaxe (Bronze to Crystal)\nCheck Mining skill guide for ore levels\n4 Gold	Pre-consolidation PoiIndex/PoiDetails snapshot; identity not globally verified; poi/curated-details.tsv:1351	MiningSiteLocation.KARAMJA_VOLCANO	4 Gold	0.0	
poi_007248	poi_007248	mining_site	1211	3657	0	false	true	unresolved	Kebos Lowlands Mining Site	Ores available: Adamantite, Mithril\nTool needed: Pickaxe (Bronze to Crystal)\nCheck Mining skill guide for ore levels\n4 Adamantite\n5 Mithril	Pre-consolidation PoiIndex/PoiDetails snapshot; identity not globally verified; poi/curated-details.tsv:1352	MiningSiteLocation.KEBOS_LOWLANDS	4 Adamantite<br>5 Mithril	0.0	
poi_007249	poi_007249	mining_site	2724	3693	0	false	true	unresolved	Keldagrim Entrance Mining Site	Ores available: Iron, Mithril\nTool needed: Pickaxe (Bronze to Crystal)\nCheck Mining skill guide for ore levels\n9 Iron\n2 Mithril	Pre-consolidation PoiIndex/PoiDetails snapshot; identity not globally verified; poi/curated-details.tsv:1353	MiningSiteLocation.KELDAGRIM_ENTRANCE	9 Iron<br>2 Mithril	0.0	
poi_007250	poi_007250	mining_site	2937	10232	0	false	true	unresolved	Keldagrim North East Mining Site	Ores available: Coal\nTool needed: Pickaxe (Bronze to Crystal)\nCheck Mining skill guide for ore levels\n9 Coal	Pre-consolidation PoiIndex/PoiDetails snapshot; identity not globally verified; poi/curated-details.tsv:1354	MiningSiteLocation.KELDAGRIM_NORTH_EAST	9 Coal	0.0	
poi_007251	poi_007251	mining_site	2872	10119	0	false	true	unresolved	Keldagrim South West Bottom Mining Site	Ores available: Copper, Coal\nTool needed: Pickaxe (Bronze to Crystal)\nCheck Mining skill guide for ore levels\n2 Copper\n5 Coal	Pre-consolidation PoiIndex/PoiDetails snapshot; identity not globally verified; poi/curated-details.tsv:1355	MiningSiteLocation.KELDAGRIM_SOUTH_WEST_BOTTOM	2 Copper<br>5 Coal	0.0	
poi_007252	poi_007252	mining_site	2818	10156	0	false	true	unresolved	Keldagrim South West Middle Mining Site	Ores available: Iron, Gold\nTool needed: Pickaxe (Bronze to Crystal)\nCheck Mining skill guide for ore levels\n4 Iron\n1 Gold	Pre-consolidation PoiIndex/PoiDetails snapshot; identity not globally verified; poi/curated-details.tsv:1356	MiningSiteLocation.KELDAGRIM_SOUTH_WEST_MIDDLE	4 Iron<br>1 Gold	0.0	
poi_007253	poi_007253	mining_site	2864	10170	0	false	true	unresolved	Keldagrim South West Top Mining Site	Ores available: Tin\nTool needed: Pickaxe (Bronze to Crystal)\nCheck Mining skill guide for ore levels\n5 Tin	Pre-consolidation PoiIndex/PoiDetails snapshot; identity not globally verified; poi/curated-details.tsv:1357	MiningSiteLocation.KELDAGRIM_SOUTH_WEST_TOP	5 Tin	0.0	
poi_007254	poi_007254	mining_site	3059	3884	0	false	true	unresolved	Lava Maze North Mining Site	Ores available: Runite\nTool needed: Pickaxe (Bronze to Crystal)\nCheck Mining skill guide for ore levels\n2 Runite	Pre-consolidation PoiIndex/PoiDetails snapshot; identity not globally verified; poi/curated-details.tsv:1359	MiningSiteLocation.LAVA_MAZE_NORTH	2 Runite	0.0	
poi_007255	poi_007255	mining_site	2709	3331	0	false	true	unresolved	Legends Guild East Mining Site	Ores available: Iron, Coal\nTool needed: Pickaxe (Bronze to Crystal)\nCheck Mining skill guide for ore levels\n6 Iron\n8 Coal	Pre-consolidation PoiIndex/PoiDetails snapshot; identity not globally verified; poi/curated-details.tsv:1360	MiningSiteLocation.LEGENDS_GUILD_EAST	6 Iron<br>8 Coal	0.0	
poi_007256	poi_007256	mining_site	2694	3332	0	false	true	unresolved	Legends Guild West Mining Site	Ores available: Iron, Coal\nTool needed: Pickaxe (Bronze to Crystal)\nCheck Mining skill guide for ore levels\n5 Iron\n5 Coal	Pre-consolidation PoiIndex/PoiDetails snapshot; identity not globally verified; poi/curated-details.tsv:1361	MiningSiteLocation.LEGENDS_GUILD_WEST	5 Iron<br>5 Coal	0.0	
poi_007257	poi_007257	mining_site	1476	3779	0	false	true	unresolved	Lovakengj South Mining Site	Ores available: Iron, Coal, Mithril\nTool needed: Pickaxe (Bronze to Crystal)\nCheck Mining skill guide for ore levels\n4 Iron\n6 Coal\n1 Mithril	Pre-consolidation PoiIndex/PoiDetails snapshot; identity not globally verified; poi/curated-details.tsv:1362	MiningSiteLocation.LOVAKENGJ_SOUTH	4 Iron<br>6 Coal<br>1 Mithril	0.0	
poi_007258	poi_007258	mining_site	1445	3870	0	false	true	unresolved	Lovakengj Sulphur East Mining Site	Ores available: Volcanic Sulphur\nTool needed: Pickaxe (Bronze to Crystal)\nCheck Mining skill guide for ore levels\n3 Volcanic sulphur	Pre-consolidation PoiIndex/PoiDetails snapshot; identity not globally verified; poi/curated-details.tsv:1363	MiningSiteLocation.LOVAKENGJ_SULPHUR_EAST	3 Volcanic sulphur	0.0	
poi_007259	poi_007259	mining_site	1427	3870	0	false	true	unresolved	Lovakengj Sulphur West Mining Site	Ores available: Volcanic Sulphur\nTool needed: Pickaxe (Bronze to Crystal)\nCheck Mining skill guide for ore levels\n2 Volcanic sulphur	Pre-consolidation PoiIndex/PoiDetails snapshot; identity not globally verified; poi/curated-details.tsv:1364	MiningSiteLocation.LOVAKENGJ_SULPHUR_WEST	2 Volcanic sulphur	0.0	
poi_007260	poi_007260	mining_site	1430	3849	0	false	true	unresolved	Lovakengj West 1 Mining Site	Ores available: Coal, Lovakite\nTool needed: Pickaxe (Bronze to Crystal)\nCheck Mining skill guide for ore levels\n33 Coal\n58 Lovakite	Pre-consolidation PoiIndex/PoiDetails snapshot; identity not globally verified; poi/curated-details.tsv:1365	MiningSiteLocation.LOVAKENGJ_WEST_1	33 Coal<br>58 Lovakite	0.0	
poi_007261	poi_007261	mining_site	1447	3840	0	false	true	unresolved	Lovakengj West 2 Mining Site	Ores available: Coal, Lovakite\nTool needed: Pickaxe (Bronze to Crystal)\nCheck Mining skill guide for ore levels\n12 Coal\n22 Lovakite	Pre-consolidation PoiIndex/PoiDetails snapshot; identity not globally verified; poi/curated-details.tsv:1366	MiningSiteLocation.LOVAKENGJ_WEST_2	12 Coal<br>22 Lovakite	0.0	
poi_007262	poi_007262	mining_site	3226	3146	0	false	true	unresolved	Lumbridge Swamp East Mining Site	Ores available: Copper, Tin\nTool needed: Pickaxe (Bronze to Crystal)\nCheck Mining skill guide for ore levels\n5 Copper\n5 Tin	Pre-consolidation PoiIndex/PoiDetails snapshot; identity not globally verified; poi/curated-details.tsv:1367	MiningSiteLocation.LUMBRIDGE_SWAMP_EAST	5 Copper<br>5 Tin	0.0	
poi_007263	poi_007263	mining_site	3148	3149	0	false	true	unresolved	Lumbridge Swamp West Mining Site	Ores available: Coal, Mithril, Adamantite\nTool needed: Pickaxe (Bronze to Crystal)\nCheck Mining skill guide for ore levels\n7 Coal\n5 Mithril\n2 Adamantite	Pre-consolidation PoiIndex/PoiDetails snapshot; identity not globally verified; poi/curated-details.tsv:1368	MiningSiteLocation.LUMBRIDGE_SWAMP_WEST	7 Coal<br>5 Mithril<br>2 Adamantite	0.0	
poi_007264	poi_007264	mining_site	3022	9704	0	false	true	unresolved	Mining Guild Amethyst Mining Site	Ores available: Amethyst\nTool needed: Pickaxe (Bronze to Crystal)\nCheck Mining skill guide for ore levels\n26 Amethyst	Pre-consolidation PoiIndex/PoiDetails snapshot; identity not globally verified; poi/curated-details.tsv:1374	MiningSiteLocation.MINING_GUILD_AMETHYST	26 Amethyst	0.0	
poi_007265	poi_007265	mining_site	3040	9740	0	false	true	unresolved	Mining Guild North Mining Site	Ores available: Iron, Coal, Mithril, Adamantite\nTool needed: Pickaxe (Bronze to Crystal)\nCheck Mining skill guide for ore levels\n4 Iron\n37 Coal\n5 Mithril\n2 Adamantite	Pre-consolidation PoiIndex/PoiDetails snapshot; identity not globally verified; poi/curated-details.tsv:1375	MiningSiteLocation.MINING_GUILD_NORTH	4 Iron<br>37 Coal<br>5 Mithril<br>2 Adamantite	0.0	
poi_007266	poi_007266	mining_site	3032	9720	0	false	true	unresolved	Mining Guild South Mining Site	Ores available: Iron, Coal, Mithril, Adamantite, Runite\nTool needed: Pickaxe (Bronze to Crystal)\nCheck Mining skill guide for ore levels\n8 Iron\n20 Coal\n10 Mithril\n8 Adamantite\n2 Runite	Pre-consolidation PoiIndex/PoiDetails snapshot; identity not globally verified; poi/curated-details.tsv:1376	MiningSiteLocation.MINING_GUILD_SOUTH	8 Iron<br>20 Coal<br>10 Mithril<br>8 Adamantite<br>2 Runite	0.0	
poi_007267	poi_007267	mining_site	3006	9711	0	false	true	unresolved	Mining Guild West Mining Site	Ores available: Amethyst\nTool needed: Pickaxe (Bronze to Crystal)\nCheck Mining skill guide for ore levels\n36 Amethyst	Pre-consolidation PoiIndex/PoiDetails snapshot; identity not globally verified; poi/curated-details.tsv:1377	MiningSiteLocation.MINING_GUILD_WEST	36 Amethyst	0.0	
poi_007268	poi_007268	mining_site	2526	3891	0	false	true	unresolved	Miscellania Mining Site	Ores available: Coal\nTool needed: Pickaxe (Bronze to Crystal)\nCheck Mining skill guide for ore levels\n9 Coal	Pre-consolidation PoiIndex/PoiDetails snapshot; identity not globally verified; poi/curated-details.tsv:1378	MiningSiteLocation.MISCELLANIA	9 Coal	0.0	
poi_007269	poi_007269	mining_site	2504	10287	0	false	true	unresolved	Miscellania Dungeon Mining Site	Ores available: Coal\nTool needed: Pickaxe (Bronze to Crystal)\nCheck Mining skill guide for ore levels\n4 Coal	Pre-consolidation PoiIndex/PoiDetails snapshot; identity not globally verified; poi/curated-details.tsv:1379	MiningSiteLocation.MISCELLANIA_DUNGEON	4 Coal	0.0	
poi_007270	poi_007270	mining_site	2458	5167	0	false	true	unresolved	Mor Ul Rek North Mining Site	Ores available: Silver, Gold\nTool needed: Pickaxe (Bronze to Crystal)\nCheck Mining skill guide for ore levels\n3 Silver\n3 Gold	Pre-consolidation PoiIndex/PoiDetails snapshot; identity not globally verified; poi/curated-details.tsv:1380	MiningSiteLocation.MOR_UL_REK_NORTH	3 Silver<br>3 Gold	0.0	
poi_007271	poi_007271	mining_site	2513	5074	0	false	true	unresolved	Mor Ul Rek South East Mining Site	Ores available: Silver, Gold\nTool needed: Pickaxe (Bronze to Crystal)\nCheck Mining skill guide for ore levels\n6 Silver\n7 Gold	Pre-consolidation PoiIndex/PoiDetails snapshot; identity not globally verified; poi/curated-details.tsv:1381	MiningSiteLocation.MOR_UL_REK_SOUTH_EAST	6 Silver<br>7 Gold	0.0	
poi_007272	poi_007272	mining_site	2499	5062	0	false	true	unresolved	Mor Ul Rek South West Mining Site	Ores available: Iron, Coal, Adamantite, Runite\nTool needed: Pickaxe (Bronze to Crystal)\nCheck Mining skill guide for ore levels\n3 Iron\n4 Coal\n2 Adamantite\n3 Runite	Pre-consolidation PoiIndex/PoiDetails snapshot; identity not globally verified; poi/curated-details.tsv:1382	MiningSiteLocation.MOR_UL_REK_SOUTH_WEST	3 Iron<br>4 Coal<br>2 Adamantite<br>3 Runite	0.0	
poi_007273	poi_007273	mining_site	1278	3814	0	false	true	unresolved	Mount Karuulm Mining Site	Ores available: Iron, Coal, Adamantite, Runite\nTool needed: Pickaxe (Bronze to Crystal)\nCheck Mining skill guide for ore levels\n6 Iron\n5 Coal	Pre-consolidation PoiIndex/PoiDetails snapshot; identity not globally verified; poi/curated-details.tsv:1383	MiningSiteLocation.MOUNT_KARUULM	6 Iron<br>5 Coal	0.0	
poi_007274	poi_007274	mining_site	3319	2708	0	false	true	unresolved	Necropolis Mining Site	Ores available: Sandstone, Granite\nTool needed: Pickaxe (Bronze to Crystal)\nCheck Mining skill guide for ore levels\n5 Sandstone\n5 Granite	Pre-consolidation PoiIndex/PoiDetails snapshot; identity not globally verified; poi/curated-details.tsv:1384	MiningSiteLocation.NECROPOLIS	5 Sandstone<br>5 Granite	0.0	
poi_007275	poi_007275	mining_site	2978	2254	0	false	true	unresolved	Onyx Crest Mining Site	Ores available: Iron, Silver, Lead, Gem Rock, Gold\nTool needed: Pickaxe (Bronze to Crystal)\nCheck Mining skill guide for ore levels\n8 Iron\n3 Silver\n6 Lead\n4 Gem rock\n4 Gold	Pre-consolidation PoiIndex/PoiDetails snapshot; identity not globally verified; poi/curated-details.tsv:1386	MiningSiteLocation.ONYX_CREST	8 Iron<br>3 Silver<br>6 Lead<br>4 Gem rock<br>4 Gold	0.0	
poi_007276	poi_007276	mining_site	3055	9367	0	false	true	unresolved	Pandemonium Mining Site	Ores available: Copper, Tin, Iron, Coal, Lead\nTool needed: Pickaxe (Bronze to Crystal)\nCheck Mining skill guide for ore levels\n3 Copper\n3 Tin\n5 Iron\n3 Coal\n8 Lead	Pre-consolidation PoiIndex/PoiDetails snapshot; identity not globally verified; poi/curated-details.tsv:1387	MiningSiteLocation.PANDEMONIUM	3 Copper<br>3 Tin<br>5 Iron<br>3 Coal<br>8 Lead	0.0	
poi_007277	poi_007277	mining_site	3056	3945	0	false	true	unresolved	Pirates Hideout Mining Site	Ores available: Iron, Coal, Mithril, Adamantite\nTool needed: Pickaxe (Bronze to Crystal)\nCheck Mining skill guide for ore levels\n1 Iron\n4 Coal\n4 Mithril\n1 Adamantite	Pre-consolidation PoiIndex/PoiDetails snapshot; identity not globally verified; poi/curated-details.tsv:1388	MiningSiteLocation.PIRATES_HIDEOUT	1 Iron<br>4 Coal<br>4 Mithril<br>1 Adamantite	0.0	
poi_007278	poi_007278	mining_site	1759	3718	0	false	true	unresolved	Piscarillius Mining Site	Ores available: Copper, Tin, Iron, Silver, Mithril\nTool needed: Pickaxe (Bronze to Crystal)\nCheck Mining skill guide for ore levels\n5 Copper\n6 Tin\n5 Iron\n2 Silver\n1 Mithril	Pre-consolidation PoiIndex/PoiDetails snapshot; identity not globally verified; poi/curated-details.tsv:1389	MiningSiteLocation.PISCARILLIUS	5 Copper<br>6 Tin<br>5 Iron<br>2 Silver<br>1 Mithril	0.0	
poi_007279	poi_007279	mining_site	2337	3640	0	false	true	unresolved	Piscatoris Mining Site	Ores available: Clay, Copper, Tin, Iron\nTool needed: Pickaxe (Bronze to Crystal)\nCheck Mining skill guide for ore levels\n2 Clay\n2 Copper\n2 Tin\n3 Iron	Pre-consolidation PoiIndex/PoiDetails snapshot; identity not globally verified; poi/curated-details.tsv:1390	MiningSiteLocation.PISCATORIS	2 Clay<br>2 Copper<br>2 Tin<br>3 Iron	0.0	
poi_007280	poi_007280	mining_site	2651	3172	0	false	true	unresolved	Port Khazard Mining Site	Ores available: Copper, Tin, Mithril\nTool needed: Pickaxe (Bronze to Crystal)\nCheck Mining skill guide for ore levels\n2 Copper\n2 Tin\n2 Mithril	Pre-consolidation PoiIndex/PoiDetails snapshot; identity not globally verified; poi/curated-details.tsv:1391	MiningSiteLocation.PORT_KHAZARD	2 Copper<br>2 Tin<br>2 Mithril	0.0	
poi_007281	poi_007281	mining_site	1480	3086	0	false	true	unresolved	Ralos Rise South Mining Site	Ores available: Copper, Tin, Iron, Adamantite\nTool needed: Pickaxe (Bronze to Crystal)\nCheck Mining skill guide for ore levels\n4 Copper\n4 Tin\n4 Iron\n3 Adamantite	Pre-consolidation PoiIndex/PoiDetails snapshot; identity not globally verified; poi/curated-details.tsv:1392	MiningSiteLocation.RALOS_RISE_SOUTH	4 Copper<br>4 Tin<br>4 Iron<br>3 Adamantite	0.0	
poi_007282	poi_007282	mining_site	2682	3704	0	false	true	unresolved	Rellekka Mining Site	Ores available: Clay, Silver, Coal\nTool needed: Pickaxe (Bronze to Crystal)\nCheck Mining skill guide for ore levels\n4 Clay\n3 Silver\n7 Coal	Pre-consolidation PoiIndex/PoiDetails snapshot; identity not globally verified; poi/curated-details.tsv:1393	MiningSiteLocation.RELLEKKA	4 Clay<br>3 Silver<br>7 Coal	0.0	
poi_007283	poi_007283	mining_site	2977	3240	0	false	true	unresolved	Rimmington Mining Site	Ores available: Clay, Copper, Tin, Iron, Gold\nTool needed: Pickaxe (Bronze to Crystal)\nCheck Mining skill guide for ore levels\n2 Clay\n5 Copper\n2 Tin\n6 Iron\n2 Gold	Pre-consolidation PoiIndex/PoiDetails snapshot; identity not globally verified; poi/curated-details.tsv:1394	MiningSiteLocation.RIMMINGTON	2 Clay<br>5 Copper<br>2 Tin<br>6 Iron<br>2 Gold	0.0	
poi_007284	poi_007284	mining_site	3377	2777	0	false	true	unresolved	Ruins Of Ullek Mining Site	Ores available: Clay, Iron, Coal, Adamantite\nTool needed: Pickaxe (Bronze to Crystal)\nCheck Mining skill guide for ore levels\n3 Clay\n5 Iron\n3 Coal\n1 Adamantite	Pre-consolidation PoiIndex/PoiDetails snapshot; identity not globally verified; poi/curated-details.tsv:1395	MiningSiteLocation.RUINS_OF_ULLEK	3 Clay<br>5 Iron<br>3 Coal<br>1 Adamantite	0.0	
poi_007285	poi_007285	mining_site	3172	2871	0	false	true	unresolved	Ruins Of Unkah Mining Site	Ores available: Copper, Tin, Iron, Silver, Coal\nTool needed: Pickaxe (Bronze to Crystal)\nCheck Mining skill guide for ore levels\n1 Copper\n1 Tin\n5 Iron\n2 Silver\n1 Coal	Pre-consolidation PoiIndex/PoiDetails snapshot; identity not globally verified; poi/curated-details.tsv:1396	MiningSiteLocation.RUINS_OF_UNKAH	1 Copper<br>1 Tin<br>5 Iron<br>2 Silver<br>1 Coal	0.0	
poi_007286	poi_007286	mining_site	2835	10334	0	false	true	unresolved	Salt Mine Mining Site	Ores available: Basalt, Te Salt, Efh Salt, Urt Salt\nTool needed: Pickaxe (Bronze to Crystal)\nCheck Mining skill guide for ore levels\n7 Basalt\n15 Te salt\n12 Efh salt\n12 Urt salt	Pre-consolidation PoiIndex/PoiDetails snapshot; identity not globally verified; poi/curated-details.tsv:1397	MiningSiteLocation.SALT_MINE	7 Basalt<br>15 Te salt<br>12 Efh salt<br>12 Urt salt	0.0	
poi_007287	poi_007287	mining_site	1671	3284	0	false	true	unresolved	Salvager Overlook East Mining Site	Ores available: Iron, Gold\nTool needed: Pickaxe (Bronze to Crystal)\nCheck Mining skill guide for ore levels\n5 Iron\n5 Gold	Pre-consolidation PoiIndex/PoiDetails snapshot; identity not globally verified; poi/curated-details.tsv:1398	MiningSiteLocation.SALVAGER_OVERLOOK_EAST	5 Iron<br>5 Gold	0.0	
poi_007288	poi_007288	mining_site	1631	3277	0	false	true	unresolved	Salvager Overlook West Mining Site	Ores available: Coal, Mithril, Adamantite\nTool needed: Pickaxe (Bronze to Crystal)\nCheck Mining skill guide for ore levels\n7 Coal\n3 Mithril\n2 Adamantite	Pre-consolidation PoiIndex/PoiDetails snapshot; identity not globally verified; poi/curated-details.tsv:1399	MiningSiteLocation.SALVAGER_OVERLOOK_WEST	7 Coal<br>3 Mithril<br>2 Adamantite	0.0	
poi_007289	poi_007289	mining_site	1601	3645	0	false	true	unresolved	Shayzien Mining Site	Ores available: Clay, Iron, Coal, Mithril, Adamantite\nTool needed: Pickaxe (Bronze to Crystal)\nCheck Mining skill guide for ore levels\n3 Clay\n3 Iron\n4 Coal\n2 Mithril\n2 Adamantite	Pre-consolidation PoiIndex/PoiDetails snapshot; identity not globally verified; poi/curated-details.tsv:1400	MiningSiteLocation.SHAYZIEN	3 Clay<br>3 Iron<br>4 Coal<br>2 Mithril<br>2 Adamantite	0.0	
poi_007290	poi_007290	mining_site	2822	3001	0	false	true	unresolved	Shilo Village Surface Mining Site	Ores available: Gem Rock\nTool needed: Pickaxe (Bronze to Crystal)\nCheck Mining skill guide for ore levels\n7 Gem rock	Pre-consolidation PoiIndex/PoiDetails snapshot; identity not globally verified; poi/curated-details.tsv:1401	MiningSiteLocation.SHILO_VILLAGE_SURFACE	7 Gem rock	0.0	
poi_007291	poi_007291	mining_site	3371	3498	0	false	true	unresolved	Silvarea Mining Site	Ores available: Limestone\nTool needed: Pickaxe (Bronze to Crystal)\nCheck Mining skill guide for ore levels\n7 Limestone	Pre-consolidation PoiIndex/PoiDetails snapshot; identity not globally verified; poi/curated-details.tsv:1402	MiningSiteLocation.SILVAREA	7 Limestone	0.0	
poi_007292	poi_007292	mining_site	1747	2955	0	false	true	unresolved	Stonecutter Outpost Mining Site	Ores available: Clay, Iron, Silver, Coal, Gold, Mithril\nTool needed: Pickaxe (Bronze to Crystal)\nCheck Mining skill guide for ore levels\n5 Clay\n6 Iron\n4 Silver\n10 Coal\n3 Gold\n4 Mithril	Pre-consolidation PoiIndex/PoiDetails snapshot; identity not globally verified; poi/curated-details.tsv:1404	MiningSiteLocation.STONECUTTER_OUTPOST	5 Clay<br>6 Iron<br>4 Silver<br>10 Coal<br>3 Gold<br>4 Mithril	0.0	
poi_007293	poi_007293	mining_site	1169	3323	0	false	true	unresolved	Stranglewood Mine Mining Site	Ores available: Iron, Coal, Mithril, Adamantite, Runite\nTool needed: Pickaxe (Bronze to Crystal)\nCheck Mining skill guide for ore levels\n3 Iron\n3 Coal\n3 Mithril\n3 Adamantite\n1 Runite	Pre-consolidation PoiIndex/PoiDetails snapshot; identity not globally verified; poi/curated-details.tsv:1405	MiningSiteLocation.STRANGLEWOOD_MINE	3 Iron<br>3 Coal<br>3 Mithril<br>3 Adamantite<br>1 Runite	0.0	
poi_007294	poi_007294	mining_site	1352	3112	0	false	true	unresolved	Tlati Rainforest East Mining Site	Ores available: Iron, Coal, Gold, Mithril, Adamantite, Gemstone Crab\nTool needed: Pickaxe (Bronze to Crystal)\nCheck Mining skill guide for ore levels\n7 Iron\n4 Coal\n5 Gold\n4 Mithril\n4 Adamantite\n1 Gemstone Crab	Pre-consolidation PoiIndex/PoiDetails snapshot; identity not globally verified; poi/curated-details.tsv:1408	MiningSiteLocation.TLATI_RAINFOREST_EAST	7 Iron<br>4 Coal<br>5 Gold<br>4 Mithril<br>4 Adamantite<br>1 Gemstone Crab	0.0	
poi_007295	poi_007295	mining_site	1272	3173	0	false	true	unresolved	Tlati Rainforest North Mining Site	Ores available: Silver, Clay, Gemstone Crab\nTool needed: Pickaxe (Bronze to Crystal)\nCheck Mining skill guide for ore levels\n9 Silver\n8 Clay\n1 Gemstone Crab	Pre-consolidation PoiIndex/PoiDetails snapshot; identity not globally verified; poi/curated-details.tsv:1409	MiningSiteLocation.TLATI_RAINFOREST_NORTH	9 Silver<br>8 Clay<br>1 Gemstone Crab	0.0	
poi_007296	poi_007296	mining_site	1238	3043	0	false	true	unresolved	Tlati Rainforest South Mining Site	Ores available: Copper, Iron, Coal, Gemstone Crab\nTool needed: Pickaxe (Bronze to Crystal)\nCheck Mining skill guide for ore levels\n13 Copper\n10 Iron\n7 Coal\n1 Gemstone Crab	Pre-consolidation PoiIndex/PoiDetails snapshot; identity not globally verified; poi/curated-details.tsv:1410	MiningSiteLocation.TLATI_RAINFOREST_SOUTH	13 Copper<br>10 Iron<br>7 Coal<br>1 Gemstone Crab	0.0	
poi_007297	poi_007297	mining_site	2567	7735	0	false	true	unresolved	Vampyrium Mining Site	Ores available: Iron\nTool needed: Pickaxe (Bronze to Crystal)\nCheck Mining skill guide for ore levels\n14 Iron	Pre-consolidation PoiIndex/PoiDetails snapshot; identity not globally verified; poi/curated-details.tsv:1412	MiningSiteLocation.VAMPYRIUM	14 Iron	0.0	
poi_007298	poi_007298	mining_site	3286	3365	0	false	true	unresolved	Varrock South East Mining Site	Ores available: Copper, Tin, Iron\nTool needed: Pickaxe (Bronze to Crystal)\nCheck Mining skill guide for ore levels\n9 Copper\n6 Tin\n4 Iron	Pre-consolidation PoiIndex/PoiDetails snapshot; identity not globally verified; poi/curated-details.tsv:1413	MiningSiteLocation.VARROCK_SOUTH_EAST	9 Copper<br>6 Tin<br>4 Iron	0.0	
poi_007299	poi_007299	mining_site	3176	3370	0	false	true	unresolved	Varrock South West Mining Site	Ores available: Clay, Tin, Iron, Silver\nTool needed: Pickaxe (Bronze to Crystal)\nCheck Mining skill guide for ore levels\n3 Clay\n8 Tin\n3 Iron\n3 Silver	Pre-consolidation PoiIndex/PoiDetails snapshot; identity not globally verified; poi/curated-details.tsv:1414	MiningSiteLocation.VARROCK_SOUTH_WEST	3 Clay<br>8 Tin<br>3 Iron<br>3 Silver	0.0	
poi_007300	poi_007300	mining_site	1891	2987	0	false	true	unresolved	Vatrachos North Mining Site	Ores available: Clay, Silver, Gold, Mithril\nTool needed: Pickaxe (Bronze to Crystal)\nCheck Mining skill guide for ore levels\n2 Clay\n2 Silver\n2 Gold\n1 Mithril	Pre-consolidation PoiIndex/PoiDetails snapshot; identity not globally verified; poi/curated-details.tsv:1415	MiningSiteLocation.VATRACHOS_NORTH	2 Clay<br>2 Silver<br>2 Gold<br>1 Mithril	0.0	
poi_007301	poi_007301	mining_site	1893	2975	0	false	true	unresolved	Vatrachos South Mining Site	Ores available: Iron, Coal, Clay, Gold\nTool needed: Pickaxe (Bronze to Crystal)\nCheck Mining skill guide for ore levels\n2 Iron\n2 Coal\n2 Clay\n4 Gold	Pre-consolidation PoiIndex/PoiDetails snapshot; identity not globally verified; poi/curated-details.tsv:1416	MiningSiteLocation.VATRACHOS_SOUTH	2 Iron<br>2 Coal<br>2 Clay<br>4 Gold	0.0	
poi_007302	poi_007302	mining_site	3192	3930	0	false	true	unresolved	Wilderness Resource Area Mining Site	Ores available: Iron, Coal, Gold, Mithril, Adamantite\nTool needed: Pickaxe (Bronze to Crystal)\nCheck Mining skill guide for ore levels\n6 Iron\n11 Coal\n4 Gold\n1 Mithril\n6 Adamantite	Pre-consolidation PoiIndex/PoiDetails snapshot; identity not globally verified; poi/curated-details.tsv:1418	MiningSiteLocation.WILDERNESS_RESOURCE_AREA	6 Iron<br>11 Coal<br>4 Gold<br>1 Mithril<br>6 Adamantite	0.0	
poi_007303	poi_007303	mining_site	3104	3569	0	false	true	unresolved	Wilderness South Mining Site	Ores available: Iron, Coal\nTool needed: Pickaxe (Bronze to Crystal)\nCheck Mining skill guide for ore levels\n2 Iron\n3 Coal	Pre-consolidation PoiIndex/PoiDetails snapshot; identity not globally verified; poi/curated-details.tsv:1419	MiningSiteLocation.WILDERNESS_SOUTH	2 Iron<br>3 Coal	0.0	
poi_007304	poi_007304	mining_site	3013	3589	0	false	true	unresolved	Wilderness South West Mining Site	Ores available: Coal\nTool needed: Pickaxe (Bronze to Crystal)\nCheck Mining skill guide for ore levels\n34 Coal	Pre-consolidation PoiIndex/PoiDetails snapshot; identity not globally verified; poi/curated-details.tsv:1420	MiningSiteLocation.WILDERNESS_SOUTH_WEST	34 Coal	0.0	
poi_007305	poi_007305	mining_site	2224	3476	0	false	true	unresolved	Ynysdail Mining Site	Ores available: Iron, Nickel\nTool needed: Pickaxe (Bronze to Crystal)\nCheck Mining skill guide for ore levels\n4 Iron\n3 Nickel	Pre-consolidation PoiIndex/PoiDetails snapshot; identity not globally verified; poi/curated-details.tsv:1421	MiningSiteLocation.YNYSDAIL	4 Iron<br>3 Nickel	0.0	
poi_007306	poi_007306	mining_site	2267	9892	0	false	true	unresolved	Ynysdail Cavern North Mining Site	Ores available: Mithril, Adamantite\nTool needed: Pickaxe (Bronze to Crystal)\nCheck Mining skill guide for ore levels\n5 Mithril\n8 Adamantite	Pre-consolidation PoiIndex/PoiDetails snapshot; identity not globally verified; poi/curated-details.tsv:1422	MiningSiteLocation.YNYSDAIL_CAVERN_NORTH	5 Mithril<br>8 Adamantite	0.0	
poi_007307	poi_007307	mining_site	2249	9878	0	false	true	unresolved	Ynysdail Cavern West Mining Site	Ores available: Mithril, Runite\nTool needed: Pickaxe (Bronze to Crystal)\nCheck Mining skill guide for ore levels\n2 Mithril\n2 Runite	Pre-consolidation PoiIndex/PoiDetails snapshot; identity not globally verified; poi/curated-details.tsv:1423	MiningSiteLocation.YNYSDAIL_CAVERN_WEST	2 Mithril<br>2 Runite	0.0	
poi_007308	poi_007308	transportation	2772	3234	0	false	true	unresolved	Ship to Ardougne / Rimmington	Destination / Route: Ship to Ardougne / Rimmington\nCheck travel route for fares or quest requirements	Pre-consolidation PoiIndex/PoiDetails snapshot; identity not globally verified; poi/curated-details.tsv:1489	TransportationPointLocation.BRIMHAVEN_TO_ARDOUGNE	Ship to Ardougne / Rimmington	0.0	
poi_007309	poi_007309	transportation	2915	3224	0	false	true	unresolved	Ship to Ardougne / Brimhaven	Destination / Route: Ship to Ardougne / Brimhaven\nCheck travel route for fares or quest requirements	Pre-consolidation PoiIndex/PoiDetails snapshot; identity not globally verified; poi/curated-details.tsv:1490	TransportationPointLocation.RIMMINGTON_TO_ARDOUGNE	Ship to Ardougne / Brimhaven	0.0	
poi_007310	poi_007310	transportation	2954	3145	0	false	true	unresolved	Ship to Port Sarim/The Pandemonium	Destination / Route: Ship to Port Sarim/The Pandemonium\nCheck travel route for fares or quest requirements	Pre-consolidation PoiIndex/PoiDetails snapshot; identity not globally verified; poi/curated-details.tsv:1491	TransportationPointLocation.KARAMJA_TO_PORTSARIM_PANDEMONIUM	Ship to Port Sarim/The Pandemonium	0.0	
poi_007311	poi_007311	transportation	1503	3398	0	false	true	unresolved	Ship to Port Sarim/Port Piscarilius	Destination / Route: Ship to Port Sarim/Port Piscarilius\nCheck travel route for fares or quest requirements	Pre-consolidation PoiIndex/PoiDetails snapshot; identity not globally verified; poi/curated-details.tsv:1492	TransportationPointLocation.LANDSEND_TO_PORTSARIM_PORTPISCARILIUS	Ship to Port Sarim/Port Piscarilius	0.0	
poi_007312	poi_007312	transportation	3065	3003	0	false	true	unresolved	Ship to Port Sarim/Musa Point	Destination / Route: Ship to Port Sarim/Musa Point\nCheck travel route for fares or quest requirements	Pre-consolidation PoiIndex/PoiDetails snapshot; identity not globally verified; poi/curated-details.tsv:1493	TransportationPointLocation.PANDEMONIUM_TO_PORTSARIM_MUSA	Ship to Port Sarim/Musa Point	0.0	
poi_007313	poi_007313	transportation	1823	3692	0	false	true	unresolved	Ship to Port Sarim/Land's End	Destination / Route: Ship to Port Sarim/Land's End\nCheck travel route for fares or quest requirements	Pre-consolidation PoiIndex/PoiDetails snapshot; identity not globally verified; poi/curated-details.tsv:1494	TransportationPointLocation.PORT_PISCARILIUS_TO_PORTSARIM_LANDSEND	Ship to Port Sarim/Land's End	0.0	
poi_007314	poi_007314	transportation	3029	3218	0	false	true	unresolved	Ship to Musa Point/The Pandemonium	Destination / Route: Ship to Musa Point/The Pandemonium\nCheck travel route for fares or quest requirements	Pre-consolidation PoiIndex/PoiDetails snapshot; identity not globally verified; poi/curated-details.tsv:1495	TransportationPointLocation.PORTSARIM_TO_MUSAPOINT_PANDEMONIUM	Ship to Musa Point/The Pandemonium	0.0	
poi_007315	poi_007315	transportation	2639	3710	0	false	true	unresolved	Ship to Jatizso/Neitiznot	Destination / Route: Ship to Jatizso/Neitiznot\nCheck travel route for fares or quest requirements	Pre-consolidation PoiIndex/PoiDetails snapshot; identity not globally verified; poi/curated-details.tsv:1496	TransportationPointLocation.RELLEKKA_TO_JATIZSO_NEITIZNOT	Ship to Jatizso/Neitiznot	0.0	
poi_007316	poi_007316	transportation	2707	3735	0	false	true	unresolved	Ship to Weiss/Iceberg	Destination / Route: Ship to Weiss/Iceberg\nCheck travel route for fares or quest requirements	Pre-consolidation PoiIndex/PoiDetails snapshot; identity not globally verified; poi/curated-details.tsv:1497	TransportationPointLocation.RELLEKKA_TO_WEISS_ICEBERG	Ship to Weiss/Iceberg	0.0	
poi_007317	poi_007317	transportation	1383	3663	0	false	true	unresolved	Rowboat to Molch/Molch Island/Shayzien	Destination / Route: Rowboat to Molch/Molch Island/Shayzien\nCheck travel route for fares or quest requirements	Pre-consolidation PoiIndex/PoiDetails snapshot; identity not globally verified; poi/curated-details.tsv:1498	TransportationPointLocation.ROW_BOAT_BATTLEFRONT	Rowboat to Molch/Molch Island/Shayzien	0.0	
poi_007318	poi_007318	transportation	1281	3386	0	false	true	unresolved	Rowboat to North Custodia Pass	Destination / Route: Rowboat to North Custodia Pass\nCheck travel route for fares or quest requirements	Pre-consolidation PoiIndex/PoiDetails snapshot; identity not globally verified; poi/curated-details.tsv:1499	TransportationPointLocation.ROW_BOAT_CUSTODIA_SOUTH	Rowboat to North Custodia Pass	0.0	
poi_007319	poi_007319	transportation	1256	3395	0	false	true	unresolved	Rowboat to South Custodia Pass	Destination / Route: Rowboat to South Custodia Pass\nCheck travel route for fares or quest requirements	Pre-consolidation PoiIndex/PoiDetails snapshot; identity not globally verified; poi/curated-details.tsv:1500	TransportationPointLocation.ROW_BOAT_CUSTODIA_WEST	Rowboat to South Custodia Pass	0.0	
poi_007320	poi_007320	transportation	3759	3902	0	false	true	unresolved	Rowboat to Barge/Camp/North of Island	Destination / Route: Rowboat to Barge/Camp/North of Island\nCheck travel route for fares or quest requirements	Pre-consolidation PoiIndex/PoiDetails snapshot; identity not globally verified; poi/curated-details.tsv:1501	TransportationPointLocation.ROW_BOAT_DIVING_ISLAND	Rowboat to Barge/Camp/North of Island	0.0	
poi_007321	poi_007321	transportation	3238	3141	0	false	true	unresolved	Rowboat to Misthalin Mystery	Destination / Route: Rowboat to Misthalin Mystery\nCheck travel route for fares or quest requirements	Pre-consolidation PoiIndex/PoiDetails snapshot; identity not globally verified; poi/curated-details.tsv:1502	TransportationPointLocation.ROW_BOAT_LUMBRIDGE	Rowboat to Misthalin Mystery	0.0	
poi_007322	poi_007322	transportation	1343	3646	0	false	true	unresolved	Rowboat to Molch Island/Shayzien/Battlefront	Destination / Route: Rowboat to Molch Island/Shayzien/Battlefront\nCheck travel route for fares or quest requirements	Pre-consolidation PoiIndex/PoiDetails snapshot; identity not globally verified; poi/curated-details.tsv:1503	TransportationPointLocation.ROW_BOAT_MOLCH	Rowboat to Molch Island/Shayzien/Battlefront	0.0	
poi_007323	poi_007323	transportation	1368	3641	0	false	true	unresolved	Rowboat to Molch/Shayzien/Battlefront	Destination / Route: Rowboat to Molch/Shayzien/Battlefront\nCheck travel route for fares or quest requirements	Pre-consolidation PoiIndex/PoiDetails snapshot; identity not globally verified; poi/curated-details.tsv:1504	TransportationPointLocation.ROW_BOAT_MOLCH_ISLAND	Rowboat to Molch/Shayzien/Battlefront	0.0	
poi_007324	poi_007324	transportation	3723	3807	0	false	true	unresolved	Rowboat to Barge/Digsite/North of Island	Destination / Route: Rowboat to Barge/Digsite/North of Island\nCheck travel route for fares or quest requirements	Pre-consolidation PoiIndex/PoiDetails snapshot; identity not globally verified; poi/curated-details.tsv:1505	TransportationPointLocation.ROW_BOAT_MUSEUM_CAMP	Rowboat to Barge/Digsite/North of Island	0.0	
poi_007325	poi_007325	transportation	3733	3894	0	false	true	unresolved	Rowboat to Barge/Camp/Sea	Destination / Route: Rowboat to Barge/Camp/Sea\nCheck travel route for fares or quest requirements	Pre-consolidation PoiIndex/PoiDetails snapshot; identity not globally verified; poi/curated-details.tsv:1506	TransportationPointLocation.ROW_BOAT_MUSHROOM_FOREST_NE	Rowboat to Barge/Camp/Sea	0.0	
poi_007326	poi_007326	transportation	1405	3612	0	false	true	unresolved	Rowboat to Molch/Molch Island/Battlefront	Destination / Route: Rowboat to Molch/Molch Island/Battlefront\nCheck travel route for fares or quest requirements	Pre-consolidation PoiIndex/PoiDetails snapshot; identity not globally verified; poi/curated-details.tsv:1507	TransportationPointLocation.ROW_BOAT_SHAYZIEN	Rowboat to Molch/Molch Island/Battlefront	0.0	
poi_007327	poi_007327	transportation	1398	3245	0	false	true	unresolved	Rowboat to Tal Teklan/Kastori	Destination / Route: Rowboat to Tal Teklan/Kastori\nCheck travel route for fares or quest requirements	Pre-consolidation PoiIndex/PoiDetails snapshot; identity not globally verified; poi/curated-details.tsv:1508	TransportationPointLocation.SMALL_BOAT_GLOOMTHORN_TRAIL	Rowboat to Tal Teklan/Kastori	0.0	
poi_007328	poi_007328	transportation	1258	3124	0	false	true	unresolved	Rowboat to Kastori/Gloomthorn Trail	Destination / Route: Rowboat to Kastori/Gloomthorn Trail\nCheck travel route for fares or quest requirements	Pre-consolidation PoiIndex/PoiDetails snapshot; identity not globally verified; poi/curated-details.tsv:1509	TransportationPointLocation.SMALL_BOAT_TAL_TEKLAN	Rowboat to Kastori/Gloomthorn Trail	0.0	
poi_007329	poi_007329	transportation	1389	3074	0	false	true	unresolved	Rowboat to Tal Teklan/Gloomthorn Trail	Destination / Route: Rowboat to Tal Teklan/Gloomthorn Trail\nCheck travel route for fares or quest requirements	Pre-consolidation PoiIndex/PoiDetails snapshot; identity not globally verified; poi/curated-details.tsv:1510	TransportationPointLocation.SMALL_BOAT_KASTORI	Rowboat to Tal Teklan/Gloomthorn Trail	0.0	
poi_007330	poi_007330	transportation	2760	3238	0	false	true	unresolved	Charter Ship	Destination / Route: Charter Ship\nCheck travel route for fares or quest requirements	Pre-consolidation PoiIndex/PoiDetails snapshot; identity not globally verified; poi/curated-details.tsv:1512	TransportationPointLocation.CHARTER_BRIMHAVEN	Charter Ship	0.0	
poi_007331	poi_007331	transportation	2791	3415	0	false	true	unresolved	Charter Ship	Destination / Route: Charter Ship\nCheck travel route for fares or quest requirements	Pre-consolidation PoiIndex/PoiDetails snapshot; identity not globally verified; poi/curated-details.tsv:1513	TransportationPointLocation.CHARTER_CATHERBY	Charter Ship	0.0	
poi_007332	poi_007332	transportation	2589	2851	0	false	true	unresolved	Charter Ship	Destination / Route: Charter Ship\nCheck travel route for fares or quest requirements	Pre-consolidation PoiIndex/PoiDetails snapshot; identity not globally verified; poi/curated-details.tsv:1515	TransportationPointLocation.CHARTER_CORSAIR_	Charter Ship	0.0	
poi_007333	poi_007333	transportation	2954	3158	0	false	true	unresolved	Charter Ship	Destination / Route: Charter Ship\nCheck travel route for fares or quest requirements	Pre-consolidation PoiIndex/PoiDetails snapshot; identity not globally verified; poi/curated-details.tsv:1517	TransportationPointLocation.CHARTER_KARAMJA_NORTH	Charter Ship	0.0	
poi_007334	poi_007334	transportation	2999	3032	0	false	true	unresolved	Charter Ship	Destination / Route: Charter Ship\nCheck travel route for fares or quest requirements	Pre-consolidation PoiIndex/PoiDetails snapshot; identity not globally verified; poi/curated-details.tsv:1518	TransportationPointLocation.CHARTER_KARAMJA_EAST	Charter Ship	0.0	
poi_007335	poi_007335	transportation	2673	3143	0	false	true	unresolved	Charter Ship	Destination / Route: Charter Ship\nCheck travel route for fares or quest requirements	Pre-consolidation PoiIndex/PoiDetails snapshot; identity not globally verified; poi/curated-details.tsv:1519	TransportationPointLocation.CHARTER_KHAZARD	Charter Ship	0.0	
poi_007336	poi_007336	transportation	3669	2931	0	false	true	unresolved	Charter Ship	Destination / Route: Charter Ship\nCheck travel route for fares or quest requirements	Pre-consolidation PoiIndex/PoiDetails snapshot; identity not globally verified; poi/curated-details.tsv:1520	TransportationPointLocation.CHARTER_MOSLE_HARMLESS	Charter Ship	0.0	
poi_007337	poi_007337	transportation	3702	3503	0	false	true	unresolved	Charter Ship	Destination / Route: Charter Ship\nCheck travel route for fares or quest requirements	Pre-consolidation PoiIndex/PoiDetails snapshot; identity not globally verified; poi/curated-details.tsv:1521	TransportationPointLocation.CHARTER_PORT_PHASMATYS	Charter Ship	0.0	
poi_007338	poi_007338	transportation	3037	3191	0	false	true	unresolved	Charter Ship	Destination / Route: Charter Ship\nCheck travel route for fares or quest requirements	Pre-consolidation PoiIndex/PoiDetails snapshot; identity not globally verified; poi/curated-details.tsv:1522	TransportationPointLocation.CHARTER_PORTSARIM	Charter Ship	0.0	
poi_007339	poi_007339	transportation	3061	2999	0	false	true	unresolved	Charter Ship	Destination / Route: Charter Ship\nCheck travel route for fares or quest requirements	Pre-consolidation PoiIndex/PoiDetails snapshot; identity not globally verified; poi/curated-details.tsv:1524	TransportationPointLocation.CHARTER_PANDEMONIUM	Charter Ship	0.0	
poi_007340	poi_007340	transportation	1673	3832	0	false	true	unresolved	Lovakengj Minecart Network - Arceuus	Destination / Route: Lovakengj Minecart Network - Arceuus\nCheck travel route for fares or quest requirements	Pre-consolidation PoiIndex/PoiDetails snapshot; identity not globally verified; poi/curated-details.tsv:1529	TransportationPointLocation.MINE_CART_ARCEUUS	Lovakengj Minecart Network - Arceuus	0.0	
poi_007341	poi_007341	transportation	1219	3738	0	false	true	unresolved	Lovakengj Minecart Network - Farming Guild	Destination / Route: Lovakengj Minecart Network - Farming Guild\nCheck travel route for fares or quest requirements	Pre-consolidation PoiIndex/PoiDetails snapshot; identity not globally verified; poi/curated-details.tsv:1530	TransportationPointLocation.MINE_CART_FARMING_GUILD	Lovakengj Minecart Network - Farming Guild	0.0	
poi_007342	poi_007342	transportation	3139	3504	0	false	true	unresolved	Minecart to Keldagrim	Destination / Route: Minecart to Keldagrim\nCheck travel route for fares or quest requirements	Pre-consolidation PoiIndex/PoiDetails snapshot; identity not globally verified; poi/curated-details.tsv:1531	TransportationPointLocation.MINE_CART_GRANDEXCHANGE	Minecart to Keldagrim	0.0	
poi_007343	poi_007343	transportation	1805	3480	0	false	true	unresolved	Lovakengj Minecart Network - Hosidius South	Destination / Route: Lovakengj Minecart Network - Hosidius South\nCheck travel route for fares or quest requirements	Pre-consolidation PoiIndex/PoiDetails snapshot; identity not globally verified; poi/curated-details.tsv:1532	TransportationPointLocation.MINE_CART_HOSIDIUS_SOUTH	Lovakengj Minecart Network - Hosidius South	0.0	
poi_007344	poi_007344	transportation	1656	3542	0	false	true	unresolved	Lovakengj Minecart Network - Hosidius West	Destination / Route: Lovakengj Minecart Network - Hosidius West\nCheck travel route for fares or quest requirements	Pre-consolidation PoiIndex/PoiDetails snapshot; identity not globally verified; poi/curated-details.tsv:1533	TransportationPointLocation.MINE_CART_HOSIDIUS_WEST	Lovakengj Minecart Network - Hosidius West	0.0	
poi_007345	poi_007345	transportation	2995	9836	0	false	true	unresolved	Minecart to Keldagrim	Destination / Route: Minecart to Keldagrim\nCheck travel route for fares or quest requirements	Pre-consolidation PoiIndex/PoiDetails snapshot; identity not globally verified; poi/curated-details.tsv:1534	TransportationPointLocation.MINE_CART_ICE_MOUNTAIN	Minecart to Keldagrim	0.0	
poi_007346	poi_007346	transportation	2908	10170	0	false	true	unresolved	Keldagrim Minecart System	Destination / Route: Keldagrim Minecart System\nCheck travel route for fares or quest requirements	Pre-consolidation PoiIndex/PoiDetails snapshot; identity not globally verified; poi/curated-details.tsv:1535	TransportationPointLocation.MINE_CART_KELDAGRIM	Keldagrim Minecart System	0.0	
poi_007347	poi_007347	transportation	1697	3658	0	false	true	unresolved	Lovakengj Minecart Network - Kingstown	Destination / Route: Lovakengj Minecart Network - Kingstown\nCheck travel route for fares or quest requirements	Pre-consolidation PoiIndex/PoiDetails snapshot; identity not globally verified; poi/curated-details.tsv:1536	TransportationPointLocation.MINE_CART_KINGSTOWN	Lovakengj Minecart Network - Kingstown	0.0	
poi_007348	poi_007348	transportation	1570	3464	0	false	true	unresolved	Lovakengj Minecart Network - Kourend Woodland	Destination / Route: Lovakengj Minecart Network - Kourend Woodland\nCheck travel route for fares or quest requirements	Pre-consolidation PoiIndex/PoiDetails snapshot; identity not globally verified; poi/curated-details.tsv:1537	TransportationPointLocation.MINE_CART_KOUREND_WOODLAND	Lovakengj Minecart Network - Kourend Woodland	0.0	
poi_007349	poi_007349	transportation	1253	3550	0	false	true	unresolved	Lovakengj Minecart Network - Mount Quidamortem	Destination / Route: Lovakengj Minecart Network - Mount Quidamortem\nCheck travel route for fares or quest requirements	Pre-consolidation PoiIndex/PoiDetails snapshot; identity not globally verified; poi/curated-details.tsv:1539	TransportationPointLocation.MINE_CART_MOUNT_QUIDAMORTEM	Lovakengj Minecart Network - Mount Quidamortem	0.0	
poi_007350	poi_007350	transportation	1646	3930	0	false	true	unresolved	Lovakengj Minecart Network - Northern Tundras	Destination / Route: Lovakengj Minecart Network - Northern Tundras\nCheck travel route for fares or quest requirements	Pre-consolidation PoiIndex/PoiDetails snapshot; identity not globally verified; poi/curated-details.tsv:1540	TransportationPointLocation.MINE_CART_NORTHERN_TUNDRAS	Lovakengj Minecart Network - Northern Tundras	0.0	
poi_007351	poi_007351	transportation	1760	3708	0	false	true	unresolved	Lovakengj Minecart Network - Port Piscarilius	Destination / Route: Lovakengj Minecart Network - Port Piscarilius\nCheck travel route for fares or quest requirements	Pre-consolidation PoiIndex/PoiDetails snapshot; identity not globally verified; poi/curated-details.tsv:1541	TransportationPointLocation.MINE_CART_PORT_PISCARILIUS	Lovakengj Minecart Network - Port Piscarilius	0.0	
poi_007352	poi_007352	transportation	1586	3622	0	false	true	unresolved	Lovakengj Minecart Network - Shayzien East	Destination / Route: Lovakengj Minecart Network - Shayzien East\nCheck travel route for fares or quest requirements	Pre-consolidation PoiIndex/PoiDetails snapshot; identity not globally verified; poi/curated-details.tsv:1542	TransportationPointLocation.MINE_CART_SHAYZIEN_EAST	Lovakengj Minecart Network - Shayzien East	0.0	
poi_007353	poi_007353	transportation	1413	3579	0	false	true	unresolved	Lovakengj Minecart Network - Shayzien West	Destination / Route: Lovakengj Minecart Network - Shayzien West\nCheck travel route for fares or quest requirements	Pre-consolidation PoiIndex/PoiDetails snapshot; identity not globally verified; poi/curated-details.tsv:1543	TransportationPointLocation.MINE_CART_SHAYZIEN_WEST	Lovakengj Minecart Network - Shayzien West	0.0	
poi_007354	poi_007354	transportation	2874	9870	0	false	true	unresolved	Minecart to Keldagrim	Destination / Route: Minecart to Keldagrim\nCheck travel route for fares or quest requirements	Pre-consolidation PoiIndex/PoiDetails snapshot; identity not globally verified; poi/curated-details.tsv:1544	TransportationPointLocation.MINE_CART_WHITE_WOLF_MOUNTAIN	Minecart to Keldagrim	0.0	
poi_007355	poi_007355	transportation	3111	3409	0	false	true	unresolved	Canoe	Destination / Route: Canoe\nCheck travel route for fares or quest requirements	Pre-consolidation PoiIndex/PoiDetails snapshot; identity not globally verified; poi/curated-details.tsv:1545	TransportationPointLocation.CANOE_BARBVILLAGE	Canoe	0.0	
poi_007356	poi_007356	transportation	3202	3344	0	false	true	unresolved	Canoe	Destination / Route: Canoe\nCheck travel route for fares or quest requirements	Pre-consolidation PoiIndex/PoiDetails snapshot; identity not globally verified; poi/curated-details.tsv:1546	TransportationPointLocation.CANOE_CHAMPIONSGUILD	Canoe	0.0	
poi_007357	poi_007357	transportation	3130	3509	0	false	true	unresolved	Canoe	Destination / Route: Canoe\nCheck travel route for fares or quest requirements	Pre-consolidation PoiIndex/PoiDetails snapshot; identity not globally verified; poi/curated-details.tsv:1547	TransportationPointLocation.CANOE_EDGEVILLE	Canoe	0.0	
poi_007358	poi_007358	transportation	3241	3238	0	false	true	unresolved	Canoe	Destination / Route: Canoe\nCheck travel route for fares or quest requirements	Pre-consolidation PoiIndex/PoiDetails snapshot; identity not globally verified; poi/curated-details.tsv:1548	TransportationPointLocation.CANOE_LUMBRIDGE	Canoe	0.0	
poi_007359	poi_007359	transportation	3155	3630	0	false	true	unresolved	Canoe	Destination / Route: Canoe\nCheck travel route for fares or quest requirements	Pre-consolidation PoiIndex/PoiDetails snapshot; identity not globally verified; poi/curated-details.tsv:1549	TransportationPointLocation.CANOE_FEROXENCLAVE	Canoe	0.0	
poi_007360	poi_007360	transportation	2439	3137	0	false	true	unresolved	Canoe	Destination / Route: Canoe\nCheck travel route for fares or quest requirements	Pre-consolidation PoiIndex/PoiDetails snapshot; identity not globally verified; poi/curated-details.tsv:1550	TransportationPointLocation.CANOE_CASTLEWARS	Canoe	0.0	
poi_007361	poi_007361	transportation	2484	3192	0	false	true	unresolved	Canoe	Destination / Route: Canoe\nCheck travel route for fares or quest requirements	Pre-consolidation PoiIndex/PoiDetails snapshot; identity not globally verified; poi/curated-details.tsv:1551	TransportationPointLocation.CANOE_GNOMEVILLAGE	Canoe	0.0	
poi_007362	poi_007362	transportation	2576	3262	0	false	true	unresolved	Canoe	Destination / Route: Canoe\nCheck travel route for fares or quest requirements	Pre-consolidation PoiIndex/PoiDetails snapshot; identity not globally verified; poi/curated-details.tsv:1552	TransportationPointLocation.CANOE_CLOCKTOWER	Canoe	0.0	
poi_007363	poi_007363	transportation	2572	3358	0	false	true	unresolved	Canoe	Destination / Route: Canoe\nCheck travel route for fares or quest requirements	Pre-consolidation PoiIndex/PoiDetails snapshot; identity not globally verified; poi/curated-details.tsv:1553	TransportationPointLocation.CANOE_CHAOSDRUIDTOWER	Canoe	0.0	
poi_007364	poi_007364	transportation	2524	3409	0	false	true	unresolved	Canoe	Destination / Route: Canoe\nCheck travel route for fares or quest requirements	Pre-consolidation PoiIndex/PoiDetails snapshot; identity not globally verified; poi/curated-details.tsv:1554	TransportationPointLocation.CANOE_GNOMESTRONGHOLD	Canoe	0.0	
poi_007365	poi_007365	transportation	3278	3213	0	false	true	unresolved	Gnome Glider	Destination / Route: Gnome Glider\nCheck travel route for fares or quest requirements	Pre-consolidation PoiIndex/PoiDetails snapshot; identity not globally verified; poi/curated-details.tsv:1555	TransportationPointLocation.GNOME_GLIDER_KHARID	Gnome Glider	0.0	
poi_007366	poi_007366	transportation	2712	2804	0	false	true	unresolved	Gnome Glider	Destination / Route: Gnome Glider\nCheck travel route for fares or quest requirements	Pre-consolidation PoiIndex/PoiDetails snapshot; identity not globally verified; poi/curated-details.tsv:1556	TransportationPointLocation.GNOME_GLIDER_APE_ATOLL	Gnome Glider	0.0	
poi_007367	poi_007367	transportation	2971	2974	0	false	true	unresolved	Gnome Glider	Destination / Route: Gnome Glider\nCheck travel route for fares or quest requirements	Pre-consolidation PoiIndex/PoiDetails snapshot; identity not globally verified; poi/curated-details.tsv:1557	TransportationPointLocation.GNOME_GLIDER_KARAMJA	Gnome Glider	0.0	
poi_007368	poi_007368	transportation	2540	2969	0	false	true	unresolved	Gnome Glider	Destination / Route: Gnome Glider\nCheck travel route for fares or quest requirements	Pre-consolidation PoiIndex/PoiDetails snapshot; identity not globally verified; poi/curated-details.tsv:1558	TransportationPointLocation.GNOME_GLIDER_FELDIP	Gnome Glider	0.0	
poi_007369	poi_007369	transportation	2460	3502	0	false	true	unresolved	Gnome Glider	Destination / Route: Gnome Glider\nCheck travel route for fares or quest requirements	Pre-consolidation PoiIndex/PoiDetails snapshot; identity not globally verified; poi/curated-details.tsv:1559	TransportationPointLocation.GNOME_GLIDER_GNOMESTRONGHOLD	Gnome Glider	0.0	
poi_007370	poi_007370	transportation	2845	3501	0	false	true	unresolved	Gnome Glider	Destination / Route: Gnome Glider\nCheck travel route for fares or quest requirements	Pre-consolidation PoiIndex/PoiDetails snapshot; identity not globally verified; poi/curated-details.tsv:1560	TransportationPointLocation.GNOME_GLIDER_WHITEWOLF	Gnome Glider	0.0	
poi_007371	poi_007371	transportation	3298	3480	0	false	true	unresolved	Hot Air Balloon	Destination / Route: Hot Air Balloon\nCheck travel route for fares or quest requirements	Pre-consolidation PoiIndex/PoiDetails snapshot; identity not globally verified; poi/curated-details.tsv:1561	TransportationPointLocation.BALLOON_VARROCK	Hot Air Balloon	0.0	
poi_007372	poi_007372	transportation	2458	3108	0	false	true	unresolved	Hot Air Balloon	Destination / Route: Hot Air Balloon\nCheck travel route for fares or quest requirements	Pre-consolidation PoiIndex/PoiDetails snapshot; identity not globally verified; poi/curated-details.tsv:1562	TransportationPointLocation.BALLOON_YANILLE	Hot Air Balloon	0.0	
poi_007373	poi_007373	transportation	2478	3459	0	false	true	unresolved	Hot Air Balloon	Destination / Route: Hot Air Balloon\nCheck travel route for fares or quest requirements	Pre-consolidation PoiIndex/PoiDetails snapshot; identity not globally verified; poi/curated-details.tsv:1563	TransportationPointLocation.BALLOON_GNOMESTRONGHOLD	Hot Air Balloon	0.0	
poi_007374	poi_007374	transportation	2936	3422	0	false	true	unresolved	Hot Air Balloon	Destination / Route: Hot Air Balloon\nCheck travel route for fares or quest requirements	Pre-consolidation PoiIndex/PoiDetails snapshot; identity not globally verified; poi/curated-details.tsv:1564	TransportationPointLocation.BALLOON_TAVERLEY	Hot Air Balloon	0.0	
poi_007375	poi_007375	transportation	2921	3301	0	false	true	unresolved	Hot Air Balloon	Destination / Route: Hot Air Balloon\nCheck travel route for fares or quest requirements	Pre-consolidation PoiIndex/PoiDetails snapshot; identity not globally verified; poi/curated-details.tsv:1565	TransportationPointLocation.BALLOON_FALADOR	Hot Air Balloon	0.0	
poi_007376	poi_007376	transportation	2554	3259	0	false	true	unresolved	Spirit Tree	Destination / Route: Spirit Tree\nCheck travel route for fares or quest requirements	Pre-consolidation PoiIndex/PoiDetails snapshot; identity not globally verified; poi/curated-details.tsv:1566	TransportationPointLocation.SPIRITTREE_ARDOUGNE	Spirit Tree	0.0	
poi_007377	poi_007377	transportation	2485	2850	0	false	true	unresolved	Spirit Tree	Destination / Route: Spirit Tree\nCheck travel route for fares or quest requirements	Pre-consolidation PoiIndex/PoiDetails snapshot; identity not globally verified; poi/curated-details.tsv:1567	TransportationPointLocation.SPIRITTREE_CORSAIR	Spirit Tree	0.0	
poi_007378	poi_007378	transportation	2459	3446	0	false	true	unresolved	Spirit Tree	Destination / Route: Spirit Tree\nCheck travel route for fares or quest requirements	Pre-consolidation PoiIndex/PoiDetails snapshot; identity not globally verified; poi/curated-details.tsv:1568	TransportationPointLocation.SPIRITTREE_GNOMESTRONGHOLD	Spirit Tree	0.0	
poi_007379	poi_007379	transportation	2538	3166	0	false	true	unresolved	Spirit Tree	Destination / Route: Spirit Tree\nCheck travel route for fares or quest requirements	Pre-consolidation PoiIndex/PoiDetails snapshot; identity not globally verified; poi/curated-details.tsv:1569	TransportationPointLocation.SPIRITTREE_GNOMEVILLAGE	Spirit Tree	0.0	
poi_007380	poi_007380	transportation	3184	3510	0	false	true	unresolved	Spirit Tree	Destination / Route: Spirit Tree\nCheck travel route for fares or quest requirements	Pre-consolidation PoiIndex/PoiDetails snapshot; identity not globally verified; poi/curated-details.tsv:1570	TransportationPointLocation.SPIRITTREE_GRANDEXCHANGE	Spirit Tree	0.0	
poi_007381	poi_007381	transportation	1202	2787	0	false	true	unresolved	Spirit Tree	Destination / Route: Spirit Tree\nCheck travel route for fares or quest requirements	Pre-consolidation PoiIndex/PoiDetails snapshot; identity not globally verified; poi/curated-details.tsv:1571	TransportationPointLocation.SPIRITTREE_LAGUNA_AURORAE	Spirit Tree	0.0	
poi_007382	poi_007382	transportation	3274	6124	0	false	true	unresolved	Spirit Tree	Destination / Route: Spirit Tree\nCheck travel route for fares or quest requirements	Pre-consolidation PoiIndex/PoiDetails snapshot; identity not globally verified; poi/curated-details.tsv:1572	TransportationPointLocation.SPIRITTREE_PRIFDDINAS	Spirit Tree	0.0	
poi_007383	poi_007383	transportation	3311	3107	0	false	true	unresolved	Carpet to Bedabin/Pollnivneach/Uzer	Destination / Route: Carpet to Bedabin/Pollnivneach/Uzer\nCheck travel route for fares or quest requirements	Pre-consolidation PoiIndex/PoiDetails snapshot; identity not globally verified; poi/curated-details.tsv:1573	TransportationPointLocation.CARPET_KHARID	Carpet to Bedabin/Pollnivneach/Uzer	0.0	
poi_007384	poi_007384	transportation	3345	2943	0	false	true	unresolved	Carpet to Nardah/Sophanem/Menaphos	Destination / Route: Carpet to Nardah/Sophanem/Menaphos\nCheck travel route for fares or quest requirements	Pre-consolidation PoiIndex/PoiDetails snapshot; identity not globally verified; poi/curated-details.tsv:1574	TransportationPointLocation.CARPET_POLLNIVNEACH_SOUTH	Carpet to Nardah/Sophanem/Menaphos	0.0	
poi_007385	poi_007385	transportation	1623	3808	0	false	true	unresolved	Teleport to Library Archive	Destination / Route: Teleport to Library Archive\nCheck travel route for fares or quest requirements	Pre-consolidation PoiIndex/PoiDetails snapshot; identity not globally verified; poi/curated-details.tsv:1575	TransportationPointLocation.TELEPORT_ARCHIVE_FROM_ARCEUUS	Teleport to Library Archive	0.0	
poi_007386	poi_007386	transportation	3784	2828	0	false	true	unresolved	Teleport to Mos Le'Harmless	Destination / Route: Teleport to Mos Le'Harmless\nCheck travel route for fares or quest requirements	Pre-consolidation PoiIndex/PoiDetails snapshot; identity not globally verified; poi/curated-details.tsv:1576	TransportationPointLocation.TELEPORT_HARMLESS_FROM_HARMONY	Teleport to Mos Le'Harmless	0.0	
poi_007387	poi_007387	transportation	2681	3325	0	false	true	unresolved	Teleport to Rune Essence	Destination / Route: Teleport to Rune Essence\nCheck travel route for fares or quest requirements	Pre-consolidation PoiIndex/PoiDetails snapshot; identity not globally verified; poi/curated-details.tsv:1577	TransportationPointLocation.TELEPORT_RUNE_ARDOUGNE	Teleport to Rune Essence	0.0	
poi_007388	poi_007388	transportation	2592	3089	0	false	true	unresolved	Teleport to Rune Essence	Destination / Route: Teleport to Rune Essence\nCheck travel route for fares or quest requirements	Pre-consolidation PoiIndex/PoiDetails snapshot; identity not globally verified; poi/curated-details.tsv:1578	TransportationPointLocation.TELEPORT_RUNE_YANILLE	Teleport to Rune Essence	0.0	
poi_007389	poi_007389	transportation	3320	3141	0	false	true	unresolved	Teleport to Sorceress's Garden	Destination / Route: Teleport to Sorceress's Garden\nCheck travel route for fares or quest requirements	Pre-consolidation PoiIndex/PoiDetails snapshot; identity not globally verified; poi/curated-details.tsv:1579	TransportationPointLocation.TELEPORT_SORCERESS_GARDEN	Teleport to Sorceress's Garden	0.0	
poi_007390	poi_007390	transportation	3254	6082	2	false	true	unresolved	Teleport to Prifddinas Library	Destination / Route: Teleport to Prifddinas Library\nCheck travel route for fares or quest requirements	Pre-consolidation PoiIndex/PoiDetails snapshot; identity not globally verified; poi/curated-details.tsv:1580	TransportationPointLocation.TELEPORT_PRIFDDINAS_LIBRARY	Teleport to Prifddinas Library	0.0	
poi_007391	poi_007391	transportation	1275	3559	0	false	true	unresolved	Mountain Guide	Destination / Route: Mountain Guide\nCheck travel route for fares or quest requirements	Pre-consolidation PoiIndex/PoiDetails snapshot; identity not globally verified; poi/curated-details.tsv:1581	TransportationPointLocation.MOUNTAIN_GUIDE_QUIDAMORTEM	Mountain Guide	0.0	
poi_007392	poi_007392	transportation	1270	3477	0	false	true	unresolved	Mountain Guide	Destination / Route: Mountain Guide\nCheck travel route for fares or quest requirements	Pre-consolidation PoiIndex/PoiDetails snapshot; identity not globally verified; poi/curated-details.tsv:1582	TransportationPointLocation.MOUNTAIN_GUIDE_QUIDAMORTEM_SOUTH	Mountain Guide	0.0	
poi_007393	poi_007393	transportation	1400	3538	0	false	true	unresolved	Mountain Guide	Destination / Route: Mountain Guide\nCheck travel route for fares or quest requirements	Pre-consolidation PoiIndex/PoiDetails snapshot; identity not globally verified; poi/curated-details.tsv:1583	TransportationPointLocation.MOUNTAIN_GUIDE_WALL	Mountain Guide	0.0	
poi_007394	poi_007394	transportation	1486	3230	0	false	true	unresolved	Guide to Auburn Valley	Destination / Route: Guide to Auburn Valley\nCheck travel route for fares or quest requirements	Pre-consolidation PoiIndex/PoiDetails snapshot; identity not globally verified; poi/curated-details.tsv:1584	TransportationPointLocation.MOUNTAIN_GUIDE_QUETZACALLI_GORGE	Guide to Auburn Valley	0.0	
poi_007395	poi_007395	transportation	1358	3310	0	false	true	unresolved	Guide to Quetzacalli Gorge	Destination / Route: Guide to Quetzacalli Gorge\nCheck travel route for fares or quest requirements	Pre-consolidation PoiIndex/PoiDetails snapshot; identity not globally verified; poi/curated-details.tsv:1585	TransportationPointLocation.MOUNTAIN_GUIDE_AUBURN_VALLEY	Guide to Quetzacalli Gorge	0.0	
poi_007396	poi_007396	transportation	1662	10047	0	false	true	unresolved	Altar to Skotizo	Destination / Route: Altar to Skotizo\nCheck travel route for fares or quest requirements	Pre-consolidation PoiIndex/PoiDetails snapshot; identity not globally verified; poi/curated-details.tsv:1586	TransportationPointLocation.ALTER_KOUREND_UNDERGROUND	Altar to Skotizo	0.0	
poi_007397	poi_007397	transportation	2483	4471	0	false	true	unresolved	Fairy Ring to Al Kharid	Destination / Route: Fairy Ring to Al Kharid\nCheck travel route for fares or quest requirements	Pre-consolidation PoiIndex/PoiDetails snapshot; identity not globally verified; poi/curated-details.tsv:1587	TransportationPointLocation.FAIRY_RING_ZANARIS_TO_KHARID	Fairy Ring to Al Kharid	0.0	
poi_007398	poi_007398	transportation	2451	4471	0	false	true	unresolved	Fairy Ring to Shack	Destination / Route: Fairy Ring to Shack\nCheck travel route for fares or quest requirements	Pre-consolidation PoiIndex/PoiDetails snapshot; identity not globally verified; poi/curated-details.tsv:1588	TransportationPointLocation.FAIRY_RING_ZANARIS_TO_SHACK	Fairy Ring to Shack	0.0	
poi_007399	poi_007399	transportation	3674	3871	0	false	true	unresolved	Mushtree	Destination / Route: Mushtree\nCheck travel route for fares or quest requirements	Pre-consolidation PoiIndex/PoiDetails snapshot; identity not globally verified; poi/curated-details.tsv:1589	TransportationPointLocation.MUSHTREE_MUSHROOM_FOREST	Mushtree	0.0	
poi_007400	poi_007400	transportation	3676	3755	0	false	true	unresolved	Mushtree	Destination / Route: Mushtree\nCheck travel route for fares or quest requirements	Pre-consolidation PoiIndex/PoiDetails snapshot; identity not globally verified; poi/curated-details.tsv:1590	TransportationPointLocation.MUSHTREE_TAR_SWAMP	Mushtree	0.0	
poi_007401	poi_007401	transportation	3757	3756	0	false	true	unresolved	Mushtree	Destination / Route: Mushtree\nCheck travel route for fares or quest requirements	Pre-consolidation PoiIndex/PoiDetails snapshot; identity not globally verified; poi/curated-details.tsv:1591	TransportationPointLocation.MUSHTREE_VERDANT_VALLEY	Mushtree	0.0	
poi_007402	poi_007402	transportation	2456	2856	0	false	true	unresolved	Portal to Guilds	Destination / Route: Portal to Guilds\nCheck travel route for fares or quest requirements	Pre-consolidation PoiIndex/PoiDetails snapshot; identity not globally verified; poi/curated-details.tsv:1592	TransportationPointLocation.MYTHS_GUILD_PORTAL	Portal to Guilds	0.0	
poi_007403	poi_007403	transportation	2204	2858	0	false	true	unresolved	Portal to Edgeville/Ferox Enclave	Destination / Route: Portal to Edgeville/Ferox Enclave\nCheck travel route for fares or quest requirements	Pre-consolidation PoiIndex/PoiDetails snapshot; identity not globally verified; poi/curated-details.tsv:1593	TransportationPointLocation.SOUL_WARS_PORTAL	Portal to Edgeville/Ferox Enclave	0.0	
poi_007404	poi_007404	transportation	2592	6424	0	false	true	unresolved	Teleporter - The Palace	Destination / Route: Teleporter - The Palace\nCheck travel route for fares or quest requirements	Pre-consolidation PoiIndex/PoiDetails snapshot; identity not globally verified; poi/curated-details.tsv:1594	TransportationPointLocation.TELEPORTER_THE_PALACE	Teleporter - The Palace	0.0	
poi_007405	poi_007405	transportation	2616	6417	0	false	true	unresolved	Teleporter - The Plaza	Destination / Route: Teleporter - The Plaza\nCheck travel route for fares or quest requirements	Pre-consolidation PoiIndex/PoiDetails snapshot; identity not globally verified; poi/curated-details.tsv:1595	TransportationPointLocation.TELEPORTER_THE_PLAZA	Teleporter - The Plaza	0.0	
poi_007406	poi_007406	transportation	2651	6405	0	false	true	unresolved	Teleporter - The Cathedral	Destination / Route: Teleporter - The Cathedral\nCheck travel route for fares or quest requirements	Pre-consolidation PoiIndex/PoiDetails snapshot; identity not globally verified; poi/curated-details.tsv:1596	TransportationPointLocation.TELEPORTER_THE_CATHEDRAL	Teleporter - The Cathedral	0.0	
poi_007407	poi_007407	transportation	2642	6434	0	false	true	unresolved	Teleporter - Western Residential District	Destination / Route: Teleporter - Western Residential District\nCheck travel route for fares or quest requirements	Pre-consolidation PoiIndex/PoiDetails snapshot; identity not globally verified; poi/curated-details.tsv:1597	TransportationPointLocation.TELEPORTER_WESTERN_RESIDENTIAL_DISTRICT	Teleporter - Western Residential District	0.0	
poi_007408	poi_007408	transportation	2690	6415	0	false	true	unresolved	Teleporter - Eastern Residential District	Destination / Route: Teleporter - Eastern Residential District\nCheck travel route for fares or quest requirements	Pre-consolidation PoiIndex/PoiDetails snapshot; identity not globally verified; poi/curated-details.tsv:1598	TransportationPointLocation.TELEPORTER_EASTERN_RESIDENTIAL_DISTRICT	Teleporter - Eastern Residential District	0.0	
poi_007409	poi_007409	transportation	2610	6379	0	false	true	unresolved	Teleporter - Northern Science District	Destination / Route: Teleporter - Northern Science District\nCheck travel route for fares or quest requirements	Pre-consolidation PoiIndex/PoiDetails snapshot; identity not globally verified; poi/curated-details.tsv:1599	TransportationPointLocation.TELEPORTER_NORTHERN_SCIENCE_DISTRICT	Teleporter - Northern Science District	0.0	
poi_007410	poi_007410	transportation	2598	6341	0	false	true	unresolved	Teleporter - Southern Science District	Destination / Route: Teleporter - Southern Science District\nCheck travel route for fares or quest requirements	Pre-consolidation PoiIndex/PoiDetails snapshot; identity not globally verified; poi/curated-details.tsv:1600	TransportationPointLocation.TELEPORTER_SOUTHERN_SCIENCE_DISTRICT	Teleporter - Southern Science District	0.0	
poi_007411	poi_007411	transportation	2941	10179	0	false	true	unresolved	Railway Station	Destination / Route: Railway Station\nCheck travel route for fares or quest requirements	Pre-consolidation PoiIndex/PoiDetails snapshot; identity not globally verified; poi/curated-details.tsv:1601	TransportationPointLocation.TRAIN_KELDAGRIM	Railway Station	0.0	
poi_007412	poi_007412	transportation	3154	3924	0	false	true	unresolved	Wilderness Lever to Ardougne/Edgeville	Destination / Route: Wilderness Lever to Ardougne/Edgeville\nCheck travel route for fares or quest requirements	Pre-consolidation PoiIndex/PoiDetails snapshot; identity not globally verified; poi/curated-details.tsv:1602	TransportationPointLocation.WILDERNESS_LEVER_WILDERNESS	Wilderness Lever to Ardougne/Edgeville	0.0	
poi_007413	poi_007413	transportation	2083	2732	0	false	true	unresolved	Return Portal	Destination / Route: Return Portal\nCheck travel route for fares or quest requirements	Pre-consolidation PoiIndex/PoiDetails snapshot; identity not globally verified; poi/curated-details.tsv:1603	TransportationPointLocation.SHIPYARD_RETURN	Return Portal	0.0	
poi_007414	poi_007414	quest_start	3208	3214	0	false	true	unresolved	Cook's Assistant	Start: Cook in Lumbridge Castle kitchen\nDifficulty: Novice • Length: Short\nReward: 1 Quest Point\nRequirements: 1x Bucket of milk, 1x Pot of flour	Pre-consolidation PoiIndex/PoiDetails snapshot; identity not globally verified; poi/curated-details.tsv:1618				no_same_type_snapshot_within_12_tiles
poi_007415	poi_007415	quest_start	3190	3272	0	false	true	unresolved	Sheep Shearer	Start: Fred the Farmer north of Lumbridge\nDifficulty: Novice • Length: Short\nReward: 1 Quest Point\nRequirements: 20x Balls of wool, Shears	Pre-consolidation PoiIndex/PoiDetails snapshot; identity not globally verified; poi/curated-details.tsv:1620				no_same_type_snapshot_within_12_tiles
poi_007416	poi_007416	quest_start	3203	3424	0	false	true	unresolved	Demon Slayer	Start: Gypsy Aris in Varrock Square\nDifficulty: Novice • Length: Medium\nReward: 3 Quest Points\nRequirements: Silverlight sword, 1x Coin	Pre-consolidation PoiIndex/PoiDetails snapshot; identity not globally verified; poi/curated-details.tsv:1621				no_same_type_snapshot_within_12_tiles
poi_007417	poi_007417	quest_start	3222	3474	0	false	true	unresolved	Shield of Arrav	Start: King Roald in Varrock Palace\nDifficulty: Novice • Length: Short\nReward: 1 Quest Point\nRequirements: Partner of opposing gang (Phoenix / Black Arm)	Pre-consolidation PoiIndex/PoiDetails snapshot; identity not globally verified; poi/curated-details.tsv:1622				no_same_type_snapshot_within_12_tiles
poi_007418	poi_007418	quest_start	3093	3357	0	false	true	unresolved	Animal Magnetism	Start: Ava in Draynor Manor\nDifficulty: Intermediate • Length: Medium\nReward: 1 Quest Point\nRequirements: 18 Slayer, 19 Crafting, 30 Ranged, 35 Woodcutting\nUnlocks: Ava's attractor / accumulator	Pre-consolidation PoiIndex/PoiDetails snapshot; identity not globally verified; poi/curated-details.tsv:1625				no_same_type_snapshot_within_12_tiles
poi_007419	poi_007419	quest_start	2951	3451	0	false	true	unresolved	Doric's Quest	Start: Doric north of Falador\nDifficulty: Novice • Length: Short\nReward: 1 Quest Point\nRequirements: 6x Clay, 4x Copper ore	Pre-consolidation PoiIndex/PoiDetails snapshot; identity not globally verified; poi/curated-details.tsv:1629				no_same_type_snapshot_within_12_tiles
poi_007420	poi_007420	quest_start	2961	3338	0	false	true	unresolved	Black Knights' Fortress	Start: Sir Amik Varze in Falador Castle\nDifficulty: Novice • Length: Short\nReward: 3 Quest Points\nRequirements: 12 Quest Points, Iron chainbody, Bronze med helm, Cabbage	Pre-consolidation PoiIndex/PoiDetails snapshot; identity not globally verified; poi/curated-details.tsv:1630				no_same_type_snapshot_within_12_tiles
poi_007421	poi_007421	quest_start	2575	3320	0	false	true	unresolved	Hazeel Cult	Start: Ceril Carnillean in south-west Ardougne\nDifficulty: Novice • Length: Short\nReward: 1 Quest Point\nRequirements: Carnillean armor / Hazeel scroll	Pre-consolidation PoiIndex/PoiDetails snapshot; identity not globally verified; poi/curated-details.tsv:1635				no_same_type_snapshot_within_12_tiles
poi_007422	poi_007422	quest_start	2568	3334	0	false	true	unresolved	Monk's Friend	Start: Brother Omad in Ardougne Monastery\nDifficulty: Novice • Length: Short\nReward: 1 Quest Point\nRequirements: 1x Jug of water, 1x Log	Pre-consolidation PoiIndex/PoiDetails snapshot; identity not globally verified; poi/curated-details.tsv:1636				no_same_type_snapshot_within_12_tiles
poi_007423	poi_007423	quest_start	2542	3169	0	false	true	unresolved	Tree Gnome Village	Start: King Bolren in Tree Gnome Village maze\nDifficulty: Intermediate • Length: Short\nReward: 2 Quest Points\nRequirements: 6x Logs, Protection prayers recommended	Pre-consolidation PoiIndex/PoiDetails snapshot; identity not globally verified; poi/curated-details.tsv:1637				no_same_type_snapshot_within_12_tiles
poi_007424	poi_007424	quest_start	2467	3497	0	false	true	unresolved	The Grand Tree	Start: King Narnode Shareen in Tree Gnome Stronghold\nDifficulty: Experienced • Length: Medium\nReward: 5 Quest Points\nRequirements: 25 Agility, Gnome glider transportation access	Pre-consolidation PoiIndex/PoiDetails snapshot; identity not globally verified; poi/curated-details.tsv:1638				no_same_type_snapshot_within_12_tiles
poi_007425	poi_007425	quest_start	2566	3461	0	false	true	unresolved	Fishing Contest	Start: Vestri at McGrubor's Wood / Dwarf entrance\nDifficulty: Novice • Length: Short\nReward: 1 Quest Point\nRequirements: 10 Fishing, Garlic, Fishing rod, Red vine worms	Pre-consolidation PoiIndex/PoiDetails snapshot; identity not globally verified; poi/curated-details.tsv:1640				no_same_type_snapshot_within_12_tiles
poi_007426	poi_007426	quest_start	3305	3160	0	false	true	unresolved	The Feud	Start: Ali Morrisane in Al Kharid / Rug merchant\nDifficulty: Intermediate • Length: Medium\nReward: 1 Quest Point\nRequirements: 30 Thieving, Blackjack, Rogue trader minigame	Pre-consolidation PoiIndex/PoiDetails snapshot; identity not globally verified; poi/curated-details.tsv:1657				no_same_type_snapshot_within_12_tiles
poi_007427	poi_007427	quest_start	3175	3040	0	false	true	unresolved	Desert Treasure I	Start: Archaeologist at Bedabin Camp\nDifficulty: Master • Length: Long\nReward: 3 Quest Points\nRequirements: The Dig Site, Temple of Ikov, Tourist Trap,\nTroll Stronghold, Priest in Peril, 53 Thieving, 50 Magic, 50 FM	Pre-consolidation PoiIndex/PoiDetails snapshot; identity not globally verified; poi/curated-details.tsv:1659				no_same_type_snapshot_within_12_tiles
poi_007428	poi_007428	quest_start	3211	3424	0	false	true	unresolved	Children of the Sun	Start: Noah and Alina in Varrock Square\nDifficulty: Novice • Length: Short\nReward: 1 Quest Point\nRequirements: None, Unlocks Varlamore access & Quetzal transport	Pre-consolidation PoiIndex/PoiDetails snapshot; identity not globally verified; poi/curated-details.tsv:1679				no_same_type_snapshot_within_12_tiles
poi_metadata_000218	poi_metadata_000218	dungeon	3007	3150	0	false	false	unresolved	Asgarnian Ice Dungeon	Type: Dungeon entrance / underground link\nMay require light source, rope, or combat gear	poi/curated-details.tsv:218; retained metadata, not a newly inferred marker	DungeonLocation.ASGARNIAN_ICE	Asgarnian Ice Dungeon	0.0	
poi_metadata_000250	poi_metadata_000250	dungeon	3018	3450	0	false	false	unresolved	Dwarven Mine	Type: Dungeon entrance / underground link\nMay require light source, rope, or combat gear	poi/curated-details.tsv:250; retained metadata, not a newly inferred marker	DungeonLocation.DWARVEN_MINE	Dwarven Mine	1.0	
poi_metadata_000321	poi_metadata_000321	dungeon	2142	3944	0	false	false	unresolved	Lunar Isle Mine	Type: Dungeon entrance / underground link\nMay require light source, rope, or combat gear	poi/curated-details.tsv:321; retained metadata, not a newly inferred marker	DungeonLocation.LUNAR_ISLE	Lunar Isle Mine	1.0	
poi_metadata_000332	poi_metadata_000332	dungeon	3059	9764	0	false	false	unresolved	Motherlode Mine	Type: Dungeon interior (underground layer)\nVisible on the dungeon / underground map	poi/curated-details.tsv:332; retained metadata, not a newly inferred marker	DungeonLocation.MOTHERLODE_MINE	Motherlode Mine	0.0	
poi_metadata_000364	poi_metadata_000364	dungeon	3244	3949	0	false	false	unresolved	Scorpia cave	Type: Dungeon entrance / underground link\nMay require light source, rope, or combat gear	poi/curated-details.tsv:364; retained metadata, not a newly inferred marker	DungeonLocation.SCORPIA_E	Scorpia cave	1.0	
poi_metadata_000365	poi_metadata_000365	dungeon	3231	3952	0	false	false	unresolved	Scorpia cave	Type: Dungeon entrance / underground link\nMay require light source, rope, or combat gear	poi/curated-details.tsv:365; retained metadata, not a newly inferred marker	DungeonLocation.SCORPIA_N	Scorpia cave	1.0	
poi_metadata_000366	poi_metadata_000366	dungeon	3232	3936	0	false	false	unresolved	Scorpia cave	Type: Dungeon entrance / underground link\nMay require light source, rope, or combat gear	poi/curated-details.tsv:366; retained metadata, not a newly inferred marker	DungeonLocation.SCORPIA_S	Scorpia cave	1.0	
poi_metadata_000368	poi_metadata_000368	dungeon	3485	3321	0	false	false	unresolved	Shade Catacombs	Type: Dungeon entrance / underground link\nMay require light source, rope, or combat gear	poi/curated-details.tsv:368; retained metadata, not a newly inferred marker	DungeonLocation.SHADE_CATACOMBS	Shade Catacombs	1.0	
poi_metadata_000370	poi_metadata_000370	dungeon	1483	3549	0	false	false	unresolved	Shayzien Crypts	Type: Dungeon entrance / underground link\nShayzien zombies and skeletal warriors under the cemetery	poi/curated-details.tsv:370; retained metadata, not a newly inferred marker; poi/curated-details.tsv:371	DungeonLocation.SHAYZIEN_CRYPTS	Shayzien Crypts	1.0	
poi_metadata_000385	poi_metadata_000385	dungeon	1296	3374	0	false	false	unresolved	Stalker Den	Type: Dungeon entrance / underground link\nMay require light source, rope, or combat gear	poi/curated-details.tsv:385; retained metadata, not a newly inferred marker	DungeonLocation.STALKER_DEN_W	Stalker Den	0.0	
poi_metadata_000405	poi_metadata_000405	dungeon	2839	3690	0	false	false	unresolved	Troll Stronghold	Type: Dungeon entrance / underground link\nMay require light source, rope, or combat gear	poi/curated-details.tsv:405; retained metadata, not a newly inferred marker	DungeonLocation.TROLL_STRONGHOLD	Troll Stronghold	1.0	
poi_metadata_000406	poi_metadata_000406	dungeon	2831	3677	0	false	false	unresolved	Troll Stronghold	Type: Dungeon entrance / underground link\nMay require light source, rope, or combat gear	poi/curated-details.tsv:406; retained metadata, not a newly inferred marker	DungeonLocation.TROLL_STRONGHOLD_ROOF	Troll Stronghold	1.0	
poi_metadata_000407	poi_metadata_000407	dungeon	2827	3647	0	false	false	unresolved	Troll Stronghold	Type: Dungeon entrance / underground link\nMay require light source, rope, or combat gear	poi/curated-details.tsv:407; retained metadata, not a newly inferred marker	DungeonLocation.TROLL_STRONGHOLD_MOUNTAIN	Troll Stronghold	1.0	
poi_metadata_000468	poi_metadata_000468	dungeon	3748	2973	0	false	false	unresolved	Mos Le'Harmless Caves Entrance	Type: Dungeon entrance / underground link\nCave horror & witchwood icon cavern entrance	poi/curated-details.tsv:468; retained metadata, not a newly inferred marker	DungeonLocation.MOS_LE_HARMLESS	Mos Le'Harmless Cave	1.0	
poi_metadata_000494	poi_metadata_000494	basement	3210	9616	0	false	false	unresolved	Lumbridge Castle Cellar	Type: Dungeon interior (underground layer)\nVisible on the dungeon / underground map	poi/curated-details.tsv:494; retained metadata, not a newly inferred marker				no_same_type_snapshot_within_12_tiles
poi_metadata_000495	poi_metadata_000495	dungeon	3237	9859	0	false	false	unresolved	Varrock Sewers	Type: Dungeon interior (underground layer)\nVisible on the dungeon / underground map	poi/curated-details.tsv:495; retained metadata, not a newly inferred marker	DungeonLocation.MOTHERLODE_MINE	Motherlode Mine	201.765	no_same_type_snapshot_within_12_tiles
poi_metadata_000496	poi_metadata_000496	dungeon	2884	9798	0	false	false	unresolved	Taverley Dungeon	Type: Dungeon interior (underground layer)\nVisible on the dungeon / underground map	poi/curated-details.tsv:496; retained metadata, not a newly inferred marker	DungeonLocation.MOTHERLODE_MINE	Motherlode Mine	178.272	no_same_type_snapshot_within_12_tiles
poi_metadata_000497	poi_metadata_000497	dungeon	3018	9850	0	false	false	unresolved	Dwarven Mine	Type: Dungeon interior (underground layer)\nVisible on the dungeon / underground map	poi/curated-details.tsv:497; retained metadata, not a newly inferred marker	DungeonLocation.MOTHERLODE_MINE	Motherlode Mine	95.273	no_same_type_snapshot_within_12_tiles
poi_metadata_000498	poi_metadata_000498	dungeon	3019	9739	0	false	false	unresolved	Mining Guild	Type: Dungeon interior (underground layer)\nVisible on the dungeon / underground map	poi/curated-details.tsv:498; retained metadata, not a newly inferred marker	DungeonLocation.MOTHERLODE_MINE_GUILD	Motherlode Mine	36.346	no_same_type_snapshot_within_12_tiles
poi_metadata_000500	poi_metadata_000500	dungeon	3096	9869	0	false	false	unresolved	Edgeville Dungeon	Type: Dungeon interior (underground layer)\nVisible on the dungeon / underground map	poi/curated-details.tsv:500; retained metadata, not a newly inferred marker	DungeonLocation.MOTHERLODE_MINE	Motherlode Mine	111.328	no_same_type_snapshot_within_12_tiles
poi_metadata_000501	poi_metadata_000501	dungeon	1664	10048	0	false	false	unresolved	Catacombs of Kourend	Type: Dungeon interior (underground layer)\nVisible on the dungeon / underground map	poi/curated-details.tsv:501; retained metadata, not a newly inferred marker	DungeonLocation.CRABCLAW_CAVES_TUNNEL	Crabclaw Caves Tunnel (quest)	248.099	no_same_type_snapshot_within_12_tiles
poi_metadata_000502	poi_metadata_000502	dungeon	2713	9564	0	false	false	unresolved	Brimhaven Dungeon	Type: Dungeon interior (underground layer)\nVisible on the dungeon / underground map	poi/curated-details.tsv:502; retained metadata, not a newly inferred marker	DungeonLocation.TZHAAR_CITY	TzHaar City (Mor Ul Rek)	149.215	no_same_type_snapshot_within_12_tiles
poi_metadata_000503	poi_metadata_000503	dungeon	2855	9568	0	false	false	unresolved	Karamja and Crandor Dungeon	Type: Dungeon interior (underground layer)\nVisible on the dungeon / underground map	poi/curated-details.tsv:503; retained metadata, not a newly inferred marker	DungeonLocation.TZHAAR_CITY	TzHaar City (Mor Ul Rek)	8.062	
poi_metadata_000508	poi_metadata_000508	dungeon	2838	9387	0	false	false	unresolved	Shilo Village Gem Mine	Type: Dungeon interior (underground layer)\nVisible on the dungeon / underground map	poi/curated-details.tsv:508; retained metadata, not a newly inferred marker	DungeonLocation.TZHAAR_CITY	TzHaar City (Mor Ul Rek)	186.55	no_same_type_snapshot_within_12_tiles
poi_metadata_000536	poi_metadata_000536	dungeon	3045	10327	0	false	false	unresolved	Deep Wilderness Dungeon	Type: Dungeon interior (underground layer)\nVisible on the dungeon / underground map	poi/curated-details.tsv:536; retained metadata, not a newly inferred marker	DungeonLocation.RIVER_KELDA	River Kelda	300.541	no_same_type_snapshot_within_12_tiles
poi_metadata_000545	poi_metadata_000545	dungeon	1247	9503	0	false	false	unresolved	Dragon Nest	Type: Dungeon interior (underground layer)\nTlati Rainforest dragon nest • Red & blue dragons, Scrambled!	poi/curated-details.tsv:545; retained metadata, not a newly inferred marker	DungeonLocation.NEYPOTZLI	Neypotzli	216.021	no_same_type_snapshot_within_12_tiles
poi_metadata_000549	poi_metadata_000549	dungeon	1308	9963	0	false	false	unresolved	Lizardman Caves	Type: Dungeon interior (underground layer)\nVisible on the dungeon / underground map	poi/curated-details.tsv:549; retained metadata, not a newly inferred marker	DungeonLocation.NEYPOTZLI	Neypotzli	384.034	no_same_type_snapshot_within_12_tiles
poi_metadata_000550	poi_metadata_000550	dungeon	1432	9913	0	false	false	unresolved	Giants' Den	Type: Dungeon interior (underground layer)\nVisible on the dungeon / underground map	poi/curated-details.tsv:550; retained metadata, not a newly inferred marker	DungeonLocation.CRABCLAW_CAVES_TUNNEL	Crabclaw Caves Tunnel (quest)	264.367	no_same_type_snapshot_within_12_tiles
poi_metadata_000551	poi_metadata_000551	dungeon	1641	9576	0	false	false	unresolved	Fortis Barracks	Type: Dungeon interior (underground layer)\nVisible on the dungeon / underground map	poi/curated-details.tsv:551; retained metadata, not a newly inferred marker	DungeonLocation.NEYPOTZLI	Neypotzli	203.666	no_same_type_snapshot_within_12_tiles
poi_metadata_000554	poi_metadata_000554	dungeon	2845	10351	0	false	false	unresolved	Weiss Salt Mine	Type: Dungeon interior (underground layer)\nVisible on the dungeon / underground map	poi/curated-details.tsv:554; retained metadata, not a newly inferred marker	DungeonLocation.RIVER_KELDA	River Kelda	239.209	no_same_type_snapshot_within_12_tiles
poi_metadata_000558	poi_metadata_000558	basement	3117	9753	0	false	false	unresolved	Draynor Manor Basement	Type: Dungeon interior (underground layer)\nVisible on the dungeon / underground map	poi/curated-details.tsv:558; retained metadata, not a newly inferred marker				no_same_type_snapshot_within_12_tiles
poi_metadata_000560	poi_metadata_000560	dungeon	2962	9650	0	false	false	unresolved	Port Sarim Rat Pits	Type: Dungeon interior (underground layer)\nVisible on the dungeon / underground map	poi/curated-details.tsv:560; retained metadata, not a newly inferred marker	DungeonLocation.TZHAAR_CITY	TzHaar City (Mor Ul Rek)	126.823	no_same_type_snapshot_within_12_tiles
poi_metadata_000561	poi_metadata_000561	dungeon	2272	4705	0	false	false	unresolved	King Black Dragon Lair	Type: Dungeon interior (underground layer)\nVisible on the dungeon / underground map	poi/curated-details.tsv:561; retained metadata, not a newly inferred marker	DungeonLocation.JORMUNGANDS_PRISON	Jormungand's Prison	719.106	no_same_type_snapshot_within_12_tiles
poi_metadata_000562	poi_metadata_000562	dungeon	1248	10089	0	false	false	unresolved	Hespori Cave	Type: Dungeon interior (underground layer)\nVisible on the dungeon / underground map	poi/curated-details.tsv:562; retained metadata, not a newly inferred marker	DungeonLocation.CRABCLAW_CAVES_TUNNEL	Crabclaw Caves Tunnel (quest)	512.299	no_same_type_snapshot_within_12_tiles
poi_metadata_000563	poi_metadata_000563	dungeon	1286	9775	0	false	false	unresolved	Stalker Den	Type: Dungeon interior (underground layer)\nVisible on the dungeon / underground map	poi/curated-details.tsv:563; retained metadata, not a newly inferred marker	DungeonLocation.NEYPOTZLI	Neypotzli	230.95	no_same_type_snapshot_within_12_tiles
poi_metadata_000571	poi_metadata_000571	dungeon	2808	10002	0	false	false	unresolved	Fremennik Slayer Dungeon	Type: Dungeon interior (underground layer)\nVisible on the dungeon / underground map	poi/curated-details.tsv:571; retained metadata, not a newly inferred marker	DungeonLocation.RIVER_KELDA	River Kelda	113.265	no_same_type_snapshot_within_12_tiles
poi_metadata_000577	poi_metadata_000577	dungeon	2632	9694	0	false	false	unresolved	Ardougne Sewers & Underground	Type: Dungeon interior (underground layer)\nVisible on the dungeon / underground map	poi/curated-details.tsv:577; retained metadata, not a newly inferred marker	DungeonLocation.TZHAAR_CITY	TzHaar City (Mor Ul Rek)	260.354	no_same_type_snapshot_within_12_tiles
poi_metadata_000583	poi_metadata_000583	dungeon	2881	5310	2	false	false	unresolved	God Wars Dungeon	Type: Dungeon interior (underground layer)\nVisible on the dungeon / underground map	poi/curated-details.tsv:583; retained metadata, not a newly inferred marker				no_same_type_snapshot_within_12_tiles
poi_metadata_000585	poi_metadata_000585	basement	3104	9576	0	false	false	unresolved	Wizards' Tower Basement	Type: Dungeon interior (underground layer)\nVisible on the dungeon / underground map	poi/curated-details.tsv:585; retained metadata, not a newly inferred marker				no_same_type_snapshot_within_12_tiles
poi_metadata_000588	poi_metadata_000588	basement	3405	9906	0	false	false	unresolved	Paterdomus Basement	Type: Dungeon interior (underground layer)\nVisible on the dungeon / underground map	poi/curated-details.tsv:588; retained metadata, not a newly inferred marker				no_same_type_snapshot_within_12_tiles
poi_metadata_000598	poi_metadata_000598	basement	2907	9968	0	false	false	unresolved	Warriors' Guild Basement	Type: Dungeon interior (underground layer)\nVisible on the dungeon / underground map	poi/curated-details.tsv:598; retained metadata, not a newly inferred marker				no_same_type_snapshot_within_12_tiles
poi_metadata_000601	poi_metadata_000601	dungeon	2462	9896	0	false	false	unresolved	Grand Tree Tunnels	Type: Dungeon interior (underground layer)\nVisible on the dungeon / underground map	poi/curated-details.tsv:601; retained metadata, not a newly inferred marker	DungeonLocation.KRAKEN_BOSS	Kraken (boss)	219.386	no_same_type_snapshot_within_12_tiles
poi_metadata_000605	poi_metadata_000605	dungeon	1971	9035	1	false	false	unresolved	Corsair Cove Dungeon	Type: Dungeon interior (underground layer)\nVisible on the dungeon / underground map	poi/curated-details.tsv:605; retained metadata, not a newly inferred marker				no_same_type_snapshot_within_12_tiles
poi_metadata_000609	poi_metadata_000609	dungeon	2847	9916	0	false	false	unresolved	Ice Queen's Lair	Type: Dungeon interior (underground layer)\nVisible on the dungeon / underground map	poi/curated-details.tsv:609; retained metadata, not a newly inferred marker	DungeonLocation.RIVER_KELDA	River Kelda	196.367	no_same_type_snapshot_within_12_tiles
poi_metadata_000611	poi_metadata_000611	dungeon	2876	9878	0	false	false	unresolved	White Wolf Tunnel	Type: Dungeon interior (underground layer)\nVisible on the dungeon / underground map	poi/curated-details.tsv:611; retained metadata, not a newly inferred marker	DungeonLocation.MOTHERLODE_MINE	Motherlode Mine	215.604	no_same_type_snapshot_within_12_tiles
poi_metadata_000613	poi_metadata_000613	dungeon	2967	4382	2	false	false	unresolved	Corporeal Beast Lair	Type: Dungeon interior (underground layer)\nVisible on the dungeon / underground map	poi/curated-details.tsv:613; retained metadata, not a newly inferred marker				no_same_type_snapshot_within_12_tiles
poi_metadata_000627	poi_metadata_000627	dungeon	1308	10207	0	false	false	unresolved	Karuulm Slayer Dungeon	Type: Dungeon interior (underground layer)\nVisible on the dungeon / underground map	poi/curated-details.tsv:627; retained metadata, not a newly inferred marker	DungeonLocation.CRABCLAW_CAVES_TUNNEL	Crabclaw Caves Tunnel (quest)	545.36	no_same_type_snapshot_within_12_tiles
poi_metadata_000633	poi_metadata_000633	dungeon	2433	9715	0	false	false	unresolved	Underground Pass	Type: Dungeon interior (underground layer)\nVisible on the dungeon / underground map	poi/curated-details.tsv:633; retained metadata, not a newly inferred marker	DungeonLocation.SMOKE_DEVIL_BOSS	Thermonuclear Smoke Devil (boss)	268.896	no_same_type_snapshot_within_12_tiles
poi_metadata_000636	poi_metadata_000636	dungeon	2622	9793	0	false	false	unresolved	Goblin Cave	Type: Dungeon interior (underground layer)\nVisible on the dungeon / underground map	poi/curated-details.tsv:636; retained metadata, not a newly inferred marker	DungeonLocation.TZHAAR_CITY	TzHaar City (Mor Ul Rek)	326.253	no_same_type_snapshot_within_12_tiles
poi_metadata_000637	poi_metadata_000637	dungeon	2568	9522	0	false	false	unresolved	Yanille Agility Dungeon	Type: Dungeon interior (underground layer)\nVisible on the dungeon / underground map	poi/curated-details.tsv:637; retained metadata, not a newly inferred marker	DungeonLocation.SMOKE_DEVIL_BOSS	Thermonuclear Smoke Devil (boss)	203.423	no_same_type_snapshot_within_12_tiles
poi_metadata_000638	poi_metadata_000638	dungeon	3747	9373	0	false	false	unresolved	Mos Le'Harmless Cave	Type: Dungeon interior (underground layer)\nVisible on the dungeon / underground map	poi/curated-details.tsv:638; retained metadata, not a newly inferred marker	DungeonLocation.TOMBS_OF_AMASCUT	Tombs of Amascut	411.108	no_same_type_snapshot_within_12_tiles
poi_metadata_000640	poi_metadata_000640	dungeon	3168	9572	0	false	false	unresolved	Lumbridge Swamp Caves	Type: Dungeon interior (underground layer)\nVisible on the dungeon / underground map	poi/curated-details.tsv:640; retained metadata, not a newly inferred marker	DungeonLocation.MOTHERLODE_MINE_GUILD	Motherlode Mine	205.798	no_same_type_snapshot_within_12_tiles
poi_metadata_000642	poi_metadata_000642	dungeon	2695	9683	0	false	false	unresolved	Witchaven Dungeon	Type: Dungeon interior (underground layer)\nVisible on the dungeon / underground map	poi/curated-details.tsv:642; retained metadata, not a newly inferred marker	DungeonLocation.TZHAAR_CITY	TzHaar City (Mor Ul Rek)	200.524	no_same_type_snapshot_within_12_tiles
poi_metadata_000643	poi_metadata_000643	dungeon	2860	9948	0	false	false	unresolved	Ice Queen's Lair	Type: Dungeon interior (underground layer)\nVisible on the dungeon / underground map	poi/curated-details.tsv:643; retained metadata, not a newly inferred marker	DungeonLocation.RIVER_KELDA	River Kelda	165.895	no_same_type_snapshot_within_12_tiles
poi_metadata_000645	poi_metadata_000645	dungeon	2272	4320	0	false	false	unresolved	Sophanem Dungeon	Type: Dungeon interior (underground layer)\nVisible on the dungeon / underground map	poi/curated-details.tsv:645; retained metadata, not a newly inferred marker	DungeonLocation.JORMUNGANDS_PRISON	Jormungand's Prison	362.944	no_same_type_snapshot_within_12_tiles
poi_metadata_000646	poi_metadata_000646	dungeon	1432	10070	0	false	false	unresolved	Chasm of Fire	Type: Dungeon interior (underground layer)\nVisible on the dungeon / underground map	poi/curated-details.tsv:646; retained metadata, not a newly inferred marker	DungeonLocation.CRABCLAW_CAVES_TUNNEL	Crabclaw Caves Tunnel (quest)	360.584	no_same_type_snapshot_within_12_tiles
poi_metadata_000648	poi_metadata_000648	dungeon	1306	9974	0	false	false	unresolved	Lizardman Caves	Type: Dungeon interior (underground layer)\nVisible on the dungeon / underground map	poi/curated-details.tsv:648; retained metadata, not a newly inferred marker	DungeonLocation.NEYPOTZLI	Neypotzli	395.061	no_same_type_snapshot_within_12_tiles
poi_metadata_000649	poi_metadata_000649	dungeon	1643	9849	0	false	false	unresolved	Crabclaw Caves	Type: Dungeon interior (underground layer)\nVisible on the dungeon / underground map	poi/curated-details.tsv:649; retained metadata, not a newly inferred marker	DungeonLocation.CRABCLAW_CAVES_TUNNEL	Crabclaw Caves Tunnel (quest)	56.436	no_same_type_snapshot_within_12_tiles
poi_metadata_000651	poi_metadata_000651	dungeon	3243	10349	0	false	false	unresolved	Scorpia cave	Type: Dungeon interior (underground layer)\nVisible on the dungeon / underground map	poi/curated-details.tsv:651; retained metadata, not a newly inferred marker	DungeonLocation.RIVER_KELDA	River Kelda	471.84	no_same_type_snapshot_within_12_tiles
poi_metadata_000652	poi_metadata_000652	dungeon	3423	10203	2	false	false	unresolved	Silk Chasm	Type: Dungeon interior (underground layer)\nVisible on the dungeon / underground map	poi/curated-details.tsv:652; retained metadata, not a newly inferred marker				no_same_type_snapshot_within_12_tiles
poi_metadata_000653	poi_metadata_000653	dungeon	3016	10139	0	false	false	unresolved	Wilderness God Wars Dungeon	Type: Dungeon interior (underground layer)\nVisible on the dungeon / underground map	poi/curated-details.tsv:653; retained metadata, not a newly inferred marker	DungeonLocation.RIVER_KELDA	River Kelda	183.003	no_same_type_snapshot_within_12_tiles
poi_metadata_000656	poi_metadata_000656	dungeon	3068	10256	0	false	false	unresolved	Lava Maze Dungeon	Type: Dungeon interior (underground layer)\nVisible on the dungeon / underground map	poi/curated-details.tsv:656; retained metadata, not a newly inferred marker	DungeonLocation.RIVER_KELDA	River Kelda	273.907	no_same_type_snapshot_within_12_tiles
poi_metadata_000664	poi_metadata_000664	dungeon	2427	9824	0	false	false	unresolved	Stronghold Slayer Dungeon	Type: Dungeon interior (underground layer)\nVisible on the dungeon / underground map	poi/curated-details.tsv:664; retained metadata, not a newly inferred marker	DungeonLocation.KRAKEN_BOSS	Kraken (boss)	243.214	no_same_type_snapshot_within_12_tiles
poi_metadata_000665	poi_metadata_000665	dungeon	2409	9812	0	false	false	unresolved	Brimstail's Cave	Type: Dungeon interior (underground layer)\nVisible on the dungeon / underground map	poi/curated-details.tsv:665; retained metadata, not a newly inferred marker	DungeonLocation.KRAKEN_BOSS	Kraken (boss)	242.745	no_same_type_snapshot_within_12_tiles
poi_metadata_000666	poi_metadata_000666	dungeon	2562	9756	0	false	false	unresolved	Chaos Druid Tower dungeon	Type: Dungeon interior (underground layer)\nVisible on the dungeon / underground map	poi/curated-details.tsv:666; retained metadata, not a newly inferred marker	DungeonLocation.TZHAAR_CITY	TzHaar City (Mor Ul Rek)	351.932	no_same_type_snapshot_within_12_tiles
poi_metadata_000667	poi_metadata_000667	dungeon	2568	9627	0	false	false	unresolved	Clock Tower Dungeon	Type: Dungeon interior (underground layer)\nVisible on the dungeon / underground map	poi/curated-details.tsv:667; retained metadata, not a newly inferred marker	DungeonLocation.SMOKE_DEVIL_BOSS	Thermonuclear Smoke Devil (boss)	259.048	no_same_type_snapshot_within_12_tiles
poi_metadata_000670	poi_metadata_000670	dungeon	2893	9907	0	false	false	unresolved	Heroes' Guild mine	Type: Dungeon interior (underground layer)\nVisible on the dungeon / underground map	poi/curated-details.tsv:670; retained metadata, not a newly inferred marker	DungeonLocation.RIVER_KELDA	River Kelda	213.047	no_same_type_snapshot_within_12_tiles
poi_metadata_000672	poi_metadata_000672	dungeon	3083	9672	0	false	false	unresolved	Draynor Sewers	Type: Dungeon interior (underground layer)\nVisible on the dungeon / underground map	poi/curated-details.tsv:672; retained metadata, not a newly inferred marker	DungeonLocation.MOTHERLODE_MINE_GUILD	Motherlode Mine	77.253	no_same_type_snapshot_within_12_tiles
